order	proposed_category	template_symbol	proposed_mlir_file	physical_occurrences	domain	source_bitcode	bundles
1	Cube/Copy/copy1d	load_gm_to_cbuf_1d_bfloat16_t	Cube/Copy/copy1d/load_gm_to_cbuf_1d_bfloat16_t.mlir	1	Cube	Cube/Copy1D.aic.c310.bc	meta_op.aic.c310.bc
1	Cube/Copy/copy1d	load_gm_to_cbuf_1d_float	Cube/Copy/copy1d/load_gm_to_cbuf_1d_float.mlir	1	Cube	Cube/Copy1D.aic.c310.bc	meta_op.aic.c310.bc
1	Cube/Copy/copy1d	load_gm_to_cbuf_1d_half	Cube/Copy/copy1d/load_gm_to_cbuf_1d_half.mlir	1	Cube	Cube/Copy1D.aic.c310.bc	meta_op.aic.c310.bc
1	Cube/Copy/copy1d	load_gm_to_cbuf_1d_int16_t	Cube/Copy/copy1d/load_gm_to_cbuf_1d_int16_t.mlir	1	Cube	Cube/Copy1D.aic.c310.bc	meta_op.aic.c310.bc
1	Cube/Copy/copy1d	load_gm_to_cbuf_1d_int32_t	Cube/Copy/copy1d/load_gm_to_cbuf_1d_int32_t.mlir	1	Cube	Cube/Copy1D.aic.c310.bc	meta_op.aic.c310.bc
1	Cube/Copy/copy1d	load_gm_to_cbuf_1d_int8_t	Cube/Copy/copy1d/load_gm_to_cbuf_1d_int8_t.mlir	1	Cube	Cube/Copy1D.aic.c310.bc	meta_op.aic.c310.bc
1	Cube/Copy/copy1d	load_gm_to_cbuf_1d_uint16_t	Cube/Copy/copy1d/load_gm_to_cbuf_1d_uint16_t.mlir	1	Cube	Cube/Copy1D.aic.c310.bc	meta_op.aic.c310.bc
1	Cube/Copy/copy1d	load_gm_to_cbuf_1d_uint32_t	Cube/Copy/copy1d/load_gm_to_cbuf_1d_uint32_t.mlir	1	Cube	Cube/Copy1D.aic.c310.bc	meta_op.aic.c310.bc
1	Cube/Copy/copy1d	load_gm_to_cbuf_1d_uint8_t	Cube/Copy/copy1d/load_gm_to_cbuf_1d_uint8_t.mlir	1	Cube	Cube/Copy1D.aic.c310.bc	meta_op.aic.c310.bc
1	Cube/Copy/l1-to-ub	l12ub_4d_to_2d_bfloat16_t	Cube/Copy/l1-to-ub/l12ub_4d_to_2d_bfloat16_t.mlir	1	Cube	Cube/l12ub.aic.c310.bc	meta_op.aic.c310.bc
1	Cube/Copy/l1-to-ub	l12ub_4d_to_2d_float	Cube/Copy/l1-to-ub/l12ub_4d_to_2d_float.mlir	1	Cube	Cube/l12ub.aic.c310.bc	meta_op.aic.c310.bc
1	Cube/Copy/l1-to-ub	l12ub_4d_to_2d_half	Cube/Copy/l1-to-ub/l12ub_4d_to_2d_half.mlir	1	Cube	Cube/l12ub.aic.c310.bc	meta_op.aic.c310.bc
1	Cube/Copy/l1-to-ub	l12ub_4d_to_2d_int16_t	Cube/Copy/l1-to-ub/l12ub_4d_to_2d_int16_t.mlir	1	Cube	Cube/l12ub.aic.c310.bc	meta_op.aic.c310.bc
1	Cube/Copy/l1-to-ub	l12ub_4d_to_2d_int32_t	Cube/Copy/l1-to-ub/l12ub_4d_to_2d_int32_t.mlir	1	Cube	Cube/l12ub.aic.c310.bc	meta_op.aic.c310.bc
1	Cube/Copy/l1-to-ub	l12ub_4d_to_2d_int64_t	Cube/Copy/l1-to-ub/l12ub_4d_to_2d_int64_t.mlir	1	Cube	Cube/l12ub.aic.c310.bc	meta_op.aic.c310.bc
1	Cube/Copy/l1-to-ub	l12ub_4d_to_2d_int8_t	Cube/Copy/l1-to-ub/l12ub_4d_to_2d_int8_t.mlir	1	Cube	Cube/l12ub.aic.c310.bc	meta_op.aic.c310.bc
1	Cube/Copy/l1-to-ub	l12ub_4d_to_2d_uint16_t	Cube/Copy/l1-to-ub/l12ub_4d_to_2d_uint16_t.mlir	1	Cube	Cube/l12ub.aic.c310.bc	meta_op.aic.c310.bc
1	Cube/Copy/l1-to-ub	l12ub_4d_to_2d_uint32_t	Cube/Copy/l1-to-ub/l12ub_4d_to_2d_uint32_t.mlir	1	Cube	Cube/l12ub.aic.c310.bc	meta_op.aic.c310.bc
1	Cube/Copy/l1-to-ub	l12ub_4d_to_2d_uint64_t	Cube/Copy/l1-to-ub/l12ub_4d_to_2d_uint64_t.mlir	1	Cube	Cube/l12ub.aic.c310.bc	meta_op.aic.c310.bc
1	Cube/Copy/l1-to-ub	l12ub_4d_to_2d_uint8_t	Cube/Copy/l1-to-ub/l12ub_4d_to_2d_uint8_t.mlir	1	Cube	Cube/l12ub.aic.c310.bc	meta_op.aic.c310.bc
1	Cube/Copy/l1-to-ub	l12ub_5d_to_3d_bfloat16_t	Cube/Copy/l1-to-ub/l12ub_5d_to_3d_bfloat16_t.mlir	1	Cube	Cube/l12ub.aic.c310.bc	meta_op.aic.c310.bc
1	Cube/Copy/l1-to-ub	l12ub_5d_to_3d_float	Cube/Copy/l1-to-ub/l12ub_5d_to_3d_float.mlir	1	Cube	Cube/l12ub.aic.c310.bc	meta_op.aic.c310.bc
1	Cube/Copy/l1-to-ub	l12ub_5d_to_3d_half	Cube/Copy/l1-to-ub/l12ub_5d_to_3d_half.mlir	1	Cube	Cube/l12ub.aic.c310.bc	meta_op.aic.c310.bc
1	Cube/Copy/l1-to-ub	l12ub_5d_to_3d_int16_t	Cube/Copy/l1-to-ub/l12ub_5d_to_3d_int16_t.mlir	1	Cube	Cube/l12ub.aic.c310.bc	meta_op.aic.c310.bc
1	Cube/Copy/l1-to-ub	l12ub_5d_to_3d_int32_t	Cube/Copy/l1-to-ub/l12ub_5d_to_3d_int32_t.mlir	1	Cube	Cube/l12ub.aic.c310.bc	meta_op.aic.c310.bc
1	Cube/Copy/l1-to-ub	l12ub_5d_to_3d_int64_t	Cube/Copy/l1-to-ub/l12ub_5d_to_3d_int64_t.mlir	1	Cube	Cube/l12ub.aic.c310.bc	meta_op.aic.c310.bc
1	Cube/Copy/l1-to-ub	l12ub_5d_to_3d_int8_t	Cube/Copy/l1-to-ub/l12ub_5d_to_3d_int8_t.mlir	1	Cube	Cube/l12ub.aic.c310.bc	meta_op.aic.c310.bc
1	Cube/Copy/l1-to-ub	l12ub_5d_to_3d_uint16_t	Cube/Copy/l1-to-ub/l12ub_5d_to_3d_uint16_t.mlir	1	Cube	Cube/l12ub.aic.c310.bc	meta_op.aic.c310.bc
1	Cube/Copy/l1-to-ub	l12ub_5d_to_3d_uint32_t	Cube/Copy/l1-to-ub/l12ub_5d_to_3d_uint32_t.mlir	1	Cube	Cube/l12ub.aic.c310.bc	meta_op.aic.c310.bc
1	Cube/Copy/l1-to-ub	l12ub_5d_to_3d_uint64_t	Cube/Copy/l1-to-ub/l12ub_5d_to_3d_uint64_t.mlir	1	Cube	Cube/l12ub.aic.c310.bc	meta_op.aic.c310.bc
1	Cube/Copy/l1-to-ub	l12ub_5d_to_3d_uint8_t	Cube/Copy/l1-to-ub/l12ub_5d_to_3d_uint8_t.mlir	1	Cube	Cube/l12ub.aic.c310.bc	meta_op.aic.c310.bc
1	Cube/Fixpipe/dual-output	fixpipe_normal_dual_float_to_bfloat16_t_2d_to_2d_ubuf	Cube/Fixpipe/dual-output/fixpipe_normal_dual_float_to_bfloat16_t_2d_to_2d_ubuf.mlir	1	Cube	Cube/Fixpipe.aic.c310.bc	meta_op.aic.c310.bc
1	Cube/Fixpipe/dual-output	fixpipe_normal_dual_float_to_float_4d_to_4d_ubuf	Cube/Fixpipe/dual-output/fixpipe_normal_dual_float_to_float_4d_to_4d_ubuf.mlir	1	Cube	Cube/Fixpipe.aic.c310.bc	meta_op.aic.c310.bc
1	Cube/Fixpipe/dual-output	fixpipe_normal_dual_float_to_half_2d_to_2d_ubuf	Cube/Fixpipe/dual-output/fixpipe_normal_dual_float_to_half_2d_to_2d_ubuf.mlir	1	Cube	Cube/Fixpipe.aic.c310.bc	meta_op.aic.c310.bc
1	Cube/Fixpipe/dual-output	fixpipe_normal_dual_int32_t_to_int32_t_4d_to_4d_ubuf	Cube/Fixpipe/dual-output/fixpipe_normal_dual_int32_t_to_int32_t_4d_to_4d_ubuf.mlir	1	Cube	Cube/Fixpipe.aic.c310.bc	meta_op.aic.c310.bc
1	Cube/Fixpipe/dual-output	fixpipe_nz2dn_dual_float_to_bfloat16_t_4d_to_2d_ubuf	Cube/Fixpipe/dual-output/fixpipe_nz2dn_dual_float_to_bfloat16_t_4d_to_2d_ubuf.mlir	1	Cube	Cube/Fixpipe.aic.c310.bc	meta_op.aic.c310.bc
1	Cube/Fixpipe/dual-output	fixpipe_nz2dn_dual_float_to_float_4d_to_2d_ubuf	Cube/Fixpipe/dual-output/fixpipe_nz2dn_dual_float_to_float_4d_to_2d_ubuf.mlir	1	Cube	Cube/Fixpipe.aic.c310.bc	meta_op.aic.c310.bc
1	Cube/Fixpipe/dual-output	fixpipe_nz2dn_dual_float_to_half_4d_to_2d_ubuf	Cube/Fixpipe/dual-output/fixpipe_nz2dn_dual_float_to_half_4d_to_2d_ubuf.mlir	1	Cube	Cube/Fixpipe.aic.c310.bc	meta_op.aic.c310.bc
1	Cube/Fixpipe/dual-output	fixpipe_nz2dn_dual_float_to_int8_t_4d_to_2d_ubuf	Cube/Fixpipe/dual-output/fixpipe_nz2dn_dual_float_to_int8_t_4d_to_2d_ubuf.mlir	1	Cube	Cube/Fixpipe.aic.c310.bc	meta_op.aic.c310.bc
1	Cube/Fixpipe/dual-output	fixpipe_nz2dn_dual_float_to_uint8_t_4d_to_2d_ubuf	Cube/Fixpipe/dual-output/fixpipe_nz2dn_dual_float_to_uint8_t_4d_to_2d_ubuf.mlir	1	Cube	Cube/Fixpipe.aic.c310.bc	meta_op.aic.c310.bc
1	Cube/Fixpipe/dual-output	fixpipe_nz2dn_dual_int32_t_to_half_4d_to_2d_ubuf	Cube/Fixpipe/dual-output/fixpipe_nz2dn_dual_int32_t_to_half_4d_to_2d_ubuf.mlir	1	Cube	Cube/Fixpipe.aic.c310.bc	meta_op.aic.c310.bc
1	Cube/Fixpipe/dual-output	fixpipe_nz2dn_dual_int32_t_to_int32_t_4d_to_2d_ubuf	Cube/Fixpipe/dual-output/fixpipe_nz2dn_dual_int32_t_to_int32_t_4d_to_2d_ubuf.mlir	1	Cube	Cube/Fixpipe.aic.c310.bc	meta_op.aic.c310.bc
1	Cube/Fixpipe/dual-output	fixpipe_nz2dn_dual_int32_t_to_int8_t_4d_to_2d_ubuf	Cube/Fixpipe/dual-output/fixpipe_nz2dn_dual_int32_t_to_int8_t_4d_to_2d_ubuf.mlir	1	Cube	Cube/Fixpipe.aic.c310.bc	meta_op.aic.c310.bc
1	Cube/Fixpipe/dual-output	fixpipe_nz2dn_dual_int32_t_to_uint8_t_4d_to_2d_ubuf	Cube/Fixpipe/dual-output/fixpipe_nz2dn_dual_int32_t_to_uint8_t_4d_to_2d_ubuf.mlir	1	Cube	Cube/Fixpipe.aic.c310.bc	meta_op.aic.c310.bc
1	Cube/Fixpipe/dual-output	fixpipe_nz2nd_dual_float_to_bfloat16_t_4d_to_2d_ubuf	Cube/Fixpipe/dual-output/fixpipe_nz2nd_dual_float_to_bfloat16_t_4d_to_2d_ubuf.mlir	1	Cube	Cube/Fixpipe.aic.c310.bc	meta_op.aic.c310.bc
1	Cube/Fixpipe/dual-output	fixpipe_nz2nd_dual_float_to_float_4d_to_2d_ubuf	Cube/Fixpipe/dual-output/fixpipe_nz2nd_dual_float_to_float_4d_to_2d_ubuf.mlir	1	Cube	Cube/Fixpipe.aic.c310.bc	meta_op.aic.c310.bc
1	Cube/Fixpipe/dual-output	fixpipe_nz2nd_dual_float_to_half_4d_to_2d_ubuf	Cube/Fixpipe/dual-output/fixpipe_nz2nd_dual_float_to_half_4d_to_2d_ubuf.mlir	1	Cube	Cube/Fixpipe.aic.c310.bc	meta_op.aic.c310.bc
1	Cube/Fixpipe/dual-output	fixpipe_nz2nd_dual_float_to_int8_t_4d_to_2d_ubuf	Cube/Fixpipe/dual-output/fixpipe_nz2nd_dual_float_to_int8_t_4d_to_2d_ubuf.mlir	1	Cube	Cube/Fixpipe.aic.c310.bc	meta_op.aic.c310.bc
1	Cube/Fixpipe/dual-output	fixpipe_nz2nd_dual_float_to_uint8_t_4d_to_2d_ubuf	Cube/Fixpipe/dual-output/fixpipe_nz2nd_dual_float_to_uint8_t_4d_to_2d_ubuf.mlir	1	Cube	Cube/Fixpipe.aic.c310.bc	meta_op.aic.c310.bc
1	Cube/Fixpipe/dual-output	fixpipe_nz2nd_dual_int32_t_to_half_4d_to_2d_ubuf	Cube/Fixpipe/dual-output/fixpipe_nz2nd_dual_int32_t_to_half_4d_to_2d_ubuf.mlir	1	Cube	Cube/Fixpipe.aic.c310.bc	meta_op.aic.c310.bc
1	Cube/Fixpipe/dual-output	fixpipe_nz2nd_dual_int32_t_to_int32_t_4d_to_2d_ubuf	Cube/Fixpipe/dual-output/fixpipe_nz2nd_dual_int32_t_to_int32_t_4d_to_2d_ubuf.mlir	1	Cube	Cube/Fixpipe.aic.c310.bc	meta_op.aic.c310.bc
1	Cube/Fixpipe/dual-output	fixpipe_nz2nd_dual_int32_t_to_int8_t_4d_to_2d_ubuf	Cube/Fixpipe/dual-output/fixpipe_nz2nd_dual_int32_t_to_int8_t_4d_to_2d_ubuf.mlir	1	Cube	Cube/Fixpipe.aic.c310.bc	meta_op.aic.c310.bc
1	Cube/Fixpipe/dual-output	fixpipe_nz2nd_dual_int32_t_to_uint8_t_4d_to_2d_ubuf	Cube/Fixpipe/dual-output/fixpipe_nz2nd_dual_int32_t_to_uint8_t_4d_to_2d_ubuf.mlir	1	Cube	Cube/Fixpipe.aic.c310.bc	meta_op.aic.c310.bc
1	Cube/Fixpipe/normal	fixpipe_normal_float_to_bfloat16_t_2d_to_2d	Cube/Fixpipe/normal/fixpipe_normal_float_to_bfloat16_t_2d_to_2d.mlir	1	Cube	Cube/Fixpipe.aic.c310.bc	meta_op.aic.c310.bc
1	Cube/Fixpipe/normal	fixpipe_normal_float_to_bfloat16_t_2d_to_2d_cbuf	Cube/Fixpipe/normal/fixpipe_normal_float_to_bfloat16_t_2d_to_2d_cbuf.mlir	1	Cube	Cube/Fixpipe.aic.c310.bc	meta_op.aic.c310.bc
1	Cube/Fixpipe/normal	fixpipe_normal_float_to_bfloat16_t_2d_to_2d_gm	Cube/Fixpipe/normal/fixpipe_normal_float_to_bfloat16_t_2d_to_2d_gm.mlir	1	Cube	Cube/Fixpipe.aic.c310.bc	meta_op.aic.c310.bc
1	Cube/Fixpipe/normal	fixpipe_normal_float_to_bfloat16_t_2d_to_2d_ubuf	Cube/Fixpipe/normal/fixpipe_normal_float_to_bfloat16_t_2d_to_2d_ubuf.mlir	1	Cube	Cube/Fixpipe.aic.c310.bc	meta_op.aic.c310.bc
1	Cube/Fixpipe/normal	fixpipe_normal_float_to_bfloat16_t_4d_to_4d_cbuf	Cube/Fixpipe/normal/fixpipe_normal_float_to_bfloat16_t_4d_to_4d_cbuf.mlir	1	Cube	Cube/Fixpipe.aic.c310.bc	meta_op.aic.c310.bc
1	Cube/Fixpipe/normal	fixpipe_normal_float_to_bfloat16_t_4d_to_4d_gm	Cube/Fixpipe/normal/fixpipe_normal_float_to_bfloat16_t_4d_to_4d_gm.mlir	1	Cube	Cube/Fixpipe.aic.c310.bc	meta_op.aic.c310.bc
1	Cube/Fixpipe/normal	fixpipe_normal_float_to_bfloat16_t_4d_to_4d_ubuf	Cube/Fixpipe/normal/fixpipe_normal_float_to_bfloat16_t_4d_to_4d_ubuf.mlir	1	Cube	Cube/Fixpipe.aic.c310.bc	meta_op.aic.c310.bc
1	Cube/Fixpipe/normal	fixpipe_normal_float_to_float_4d_to_4d_cbuf	Cube/Fixpipe/normal/fixpipe_normal_float_to_float_4d_to_4d_cbuf.mlir	1	Cube	Cube/Fixpipe.aic.c310.bc	meta_op.aic.c310.bc
1	Cube/Fixpipe/normal	fixpipe_normal_float_to_float_4d_to_4d_gm	Cube/Fixpipe/normal/fixpipe_normal_float_to_float_4d_to_4d_gm.mlir	1	Cube	Cube/Fixpipe.aic.c310.bc	meta_op.aic.c310.bc
1	Cube/Fixpipe/normal	fixpipe_normal_float_to_float_4d_to_4d_ubuf	Cube/Fixpipe/normal/fixpipe_normal_float_to_float_4d_to_4d_ubuf.mlir	1	Cube	Cube/Fixpipe.aic.c310.bc	meta_op.aic.c310.bc
1	Cube/Fixpipe/normal	fixpipe_normal_float_to_half_2d_to_2d	Cube/Fixpipe/normal/fixpipe_normal_float_to_half_2d_to_2d.mlir	1	Cube	Cube/Fixpipe.aic.c310.bc	meta_op.aic.c310.bc
1	Cube/Fixpipe/normal	fixpipe_normal_float_to_half_2d_to_2d_cbuf	Cube/Fixpipe/normal/fixpipe_normal_float_to_half_2d_to_2d_cbuf.mlir	1	Cube	Cube/Fixpipe.aic.c310.bc	meta_op.aic.c310.bc
1	Cube/Fixpipe/normal	fixpipe_normal_float_to_half_2d_to_2d_gm	Cube/Fixpipe/normal/fixpipe_normal_float_to_half_2d_to_2d_gm.mlir	1	Cube	Cube/Fixpipe.aic.c310.bc	meta_op.aic.c310.bc
1	Cube/Fixpipe/normal	fixpipe_normal_float_to_half_2d_to_2d_ubuf	Cube/Fixpipe/normal/fixpipe_normal_float_to_half_2d_to_2d_ubuf.mlir	1	Cube	Cube/Fixpipe.aic.c310.bc	meta_op.aic.c310.bc
1	Cube/Fixpipe/normal	fixpipe_normal_float_to_half_4d_to_4d_cbuf	Cube/Fixpipe/normal/fixpipe_normal_float_to_half_4d_to_4d_cbuf.mlir	1	Cube	Cube/Fixpipe.aic.c310.bc	meta_op.aic.c310.bc
1	Cube/Fixpipe/normal	fixpipe_normal_float_to_half_4d_to_4d_gm	Cube/Fixpipe/normal/fixpipe_normal_float_to_half_4d_to_4d_gm.mlir	1	Cube	Cube/Fixpipe.aic.c310.bc	meta_op.aic.c310.bc
1	Cube/Fixpipe/normal	fixpipe_normal_float_to_half_4d_to_4d_ubuf	Cube/Fixpipe/normal/fixpipe_normal_float_to_half_4d_to_4d_ubuf.mlir	1	Cube	Cube/Fixpipe.aic.c310.bc	meta_op.aic.c310.bc
1	Cube/Fixpipe/normal	fixpipe_normal_int32_t_to_int32_t_4d_to_4d_cbuf	Cube/Fixpipe/normal/fixpipe_normal_int32_t_to_int32_t_4d_to_4d_cbuf.mlir	1	Cube	Cube/Fixpipe.aic.c310.bc	meta_op.aic.c310.bc
1	Cube/Fixpipe/normal	fixpipe_normal_int32_t_to_int32_t_4d_to_4d_ubuf	Cube/Fixpipe/normal/fixpipe_normal_int32_t_to_int32_t_4d_to_4d_ubuf.mlir	1	Cube	Cube/Fixpipe.aic.c310.bc	meta_op.aic.c310.bc
1	Cube/Fixpipe/normal	fixpipe_normal_int32_t_to_int8_t_4d_to_4d_cbuf	Cube/Fixpipe/normal/fixpipe_normal_int32_t_to_int8_t_4d_to_4d_cbuf.mlir	1	Cube	Cube/Fixpipe.aic.c310.bc	meta_op.aic.c310.bc
1	Cube/Fixpipe/nz2dn	fixpipe_nz2dn_float_to_bfloat16_t_4d_to_2d_cbuf	Cube/Fixpipe/nz2dn/fixpipe_nz2dn_float_to_bfloat16_t_4d_to_2d_cbuf.mlir	1	Cube	Cube/Fixpipe.aic.c310.bc	meta_op.aic.c310.bc
1	Cube/Fixpipe/nz2dn	fixpipe_nz2dn_float_to_bfloat16_t_4d_to_2d_gm	Cube/Fixpipe/nz2dn/fixpipe_nz2dn_float_to_bfloat16_t_4d_to_2d_gm.mlir	1	Cube	Cube/Fixpipe.aic.c310.bc	meta_op.aic.c310.bc
1	Cube/Fixpipe/nz2dn	fixpipe_nz2dn_float_to_bfloat16_t_4d_to_2d_ubuf	Cube/Fixpipe/nz2dn/fixpipe_nz2dn_float_to_bfloat16_t_4d_to_2d_ubuf.mlir	1	Cube	Cube/Fixpipe.aic.c310.bc	meta_op.aic.c310.bc
1	Cube/Fixpipe/nz2dn	fixpipe_nz2dn_float_to_float_4d_to_2d_gm	Cube/Fixpipe/nz2dn/fixpipe_nz2dn_float_to_float_4d_to_2d_gm.mlir	1	Cube	Cube/Fixpipe.aic.c310.bc	meta_op.aic.c310.bc
1	Cube/Fixpipe/nz2dn	fixpipe_nz2dn_float_to_float_4d_to_2d_ubuf	Cube/Fixpipe/nz2dn/fixpipe_nz2dn_float_to_float_4d_to_2d_ubuf.mlir	1	Cube	Cube/Fixpipe.aic.c310.bc	meta_op.aic.c310.bc
1	Cube/Fixpipe/nz2dn	fixpipe_nz2dn_float_to_half_4d_to_2d_cbuf	Cube/Fixpipe/nz2dn/fixpipe_nz2dn_float_to_half_4d_to_2d_cbuf.mlir	1	Cube	Cube/Fixpipe.aic.c310.bc	meta_op.aic.c310.bc
1	Cube/Fixpipe/nz2dn	fixpipe_nz2dn_float_to_half_4d_to_2d_gm	Cube/Fixpipe/nz2dn/fixpipe_nz2dn_float_to_half_4d_to_2d_gm.mlir	1	Cube	Cube/Fixpipe.aic.c310.bc	meta_op.aic.c310.bc
1	Cube/Fixpipe/nz2dn	fixpipe_nz2dn_float_to_half_4d_to_2d_ubuf	Cube/Fixpipe/nz2dn/fixpipe_nz2dn_float_to_half_4d_to_2d_ubuf.mlir	1	Cube	Cube/Fixpipe.aic.c310.bc	meta_op.aic.c310.bc
1	Cube/Fixpipe/nz2dn	fixpipe_nz2dn_float_to_int8_t_4d_to_2d_ubuf	Cube/Fixpipe/nz2dn/fixpipe_nz2dn_float_to_int8_t_4d_to_2d_ubuf.mlir	1	Cube	Cube/Fixpipe.aic.c310.bc	meta_op.aic.c310.bc
1	Cube/Fixpipe/nz2dn	fixpipe_nz2dn_float_to_uint8_t_4d_to_2d_ubuf	Cube/Fixpipe/nz2dn/fixpipe_nz2dn_float_to_uint8_t_4d_to_2d_ubuf.mlir	1	Cube	Cube/Fixpipe.aic.c310.bc	meta_op.aic.c310.bc
1	Cube/Fixpipe/nz2dn	fixpipe_nz2dn_int32_t_to_half_4d_to_2d_ubuf	Cube/Fixpipe/nz2dn/fixpipe_nz2dn_int32_t_to_half_4d_to_2d_ubuf.mlir	1	Cube	Cube/Fixpipe.aic.c310.bc	meta_op.aic.c310.bc
1	Cube/Fixpipe/nz2dn	fixpipe_nz2dn_int32_t_to_int32_t_4d_to_2d_gm	Cube/Fixpipe/nz2dn/fixpipe_nz2dn_int32_t_to_int32_t_4d_to_2d_gm.mlir	1	Cube	Cube/Fixpipe.aic.c310.bc	meta_op.aic.c310.bc
1	Cube/Fixpipe/nz2dn	fixpipe_nz2dn_int32_t_to_int32_t_4d_to_2d_ubuf	Cube/Fixpipe/nz2dn/fixpipe_nz2dn_int32_t_to_int32_t_4d_to_2d_ubuf.mlir	1	Cube	Cube/Fixpipe.aic.c310.bc	meta_op.aic.c310.bc
1	Cube/Fixpipe/nz2dn	fixpipe_nz2dn_int32_t_to_int8_t_4d_to_2d_ubuf	Cube/Fixpipe/nz2dn/fixpipe_nz2dn_int32_t_to_int8_t_4d_to_2d_ubuf.mlir	1	Cube	Cube/Fixpipe.aic.c310.bc	meta_op.aic.c310.bc
1	Cube/Fixpipe/nz2dn	fixpipe_nz2dn_int32_t_to_uint8_t_4d_to_2d_ubuf	Cube/Fixpipe/nz2dn/fixpipe_nz2dn_int32_t_to_uint8_t_4d_to_2d_ubuf.mlir	1	Cube	Cube/Fixpipe.aic.c310.bc	meta_op.aic.c310.bc
1	Cube/Fixpipe/nz2nd	fixpipe_nz2nd_float_to_bfloat16_t_4d_to_2d	Cube/Fixpipe/nz2nd/fixpipe_nz2nd_float_to_bfloat16_t_4d_to_2d.mlir	1	Cube	Cube/Fixpipe.aic.c310.bc	meta_op.aic.c310.bc
1	Cube/Fixpipe/nz2nd	fixpipe_nz2nd_float_to_bfloat16_t_4d_to_2d_cbuf	Cube/Fixpipe/nz2nd/fixpipe_nz2nd_float_to_bfloat16_t_4d_to_2d_cbuf.mlir	1	Cube	Cube/Fixpipe.aic.c310.bc	meta_op.aic.c310.bc
1	Cube/Fixpipe/nz2nd	fixpipe_nz2nd_float_to_bfloat16_t_4d_to_2d_gm	Cube/Fixpipe/nz2nd/fixpipe_nz2nd_float_to_bfloat16_t_4d_to_2d_gm.mlir	1	Cube	Cube/Fixpipe.aic.c310.bc	meta_op.aic.c310.bc
1	Cube/Fixpipe/nz2nd	fixpipe_nz2nd_float_to_bfloat16_t_4d_to_2d_ubuf	Cube/Fixpipe/nz2nd/fixpipe_nz2nd_float_to_bfloat16_t_4d_to_2d_ubuf.mlir	1	Cube	Cube/Fixpipe.aic.c310.bc	meta_op.aic.c310.bc
1	Cube/Fixpipe/nz2nd	fixpipe_nz2nd_float_to_float_4d_to_2d	Cube/Fixpipe/nz2nd/fixpipe_nz2nd_float_to_float_4d_to_2d.mlir	1	Cube	Cube/Fixpipe.aic.c310.bc	meta_op.aic.c310.bc
1	Cube/Fixpipe/nz2nd	fixpipe_nz2nd_float_to_float_4d_to_2d_cbuf	Cube/Fixpipe/nz2nd/fixpipe_nz2nd_float_to_float_4d_to_2d_cbuf.mlir	1	Cube	Cube/Fixpipe.aic.c310.bc	meta_op.aic.c310.bc
1	Cube/Fixpipe/nz2nd	fixpipe_nz2nd_float_to_float_4d_to_2d_gm	Cube/Fixpipe/nz2nd/fixpipe_nz2nd_float_to_float_4d_to_2d_gm.mlir	1	Cube	Cube/Fixpipe.aic.c310.bc	meta_op.aic.c310.bc
1	Cube/Fixpipe/nz2nd	fixpipe_nz2nd_float_to_float_4d_to_2d_ubuf	Cube/Fixpipe/nz2nd/fixpipe_nz2nd_float_to_float_4d_to_2d_ubuf.mlir	1	Cube	Cube/Fixpipe.aic.c310.bc	meta_op.aic.c310.bc
1	Cube/Fixpipe/nz2nd	fixpipe_nz2nd_float_to_half_4d_to_2d	Cube/Fixpipe/nz2nd/fixpipe_nz2nd_float_to_half_4d_to_2d.mlir	1	Cube	Cube/Fixpipe.aic.c310.bc	meta_op.aic.c310.bc
1	Cube/Fixpipe/nz2nd	fixpipe_nz2nd_float_to_half_4d_to_2d_cbuf	Cube/Fixpipe/nz2nd/fixpipe_nz2nd_float_to_half_4d_to_2d_cbuf.mlir	1	Cube	Cube/Fixpipe.aic.c310.bc	meta_op.aic.c310.bc
1	Cube/Fixpipe/nz2nd	fixpipe_nz2nd_float_to_half_4d_to_2d_gm	Cube/Fixpipe/nz2nd/fixpipe_nz2nd_float_to_half_4d_to_2d_gm.mlir	1	Cube	Cube/Fixpipe.aic.c310.bc	meta_op.aic.c310.bc
1	Cube/Fixpipe/nz2nd	fixpipe_nz2nd_float_to_half_4d_to_2d_ubuf	Cube/Fixpipe/nz2nd/fixpipe_nz2nd_float_to_half_4d_to_2d_ubuf.mlir	1	Cube	Cube/Fixpipe.aic.c310.bc	meta_op.aic.c310.bc
1	Cube/Fixpipe/nz2nd	fixpipe_nz2nd_float_to_int8_t_4d_to_2d_cbuf	Cube/Fixpipe/nz2nd/fixpipe_nz2nd_float_to_int8_t_4d_to_2d_cbuf.mlir	1	Cube	Cube/Fixpipe.aic.c310.bc	meta_op.aic.c310.bc
1	Cube/Fixpipe/nz2nd	fixpipe_nz2nd_float_to_int8_t_4d_to_2d_ubuf	Cube/Fixpipe/nz2nd/fixpipe_nz2nd_float_to_int8_t_4d_to_2d_ubuf.mlir	1	Cube	Cube/Fixpipe.aic.c310.bc	meta_op.aic.c310.bc
1	Cube/Fixpipe/nz2nd	fixpipe_nz2nd_float_to_uint8_t_4d_to_2d_cbuf	Cube/Fixpipe/nz2nd/fixpipe_nz2nd_float_to_uint8_t_4d_to_2d_cbuf.mlir	1	Cube	Cube/Fixpipe.aic.c310.bc	meta_op.aic.c310.bc
1	Cube/Fixpipe/nz2nd	fixpipe_nz2nd_float_to_uint8_t_4d_to_2d_ubuf	Cube/Fixpipe/nz2nd/fixpipe_nz2nd_float_to_uint8_t_4d_to_2d_ubuf.mlir	1	Cube	Cube/Fixpipe.aic.c310.bc	meta_op.aic.c310.bc
1	Cube/Fixpipe/nz2nd	fixpipe_nz2nd_int32_t_to_half_4d_to_2d	Cube/Fixpipe/nz2nd/fixpipe_nz2nd_int32_t_to_half_4d_to_2d.mlir	1	Cube	Cube/Fixpipe.aic.c310.bc	meta_op.aic.c310.bc
1	Cube/Fixpipe/nz2nd	fixpipe_nz2nd_int32_t_to_half_4d_to_2d_cbuf	Cube/Fixpipe/nz2nd/fixpipe_nz2nd_int32_t_to_half_4d_to_2d_cbuf.mlir	1	Cube	Cube/Fixpipe.aic.c310.bc	meta_op.aic.c310.bc
1	Cube/Fixpipe/nz2nd	fixpipe_nz2nd_int32_t_to_half_4d_to_2d_gm	Cube/Fixpipe/nz2nd/fixpipe_nz2nd_int32_t_to_half_4d_to_2d_gm.mlir	1	Cube	Cube/Fixpipe.aic.c310.bc	meta_op.aic.c310.bc
1	Cube/Fixpipe/nz2nd	fixpipe_nz2nd_int32_t_to_half_4d_to_2d_ubuf	Cube/Fixpipe/nz2nd/fixpipe_nz2nd_int32_t_to_half_4d_to_2d_ubuf.mlir	1	Cube	Cube/Fixpipe.aic.c310.bc	meta_op.aic.c310.bc
1	Cube/Fixpipe/nz2nd	fixpipe_nz2nd_int32_t_to_int32_t_4d_to_2d	Cube/Fixpipe/nz2nd/fixpipe_nz2nd_int32_t_to_int32_t_4d_to_2d.mlir	1	Cube	Cube/Fixpipe.aic.c310.bc	meta_op.aic.c310.bc
1	Cube/Fixpipe/nz2nd	fixpipe_nz2nd_int32_t_to_int32_t_4d_to_2d_cbuf	Cube/Fixpipe/nz2nd/fixpipe_nz2nd_int32_t_to_int32_t_4d_to_2d_cbuf.mlir	1	Cube	Cube/Fixpipe.aic.c310.bc	meta_op.aic.c310.bc
1	Cube/Fixpipe/nz2nd	fixpipe_nz2nd_int32_t_to_int32_t_4d_to_2d_gm	Cube/Fixpipe/nz2nd/fixpipe_nz2nd_int32_t_to_int32_t_4d_to_2d_gm.mlir	1	Cube	Cube/Fixpipe.aic.c310.bc	meta_op.aic.c310.bc
1	Cube/Fixpipe/nz2nd	fixpipe_nz2nd_int32_t_to_int32_t_4d_to_2d_ubuf	Cube/Fixpipe/nz2nd/fixpipe_nz2nd_int32_t_to_int32_t_4d_to_2d_ubuf.mlir	1	Cube	Cube/Fixpipe.aic.c310.bc	meta_op.aic.c310.bc
1	Cube/Fixpipe/nz2nd	fixpipe_nz2nd_int32_t_to_int8_t_4d_to_2d	Cube/Fixpipe/nz2nd/fixpipe_nz2nd_int32_t_to_int8_t_4d_to_2d.mlir	1	Cube	Cube/Fixpipe.aic.c310.bc	meta_op.aic.c310.bc
1	Cube/Fixpipe/nz2nd	fixpipe_nz2nd_int32_t_to_int8_t_4d_to_2d_cbuf	Cube/Fixpipe/nz2nd/fixpipe_nz2nd_int32_t_to_int8_t_4d_to_2d_cbuf.mlir	1	Cube	Cube/Fixpipe.aic.c310.bc	meta_op.aic.c310.bc
1	Cube/Fixpipe/nz2nd	fixpipe_nz2nd_int32_t_to_int8_t_4d_to_2d_gm	Cube/Fixpipe/nz2nd/fixpipe_nz2nd_int32_t_to_int8_t_4d_to_2d_gm.mlir	1	Cube	Cube/Fixpipe.aic.c310.bc	meta_op.aic.c310.bc
1	Cube/Fixpipe/nz2nd	fixpipe_nz2nd_int32_t_to_int8_t_4d_to_2d_ubuf	Cube/Fixpipe/nz2nd/fixpipe_nz2nd_int32_t_to_int8_t_4d_to_2d_ubuf.mlir	1	Cube	Cube/Fixpipe.aic.c310.bc	meta_op.aic.c310.bc
1	Cube/Fixpipe/nz2nd	fixpipe_nz2nd_int32_t_to_uint8_t_4d_to_2d_cbuf	Cube/Fixpipe/nz2nd/fixpipe_nz2nd_int32_t_to_uint8_t_4d_to_2d_cbuf.mlir	1	Cube	Cube/Fixpipe.aic.c310.bc	meta_op.aic.c310.bc
1	Cube/Fixpipe/nz2nd	fixpipe_nz2nd_int32_t_to_uint8_t_4d_to_2d_ubuf	Cube/Fixpipe/nz2nd/fixpipe_nz2nd_int32_t_to_uint8_t_4d_to_2d_ubuf.mlir	1	Cube	Cube/Fixpipe.aic.c310.bc	meta_op.aic.c310.bc
1	Cube/GlobalMmad/classic-float	matmul_Xbias_Xdescale_XtransposeA_XtransposeB_TAhalf_TBhalf_TChalf	Cube/GlobalMmad/classic-float/matmul_Xbias_Xdescale_XtransposeA_XtransposeB_TAhalf_TBhalf_TChalf.mlir	1	Cube	Cube/GlobalMmad.aic.c310.bc	meta_op.aic.c310.bc
1	Cube/GlobalMmad/classic-float	matmul_Xbias_Xdescale_XtransposeA_transposeB_TAhalf_TBhalf_TChalf	Cube/GlobalMmad/classic-float/matmul_Xbias_Xdescale_XtransposeA_transposeB_TAhalf_TBhalf_TChalf.mlir	1	Cube	Cube/GlobalMmad.aic.c310.bc	meta_op.aic.c310.bc
1	Cube/GlobalMmad/classic-float	matmul_Xbias_Xdescale_transposeA_XtransposeB_TAhalf_TBhalf_TChalf	Cube/GlobalMmad/classic-float/matmul_Xbias_Xdescale_transposeA_XtransposeB_TAhalf_TBhalf_TChalf.mlir	1	Cube	Cube/GlobalMmad.aic.c310.bc	meta_op.aic.c310.bc
1	Cube/GlobalMmad/classic-float	matmul_Xbias_Xdescale_transposeA_transposeB_TAhalf_TBhalf_TChalf	Cube/GlobalMmad/classic-float/matmul_Xbias_Xdescale_transposeA_transposeB_TAhalf_TBhalf_TChalf.mlir	1	Cube	Cube/GlobalMmad.aic.c310.bc	meta_op.aic.c310.bc
1	Cube/GlobalMmad/integer	matmul_Xbias_Xdescale_XtransposeA_XtransposeB_TAint8_t_TBint8_t_TChalf	Cube/GlobalMmad/integer/matmul_Xbias_Xdescale_XtransposeA_XtransposeB_TAint8_t_TBint8_t_TChalf.mlir	1	Cube	Cube/GlobalMmad.aic.c310.bc	meta_op.aic.c310.bc
1	Cube/GlobalMmad/integer	matmul_Xbias_Xdescale_XtransposeA_transposeB_TAint8_t_TBint8_t_TChalf	Cube/GlobalMmad/integer/matmul_Xbias_Xdescale_XtransposeA_transposeB_TAint8_t_TBint8_t_TChalf.mlir	1	Cube	Cube/GlobalMmad.aic.c310.bc	meta_op.aic.c310.bc
1	Cube/GlobalMmad/integer	matmul_Xbias_Xdescale_transposeA_XtransposeB_TAint8_t_TBint8_t_TChalf	Cube/GlobalMmad/integer/matmul_Xbias_Xdescale_transposeA_XtransposeB_TAint8_t_TBint8_t_TChalf.mlir	1	Cube	Cube/GlobalMmad.aic.c310.bc	meta_op.aic.c310.bc
1	Cube/GlobalMmad/integer	matmul_Xbias_Xdescale_transposeA_transposeB_TAint8_t_TBint8_t_TChalf	Cube/GlobalMmad/integer/matmul_Xbias_Xdescale_transposeA_transposeB_TAint8_t_TBint8_t_TChalf.mlir	1	Cube	Cube/GlobalMmad.aic.c310.bc	meta_op.aic.c310.bc
1	Cube/MmadL1/bias	mma_tile_with_float_bias_bfloat16_t_to_float	Cube/MmadL1/bias/mma_tile_with_float_bias_bfloat16_t_to_float.mlir	1	Cube	Cube/LocalMmad.aic.c310.bc	meta_op.aic.c310.bc
1	Cube/MmadL1/bias	mma_tile_with_float_bias_bfloat16_t_to_float_ta	Cube/MmadL1/bias/mma_tile_with_float_bias_bfloat16_t_to_float_ta.mlir	1	Cube	Cube/LocalMmad.aic.c310.bc	meta_op.aic.c310.bc
1	Cube/MmadL1/bias	mma_tile_with_float_bias_bfloat16_t_to_float_ta_tb	Cube/MmadL1/bias/mma_tile_with_float_bias_bfloat16_t_to_float_ta_tb.mlir	1	Cube	Cube/LocalMmad.aic.c310.bc	meta_op.aic.c310.bc
1	Cube/MmadL1/bias	mma_tile_with_float_bias_bfloat16_t_to_float_tb	Cube/MmadL1/bias/mma_tile_with_float_bias_bfloat16_t_to_float_tb.mlir	1	Cube	Cube/LocalMmad.aic.c310.bc	meta_op.aic.c310.bc
1	Cube/MmadL1/bias	mma_tile_with_float_bias_float8_e4m3_t_to_float	Cube/MmadL1/bias/mma_tile_with_float_bias_float8_e4m3_t_to_float.mlir	1	Cube	Cube/LocalMmad.aic.c310.bc	meta_op.aic.c310.bc
1	Cube/MmadL1/bias	mma_tile_with_float_bias_float8_e4m3_t_to_float_ta	Cube/MmadL1/bias/mma_tile_with_float_bias_float8_e4m3_t_to_float_ta.mlir	1	Cube	Cube/LocalMmad.aic.c310.bc	meta_op.aic.c310.bc
1	Cube/MmadL1/bias	mma_tile_with_float_bias_float8_e4m3_t_to_float_ta_tb	Cube/MmadL1/bias/mma_tile_with_float_bias_float8_e4m3_t_to_float_ta_tb.mlir	1	Cube	Cube/LocalMmad.aic.c310.bc	meta_op.aic.c310.bc
1	Cube/MmadL1/bias	mma_tile_with_float_bias_float8_e4m3_t_to_float_tb	Cube/MmadL1/bias/mma_tile_with_float_bias_float8_e4m3_t_to_float_tb.mlir	1	Cube	Cube/LocalMmad.aic.c310.bc	meta_op.aic.c310.bc
1	Cube/MmadL1/bias	mma_tile_with_float_bias_float8_e5m2_t_to_float	Cube/MmadL1/bias/mma_tile_with_float_bias_float8_e5m2_t_to_float.mlir	1	Cube	Cube/LocalMmad.aic.c310.bc	meta_op.aic.c310.bc
1	Cube/MmadL1/bias	mma_tile_with_float_bias_float8_e5m2_t_to_float_ta	Cube/MmadL1/bias/mma_tile_with_float_bias_float8_e5m2_t_to_float_ta.mlir	1	Cube	Cube/LocalMmad.aic.c310.bc	meta_op.aic.c310.bc
1	Cube/MmadL1/bias	mma_tile_with_float_bias_float8_e5m2_t_to_float_ta_tb	Cube/MmadL1/bias/mma_tile_with_float_bias_float8_e5m2_t_to_float_ta_tb.mlir	1	Cube	Cube/LocalMmad.aic.c310.bc	meta_op.aic.c310.bc
1	Cube/MmadL1/bias	mma_tile_with_float_bias_float8_e5m2_t_to_float_tb	Cube/MmadL1/bias/mma_tile_with_float_bias_float8_e5m2_t_to_float_tb.mlir	1	Cube	Cube/LocalMmad.aic.c310.bc	meta_op.aic.c310.bc
1	Cube/MmadL1/bias	mma_tile_with_float_bias_float_to_float	Cube/MmadL1/bias/mma_tile_with_float_bias_float_to_float.mlir	1	Cube	Cube/LocalMmad.aic.c310.bc	meta_op.aic.c310.bc
1	Cube/MmadL1/bias	mma_tile_with_float_bias_float_to_float_hf32	Cube/MmadL1/bias/mma_tile_with_float_bias_float_to_float_hf32.mlir	1	Cube	Cube/LocalMmad.aic.c310.bc	meta_op.aic.c310.bc
1	Cube/MmadL1/bias	mma_tile_with_float_bias_float_to_float_ta	Cube/MmadL1/bias/mma_tile_with_float_bias_float_to_float_ta.mlir	1	Cube	Cube/LocalMmad.aic.c310.bc	meta_op.aic.c310.bc
1	Cube/MmadL1/bias	mma_tile_with_float_bias_float_to_float_ta_hf32	Cube/MmadL1/bias/mma_tile_with_float_bias_float_to_float_ta_hf32.mlir	1	Cube	Cube/LocalMmad.aic.c310.bc	meta_op.aic.c310.bc
1	Cube/MmadL1/bias	mma_tile_with_float_bias_float_to_float_ta_tb	Cube/MmadL1/bias/mma_tile_with_float_bias_float_to_float_ta_tb.mlir	1	Cube	Cube/LocalMmad.aic.c310.bc	meta_op.aic.c310.bc
1	Cube/MmadL1/bias	mma_tile_with_float_bias_float_to_float_ta_tb_hf32	Cube/MmadL1/bias/mma_tile_with_float_bias_float_to_float_ta_tb_hf32.mlir	1	Cube	Cube/LocalMmad.aic.c310.bc	meta_op.aic.c310.bc
1	Cube/MmadL1/bias	mma_tile_with_float_bias_float_to_float_tb	Cube/MmadL1/bias/mma_tile_with_float_bias_float_to_float_tb.mlir	1	Cube	Cube/LocalMmad.aic.c310.bc	meta_op.aic.c310.bc
1	Cube/MmadL1/bias	mma_tile_with_float_bias_float_to_float_tb_hf32	Cube/MmadL1/bias/mma_tile_with_float_bias_float_to_float_tb_hf32.mlir	1	Cube	Cube/LocalMmad.aic.c310.bc	meta_op.aic.c310.bc
1	Cube/MmadL1/bias	mma_tile_with_float_bias_half_to_float	Cube/MmadL1/bias/mma_tile_with_float_bias_half_to_float.mlir	1	Cube	Cube/LocalMmad.aic.c310.bc	meta_op.aic.c310.bc
1	Cube/MmadL1/bias	mma_tile_with_float_bias_half_to_float_ta	Cube/MmadL1/bias/mma_tile_with_float_bias_half_to_float_ta.mlir	1	Cube	Cube/LocalMmad.aic.c310.bc	meta_op.aic.c310.bc
1	Cube/MmadL1/bias	mma_tile_with_float_bias_half_to_float_ta_tb	Cube/MmadL1/bias/mma_tile_with_float_bias_half_to_float_ta_tb.mlir	1	Cube	Cube/LocalMmad.aic.c310.bc	meta_op.aic.c310.bc
1	Cube/MmadL1/bias	mma_tile_with_float_bias_half_to_float_tb	Cube/MmadL1/bias/mma_tile_with_float_bias_half_to_float_tb.mlir	1	Cube	Cube/LocalMmad.aic.c310.bc	meta_op.aic.c310.bc
1	Cube/MmadL1/bias	mma_tile_with_half_bias_bfloat16_t_to_float	Cube/MmadL1/bias/mma_tile_with_half_bias_bfloat16_t_to_float.mlir	1	Cube	Cube/LocalMmad.aic.c310.bc	meta_op.aic.c310.bc
1	Cube/MmadL1/bias	mma_tile_with_half_bias_bfloat16_t_to_float_ta	Cube/MmadL1/bias/mma_tile_with_half_bias_bfloat16_t_to_float_ta.mlir	1	Cube	Cube/LocalMmad.aic.c310.bc	meta_op.aic.c310.bc
1	Cube/MmadL1/bias	mma_tile_with_half_bias_bfloat16_t_to_float_ta_tb	Cube/MmadL1/bias/mma_tile_with_half_bias_bfloat16_t_to_float_ta_tb.mlir	1	Cube	Cube/LocalMmad.aic.c310.bc	meta_op.aic.c310.bc
1	Cube/MmadL1/bias	mma_tile_with_half_bias_bfloat16_t_to_float_tb	Cube/MmadL1/bias/mma_tile_with_half_bias_bfloat16_t_to_float_tb.mlir	1	Cube	Cube/LocalMmad.aic.c310.bc	meta_op.aic.c310.bc
1	Cube/MmadL1/bias	mma_tile_with_half_bias_float8_e4m3_t_to_float	Cube/MmadL1/bias/mma_tile_with_half_bias_float8_e4m3_t_to_float.mlir	1	Cube	Cube/LocalMmad.aic.c310.bc	meta_op.aic.c310.bc
1	Cube/MmadL1/bias	mma_tile_with_half_bias_float8_e4m3_t_to_float_ta	Cube/MmadL1/bias/mma_tile_with_half_bias_float8_e4m3_t_to_float_ta.mlir	1	Cube	Cube/LocalMmad.aic.c310.bc	meta_op.aic.c310.bc
1	Cube/MmadL1/bias	mma_tile_with_half_bias_float8_e4m3_t_to_float_ta_tb	Cube/MmadL1/bias/mma_tile_with_half_bias_float8_e4m3_t_to_float_ta_tb.mlir	1	Cube	Cube/LocalMmad.aic.c310.bc	meta_op.aic.c310.bc
1	Cube/MmadL1/bias	mma_tile_with_half_bias_float8_e4m3_t_to_float_tb	Cube/MmadL1/bias/mma_tile_with_half_bias_float8_e4m3_t_to_float_tb.mlir	1	Cube	Cube/LocalMmad.aic.c310.bc	meta_op.aic.c310.bc
1	Cube/MmadL1/bias	mma_tile_with_half_bias_float8_e5m2_t_to_float	Cube/MmadL1/bias/mma_tile_with_half_bias_float8_e5m2_t_to_float.mlir	1	Cube	Cube/LocalMmad.aic.c310.bc	meta_op.aic.c310.bc
1	Cube/MmadL1/bias	mma_tile_with_half_bias_float8_e5m2_t_to_float_ta	Cube/MmadL1/bias/mma_tile_with_half_bias_float8_e5m2_t_to_float_ta.mlir	1	Cube	Cube/LocalMmad.aic.c310.bc	meta_op.aic.c310.bc
1	Cube/MmadL1/bias	mma_tile_with_half_bias_float8_e5m2_t_to_float_ta_tb	Cube/MmadL1/bias/mma_tile_with_half_bias_float8_e5m2_t_to_float_ta_tb.mlir	1	Cube	Cube/LocalMmad.aic.c310.bc	meta_op.aic.c310.bc
1	Cube/MmadL1/bias	mma_tile_with_half_bias_float8_e5m2_t_to_float_tb	Cube/MmadL1/bias/mma_tile_with_half_bias_float8_e5m2_t_to_float_tb.mlir	1	Cube	Cube/LocalMmad.aic.c310.bc	meta_op.aic.c310.bc
1	Cube/MmadL1/bias	mma_tile_with_half_bias_float_to_float	Cube/MmadL1/bias/mma_tile_with_half_bias_float_to_float.mlir	1	Cube	Cube/LocalMmad.aic.c310.bc	meta_op.aic.c310.bc
1	Cube/MmadL1/bias	mma_tile_with_half_bias_float_to_float_ta_tb	Cube/MmadL1/bias/mma_tile_with_half_bias_float_to_float_ta_tb.mlir	1	Cube	Cube/LocalMmad.aic.c310.bc	meta_op.aic.c310.bc
1	Cube/MmadL1/bias	mma_tile_with_half_bias_float_to_float_tb	Cube/MmadL1/bias/mma_tile_with_half_bias_float_to_float_tb.mlir	1	Cube	Cube/LocalMmad.aic.c310.bc	meta_op.aic.c310.bc
1	Cube/MmadL1/bias	mma_tile_with_half_bias_half_to_float	Cube/MmadL1/bias/mma_tile_with_half_bias_half_to_float.mlir	1	Cube	Cube/LocalMmad.aic.c310.bc	meta_op.aic.c310.bc
1	Cube/MmadL1/bias	mma_tile_with_half_bias_half_to_float_ta	Cube/MmadL1/bias/mma_tile_with_half_bias_half_to_float_ta.mlir	1	Cube	Cube/LocalMmad.aic.c310.bc	meta_op.aic.c310.bc
1	Cube/MmadL1/bias	mma_tile_with_half_bias_half_to_float_ta_tb	Cube/MmadL1/bias/mma_tile_with_half_bias_half_to_float_ta_tb.mlir	1	Cube	Cube/LocalMmad.aic.c310.bc	meta_op.aic.c310.bc
1	Cube/MmadL1/bias	mma_tile_with_half_bias_half_to_float_tb	Cube/MmadL1/bias/mma_tile_with_half_bias_half_to_float_tb.mlir	1	Cube	Cube/LocalMmad.aic.c310.bc	meta_op.aic.c310.bc
1	Cube/MmadL1/bias	mma_tile_with_int32_t_bias_int8_t_to_int32_t	Cube/MmadL1/bias/mma_tile_with_int32_t_bias_int8_t_to_int32_t.mlir	1	Cube	Cube/LocalMmad.aic.c310.bc	meta_op.aic.c310.bc
1	Cube/MmadL1/bias	mma_tile_with_int32_t_bias_int8_t_to_int32_t_ta	Cube/MmadL1/bias/mma_tile_with_int32_t_bias_int8_t_to_int32_t_ta.mlir	1	Cube	Cube/LocalMmad.aic.c310.bc	meta_op.aic.c310.bc
1	Cube/MmadL1/bias	mma_tile_with_int32_t_bias_int8_t_to_int32_t_ta_tb	Cube/MmadL1/bias/mma_tile_with_int32_t_bias_int8_t_to_int32_t_ta_tb.mlir	1	Cube	Cube/LocalMmad.aic.c310.bc	meta_op.aic.c310.bc
1	Cube/MmadL1/bias	mma_tile_with_int32_t_bias_int8_t_to_int32_t_tb	Cube/MmadL1/bias/mma_tile_with_int32_t_bias_int8_t_to_int32_t_tb.mlir	1	Cube	Cube/LocalMmad.aic.c310.bc	meta_op.aic.c310.bc
1	Cube/MmadL1/bias	mmadmxL1_with_float_bias_float8_e4m3_t_to_float	Cube/MmadL1/bias/mmadmxL1_with_float_bias_float8_e4m3_t_to_float.mlir	1	Cube	Cube/LocalMmadMx.aic.c310.bc	meta_op.aic.c310.bc
1	Cube/MmadL1/bias	mmadmxL1_with_float_bias_float8_e4m3_t_to_float_ta	Cube/MmadL1/bias/mmadmxL1_with_float_bias_float8_e4m3_t_to_float_ta.mlir	1	Cube	Cube/LocalMmadMx.aic.c310.bc	meta_op.aic.c310.bc
1	Cube/MmadL1/bias	mmadmxL1_with_float_bias_float8_e4m3_t_to_float_ta_tb	Cube/MmadL1/bias/mmadmxL1_with_float_bias_float8_e4m3_t_to_float_ta_tb.mlir	1	Cube	Cube/LocalMmadMx.aic.c310.bc	meta_op.aic.c310.bc
1	Cube/MmadL1/bias	mmadmxL1_with_float_bias_float8_e4m3_t_to_float_tb	Cube/MmadL1/bias/mmadmxL1_with_float_bias_float8_e4m3_t_to_float_tb.mlir	1	Cube	Cube/LocalMmadMx.aic.c310.bc	meta_op.aic.c310.bc
1	Cube/MmadL1/bias	mmadmxL1_with_float_bias_float8_e5m2_t_to_float	Cube/MmadL1/bias/mmadmxL1_with_float_bias_float8_e5m2_t_to_float.mlir	1	Cube	Cube/LocalMmadMx.aic.c310.bc	meta_op.aic.c310.bc
1	Cube/MmadL1/bias	mmadmxL1_with_float_bias_float8_e5m2_t_to_float_ta	Cube/MmadL1/bias/mmadmxL1_with_float_bias_float8_e5m2_t_to_float_ta.mlir	1	Cube	Cube/LocalMmadMx.aic.c310.bc	meta_op.aic.c310.bc
1	Cube/MmadL1/bias	mmadmxL1_with_float_bias_float8_e5m2_t_to_float_ta_tb	Cube/MmadL1/bias/mmadmxL1_with_float_bias_float8_e5m2_t_to_float_ta_tb.mlir	1	Cube	Cube/LocalMmadMx.aic.c310.bc	meta_op.aic.c310.bc
1	Cube/MmadL1/bias	mmadmxL1_with_float_bias_float8_e5m2_t_to_float_tb	Cube/MmadL1/bias/mmadmxL1_with_float_bias_float8_e5m2_t_to_float_tb.mlir	1	Cube	Cube/LocalMmadMx.aic.c310.bc	meta_op.aic.c310.bc
1	Cube/MmadL1/bias	mmadmxL1_with_float_bias_int8_t_to_float_lhs_format_fp4x2_e2m1_t_rhs_format_fp4x2_e2m1_t	Cube/MmadL1/bias/mmadmxL1_with_float_bias_int8_t_to_float_lhs_format_fp4x2_e2m1_t_rhs_format_fp4x2_e2m1_t.mlir	1	Cube	Cube/LocalMmadMx.aic.c310.bc	meta_op.aic.c310.bc
1	Cube/MmadL1/bias	mmadmxL1_with_float_bias_int8_t_to_float_lhs_format_fp8_e4m3_t_rhs_format_fp8_e4m3_t	Cube/MmadL1/bias/mmadmxL1_with_float_bias_int8_t_to_float_lhs_format_fp8_e4m3_t_rhs_format_fp8_e4m3_t.mlir	1	Cube	Cube/LocalMmadMx.aic.c310.bc	meta_op.aic.c310.bc
1	Cube/MmadL1/bias	mmadmxL1_with_float_bias_int8_t_to_float_lhs_format_fp8_e4m3_t_rhs_format_fp8_e5m2_t	Cube/MmadL1/bias/mmadmxL1_with_float_bias_int8_t_to_float_lhs_format_fp8_e4m3_t_rhs_format_fp8_e5m2_t.mlir	1	Cube	Cube/LocalMmadMx.aic.c310.bc	meta_op.aic.c310.bc
1	Cube/MmadL1/bias	mmadmxL1_with_float_bias_int8_t_to_float_lhs_format_fp8_e5m2_t_rhs_format_fp8_e4m3_t	Cube/MmadL1/bias/mmadmxL1_with_float_bias_int8_t_to_float_lhs_format_fp8_e5m2_t_rhs_format_fp8_e4m3_t.mlir	1	Cube	Cube/LocalMmadMx.aic.c310.bc	meta_op.aic.c310.bc
1	Cube/MmadL1/bias	mmadmxL1_with_float_bias_int8_t_to_float_lhs_format_fp8_e5m2_t_rhs_format_fp8_e5m2_t	Cube/MmadL1/bias/mmadmxL1_with_float_bias_int8_t_to_float_lhs_format_fp8_e5m2_t_rhs_format_fp8_e5m2_t.mlir	1	Cube	Cube/LocalMmadMx.aic.c310.bc	meta_op.aic.c310.bc
1	Cube/MmadL1/bias	mmadmxL1_with_float_bias_int8_t_to_float_ta_lhs_format_fp4x2_e2m1_t_rhs_format_fp4x2_e2m1_t	Cube/MmadL1/bias/mmadmxL1_with_float_bias_int8_t_to_float_ta_lhs_format_fp4x2_e2m1_t_rhs_format_fp4x2_e2m1_t.mlir	1	Cube	Cube/LocalMmadMx.aic.c310.bc	meta_op.aic.c310.bc
1	Cube/MmadL1/bias	mmadmxL1_with_float_bias_int8_t_to_float_ta_lhs_format_fp8_e4m3_t_rhs_format_fp8_e4m3_t	Cube/MmadL1/bias/mmadmxL1_with_float_bias_int8_t_to_float_ta_lhs_format_fp8_e4m3_t_rhs_format_fp8_e4m3_t.mlir	1	Cube	Cube/LocalMmadMx.aic.c310.bc	meta_op.aic.c310.bc
1	Cube/MmadL1/bias	mmadmxL1_with_float_bias_int8_t_to_float_ta_lhs_format_fp8_e4m3_t_rhs_format_fp8_e5m2_t	Cube/MmadL1/bias/mmadmxL1_with_float_bias_int8_t_to_float_ta_lhs_format_fp8_e4m3_t_rhs_format_fp8_e5m2_t.mlir	1	Cube	Cube/LocalMmadMx.aic.c310.bc	meta_op.aic.c310.bc
1	Cube/MmadL1/bias	mmadmxL1_with_float_bias_int8_t_to_float_ta_lhs_format_fp8_e5m2_t_rhs_format_fp8_e4m3_t	Cube/MmadL1/bias/mmadmxL1_with_float_bias_int8_t_to_float_ta_lhs_format_fp8_e5m2_t_rhs_format_fp8_e4m3_t.mlir	1	Cube	Cube/LocalMmadMx.aic.c310.bc	meta_op.aic.c310.bc
1	Cube/MmadL1/bias	mmadmxL1_with_float_bias_int8_t_to_float_ta_lhs_format_fp8_e5m2_t_rhs_format_fp8_e5m2_t	Cube/MmadL1/bias/mmadmxL1_with_float_bias_int8_t_to_float_ta_lhs_format_fp8_e5m2_t_rhs_format_fp8_e5m2_t.mlir	1	Cube	Cube/LocalMmadMx.aic.c310.bc	meta_op.aic.c310.bc
1	Cube/MmadL1/bias	mmadmxL1_with_float_bias_int8_t_to_float_ta_tb_lhs_format_fp4x2_e2m1_t_rhs_format_fp4x2_e2m1_t	Cube/MmadL1/bias/mmadmxL1_with_float_bias_int8_t_to_float_ta_tb_lhs_format_fp4x2_e2m1_t_rhs_format_fp4x2_e2m1_t.mlir	1	Cube	Cube/LocalMmadMx.aic.c310.bc	meta_op.aic.c310.bc
1	Cube/MmadL1/bias	mmadmxL1_with_float_bias_int8_t_to_float_ta_tb_lhs_format_fp8_e4m3_t_rhs_format_fp8_e4m3_t	Cube/MmadL1/bias/mmadmxL1_with_float_bias_int8_t_to_float_ta_tb_lhs_format_fp8_e4m3_t_rhs_format_fp8_e4m3_t.mlir	1	Cube	Cube/LocalMmadMx.aic.c310.bc	meta_op.aic.c310.bc
1	Cube/MmadL1/bias	mmadmxL1_with_float_bias_int8_t_to_float_ta_tb_lhs_format_fp8_e4m3_t_rhs_format_fp8_e5m2_t	Cube/MmadL1/bias/mmadmxL1_with_float_bias_int8_t_to_float_ta_tb_lhs_format_fp8_e4m3_t_rhs_format_fp8_e5m2_t.mlir	1	Cube	Cube/LocalMmadMx.aic.c310.bc	meta_op.aic.c310.bc
1	Cube/MmadL1/bias	mmadmxL1_with_float_bias_int8_t_to_float_ta_tb_lhs_format_fp8_e5m2_t_rhs_format_fp8_e4m3_t	Cube/MmadL1/bias/mmadmxL1_with_float_bias_int8_t_to_float_ta_tb_lhs_format_fp8_e5m2_t_rhs_format_fp8_e4m3_t.mlir	1	Cube	Cube/LocalMmadMx.aic.c310.bc	meta_op.aic.c310.bc
1	Cube/MmadL1/bias	mmadmxL1_with_float_bias_int8_t_to_float_ta_tb_lhs_format_fp8_e5m2_t_rhs_format_fp8_e5m2_t	Cube/MmadL1/bias/mmadmxL1_with_float_bias_int8_t_to_float_ta_tb_lhs_format_fp8_e5m2_t_rhs_format_fp8_e5m2_t.mlir	1	Cube	Cube/LocalMmadMx.aic.c310.bc	meta_op.aic.c310.bc
1	Cube/MmadL1/bias	mmadmxL1_with_float_bias_int8_t_to_float_tb_lhs_format_fp4x2_e2m1_t_rhs_format_fp4x2_e2m1_t	Cube/MmadL1/bias/mmadmxL1_with_float_bias_int8_t_to_float_tb_lhs_format_fp4x2_e2m1_t_rhs_format_fp4x2_e2m1_t.mlir	1	Cube	Cube/LocalMmadMx.aic.c310.bc	meta_op.aic.c310.bc
1	Cube/MmadL1/bias	mmadmxL1_with_float_bias_int8_t_to_float_tb_lhs_format_fp8_e4m3_t_rhs_format_fp8_e4m3_t	Cube/MmadL1/bias/mmadmxL1_with_float_bias_int8_t_to_float_tb_lhs_format_fp8_e4m3_t_rhs_format_fp8_e4m3_t.mlir	1	Cube	Cube/LocalMmadMx.aic.c310.bc	meta_op.aic.c310.bc
1	Cube/MmadL1/bias	mmadmxL1_with_float_bias_int8_t_to_float_tb_lhs_format_fp8_e4m3_t_rhs_format_fp8_e5m2_t	Cube/MmadL1/bias/mmadmxL1_with_float_bias_int8_t_to_float_tb_lhs_format_fp8_e4m3_t_rhs_format_fp8_e5m2_t.mlir	1	Cube	Cube/LocalMmadMx.aic.c310.bc	meta_op.aic.c310.bc
1	Cube/MmadL1/bias	mmadmxL1_with_float_bias_int8_t_to_float_tb_lhs_format_fp8_e5m2_t_rhs_format_fp8_e4m3_t	Cube/MmadL1/bias/mmadmxL1_with_float_bias_int8_t_to_float_tb_lhs_format_fp8_e5m2_t_rhs_format_fp8_e4m3_t.mlir	1	Cube	Cube/LocalMmadMx.aic.c310.bc	meta_op.aic.c310.bc
1	Cube/MmadL1/bias	mmadmxL1_with_float_bias_int8_t_to_float_tb_lhs_format_fp8_e5m2_t_rhs_format_fp8_e5m2_t	Cube/MmadL1/bias/mmadmxL1_with_float_bias_int8_t_to_float_tb_lhs_format_fp8_e5m2_t_rhs_format_fp8_e5m2_t.mlir	1	Cube	Cube/LocalMmadMx.aic.c310.bc	meta_op.aic.c310.bc
1	Cube/MmadL1/classic-float	mma_tile_bfloat16_t_to_float	Cube/MmadL1/classic-float/mma_tile_bfloat16_t_to_float.mlir	1	Cube	Cube/LocalMmad.aic.c310.bc	meta_op.aic.c310.bc
1	Cube/MmadL1/classic-float	mma_tile_bfloat16_t_to_float_ta	Cube/MmadL1/classic-float/mma_tile_bfloat16_t_to_float_ta.mlir	1	Cube	Cube/LocalMmad.aic.c310.bc	meta_op.aic.c310.bc
1	Cube/MmadL1/classic-float	mma_tile_bfloat16_t_to_float_ta_tb	Cube/MmadL1/classic-float/mma_tile_bfloat16_t_to_float_ta_tb.mlir	1	Cube	Cube/LocalMmad.aic.c310.bc	meta_op.aic.c310.bc
1	Cube/MmadL1/classic-float	mma_tile_bfloat16_t_to_float_tb	Cube/MmadL1/classic-float/mma_tile_bfloat16_t_to_float_tb.mlir	1	Cube	Cube/LocalMmad.aic.c310.bc	meta_op.aic.c310.bc
1	Cube/MmadL1/classic-float	mma_tile_half_to_float	Cube/MmadL1/classic-float/mma_tile_half_to_float.mlir	1	Cube	Cube/LocalMmad.aic.c310.bc	meta_op.aic.c310.bc
1	Cube/MmadL1/classic-float	mma_tile_half_to_float_ta	Cube/MmadL1/classic-float/mma_tile_half_to_float_ta.mlir	1	Cube	Cube/LocalMmad.aic.c310.bc	meta_op.aic.c310.bc
1	Cube/MmadL1/classic-float	mma_tile_half_to_float_ta_tb	Cube/MmadL1/classic-float/mma_tile_half_to_float_ta_tb.mlir	1	Cube	Cube/LocalMmad.aic.c310.bc	meta_op.aic.c310.bc
1	Cube/MmadL1/classic-float	mma_tile_half_to_float_tb	Cube/MmadL1/classic-float/mma_tile_half_to_float_tb.mlir	1	Cube	Cube/LocalMmad.aic.c310.bc	meta_op.aic.c310.bc
1	Cube/MmadL1/fp32-ieee-hf32	mma_tile_float_to_float	Cube/MmadL1/fp32-ieee-hf32/mma_tile_float_to_float.mlir	1	Cube	Cube/LocalMmad.aic.c310.bc	meta_op.aic.c310.bc
1	Cube/MmadL1/fp32-ieee-hf32	mma_tile_float_to_float_hf32	Cube/MmadL1/fp32-ieee-hf32/mma_tile_float_to_float_hf32.mlir	1	Cube	Cube/LocalMmad.aic.c310.bc	meta_op.aic.c310.bc
1	Cube/MmadL1/fp32-ieee-hf32	mma_tile_float_to_float_ta	Cube/MmadL1/fp32-ieee-hf32/mma_tile_float_to_float_ta.mlir	1	Cube	Cube/LocalMmad.aic.c310.bc	meta_op.aic.c310.bc
1	Cube/MmadL1/fp32-ieee-hf32	mma_tile_float_to_float_ta_hf32	Cube/MmadL1/fp32-ieee-hf32/mma_tile_float_to_float_ta_hf32.mlir	1	Cube	Cube/LocalMmad.aic.c310.bc	meta_op.aic.c310.bc
1	Cube/MmadL1/fp32-ieee-hf32	mma_tile_float_to_float_ta_tb	Cube/MmadL1/fp32-ieee-hf32/mma_tile_float_to_float_ta_tb.mlir	1	Cube	Cube/LocalMmad.aic.c310.bc	meta_op.aic.c310.bc
1	Cube/MmadL1/fp32-ieee-hf32	mma_tile_float_to_float_ta_tb_hf32	Cube/MmadL1/fp32-ieee-hf32/mma_tile_float_to_float_ta_tb_hf32.mlir	1	Cube	Cube/LocalMmad.aic.c310.bc	meta_op.aic.c310.bc
1	Cube/MmadL1/fp32-ieee-hf32	mma_tile_float_to_float_tb	Cube/MmadL1/fp32-ieee-hf32/mma_tile_float_to_float_tb.mlir	1	Cube	Cube/LocalMmad.aic.c310.bc	meta_op.aic.c310.bc
1	Cube/MmadL1/fp32-ieee-hf32	mma_tile_float_to_float_tb_hf32	Cube/MmadL1/fp32-ieee-hf32/mma_tile_float_to_float_tb_hf32.mlir	1	Cube	Cube/LocalMmad.aic.c310.bc	meta_op.aic.c310.bc
1	Cube/MmadL1/fp8-mx	mma_tile_float8_e4m3_t_to_float	Cube/MmadL1/fp8-mx/mma_tile_float8_e4m3_t_to_float.mlir	1	Cube	Cube/LocalMmad.aic.c310.bc	meta_op.aic.c310.bc
1	Cube/MmadL1/fp8-mx	mma_tile_float8_e4m3_t_to_float_ta	Cube/MmadL1/fp8-mx/mma_tile_float8_e4m3_t_to_float_ta.mlir	1	Cube	Cube/LocalMmad.aic.c310.bc	meta_op.aic.c310.bc
1	Cube/MmadL1/fp8-mx	mma_tile_float8_e4m3_t_to_float_ta_tb	Cube/MmadL1/fp8-mx/mma_tile_float8_e4m3_t_to_float_ta_tb.mlir	1	Cube	Cube/LocalMmad.aic.c310.bc	meta_op.aic.c310.bc
1	Cube/MmadL1/fp8-mx	mma_tile_float8_e4m3_t_to_float_tb	Cube/MmadL1/fp8-mx/mma_tile_float8_e4m3_t_to_float_tb.mlir	1	Cube	Cube/LocalMmad.aic.c310.bc	meta_op.aic.c310.bc
1	Cube/MmadL1/fp8-mx	mma_tile_float8_e5m2_t_to_float	Cube/MmadL1/fp8-mx/mma_tile_float8_e5m2_t_to_float.mlir	1	Cube	Cube/LocalMmad.aic.c310.bc	meta_op.aic.c310.bc
1	Cube/MmadL1/fp8-mx	mma_tile_float8_e5m2_t_to_float_ta	Cube/MmadL1/fp8-mx/mma_tile_float8_e5m2_t_to_float_ta.mlir	1	Cube	Cube/LocalMmad.aic.c310.bc	meta_op.aic.c310.bc
1	Cube/MmadL1/fp8-mx	mma_tile_float8_e5m2_t_to_float_ta_tb	Cube/MmadL1/fp8-mx/mma_tile_float8_e5m2_t_to_float_ta_tb.mlir	1	Cube	Cube/LocalMmad.aic.c310.bc	meta_op.aic.c310.bc
1	Cube/MmadL1/fp8-mx	mma_tile_float8_e5m2_t_to_float_tb	Cube/MmadL1/fp8-mx/mma_tile_float8_e5m2_t_to_float_tb.mlir	1	Cube	Cube/LocalMmad.aic.c310.bc	meta_op.aic.c310.bc
1	Cube/MmadL1/fp8-mx	mmadmxL1_float8_e4m3_t_to_float	Cube/MmadL1/fp8-mx/mmadmxL1_float8_e4m3_t_to_float.mlir	1	Cube	Cube/LocalMmadMx.aic.c310.bc	meta_op.aic.c310.bc
1	Cube/MmadL1/fp8-mx	mmadmxL1_float8_e4m3_t_to_float_ta	Cube/MmadL1/fp8-mx/mmadmxL1_float8_e4m3_t_to_float_ta.mlir	1	Cube	Cube/LocalMmadMx.aic.c310.bc	meta_op.aic.c310.bc
1	Cube/MmadL1/fp8-mx	mmadmxL1_float8_e4m3_t_to_float_ta_tb	Cube/MmadL1/fp8-mx/mmadmxL1_float8_e4m3_t_to_float_ta_tb.mlir	1	Cube	Cube/LocalMmadMx.aic.c310.bc	meta_op.aic.c310.bc
1	Cube/MmadL1/fp8-mx	mmadmxL1_float8_e4m3_t_to_float_tb	Cube/MmadL1/fp8-mx/mmadmxL1_float8_e4m3_t_to_float_tb.mlir	1	Cube	Cube/LocalMmadMx.aic.c310.bc	meta_op.aic.c310.bc
1	Cube/MmadL1/fp8-mx	mmadmxL1_float8_e5m2_t_to_float	Cube/MmadL1/fp8-mx/mmadmxL1_float8_e5m2_t_to_float.mlir	1	Cube	Cube/LocalMmadMx.aic.c310.bc	meta_op.aic.c310.bc
1	Cube/MmadL1/fp8-mx	mmadmxL1_float8_e5m2_t_to_float_ta	Cube/MmadL1/fp8-mx/mmadmxL1_float8_e5m2_t_to_float_ta.mlir	1	Cube	Cube/LocalMmadMx.aic.c310.bc	meta_op.aic.c310.bc
1	Cube/MmadL1/fp8-mx	mmadmxL1_float8_e5m2_t_to_float_ta_tb	Cube/MmadL1/fp8-mx/mmadmxL1_float8_e5m2_t_to_float_ta_tb.mlir	1	Cube	Cube/LocalMmadMx.aic.c310.bc	meta_op.aic.c310.bc
1	Cube/MmadL1/fp8-mx	mmadmxL1_float8_e5m2_t_to_float_tb	Cube/MmadL1/fp8-mx/mmadmxL1_float8_e5m2_t_to_float_tb.mlir	1	Cube	Cube/LocalMmadMx.aic.c310.bc	meta_op.aic.c310.bc
1	Cube/MmadL1/fp8-mx	mmadmxL1_int8_t_to_float_lhs_format_fp4x2_e2m1_t_rhs_format_fp4x2_e2m1_t	Cube/MmadL1/fp8-mx/mmadmxL1_int8_t_to_float_lhs_format_fp4x2_e2m1_t_rhs_format_fp4x2_e2m1_t.mlir	1	Cube	Cube/LocalMmadMx.aic.c310.bc	meta_op.aic.c310.bc
1	Cube/MmadL1/fp8-mx	mmadmxL1_int8_t_to_float_lhs_format_fp8_e4m3_t_rhs_format_fp8_e4m3_t	Cube/MmadL1/fp8-mx/mmadmxL1_int8_t_to_float_lhs_format_fp8_e4m3_t_rhs_format_fp8_e4m3_t.mlir	1	Cube	Cube/LocalMmadMx.aic.c310.bc	meta_op.aic.c310.bc
1	Cube/MmadL1/fp8-mx	mmadmxL1_int8_t_to_float_lhs_format_fp8_e4m3_t_rhs_format_fp8_e5m2_t	Cube/MmadL1/fp8-mx/mmadmxL1_int8_t_to_float_lhs_format_fp8_e4m3_t_rhs_format_fp8_e5m2_t.mlir	1	Cube	Cube/LocalMmadMx.aic.c310.bc	meta_op.aic.c310.bc
1	Cube/MmadL1/fp8-mx	mmadmxL1_int8_t_to_float_lhs_format_fp8_e5m2_t_rhs_format_fp8_e4m3_t	Cube/MmadL1/fp8-mx/mmadmxL1_int8_t_to_float_lhs_format_fp8_e5m2_t_rhs_format_fp8_e4m3_t.mlir	1	Cube	Cube/LocalMmadMx.aic.c310.bc	meta_op.aic.c310.bc
1	Cube/MmadL1/fp8-mx	mmadmxL1_int8_t_to_float_lhs_format_fp8_e5m2_t_rhs_format_fp8_e5m2_t	Cube/MmadL1/fp8-mx/mmadmxL1_int8_t_to_float_lhs_format_fp8_e5m2_t_rhs_format_fp8_e5m2_t.mlir	1	Cube	Cube/LocalMmadMx.aic.c310.bc	meta_op.aic.c310.bc
1	Cube/MmadL1/fp8-mx	mmadmxL1_int8_t_to_float_ta_lhs_format_fp4x2_e2m1_t_rhs_format_fp4x2_e2m1_t	Cube/MmadL1/fp8-mx/mmadmxL1_int8_t_to_float_ta_lhs_format_fp4x2_e2m1_t_rhs_format_fp4x2_e2m1_t.mlir	1	Cube	Cube/LocalMmadMx.aic.c310.bc	meta_op.aic.c310.bc
1	Cube/MmadL1/fp8-mx	mmadmxL1_int8_t_to_float_ta_lhs_format_fp8_e4m3_t_rhs_format_fp8_e4m3_t	Cube/MmadL1/fp8-mx/mmadmxL1_int8_t_to_float_ta_lhs_format_fp8_e4m3_t_rhs_format_fp8_e4m3_t.mlir	1	Cube	Cube/LocalMmadMx.aic.c310.bc	meta_op.aic.c310.bc
1	Cube/MmadL1/fp8-mx	mmadmxL1_int8_t_to_float_ta_lhs_format_fp8_e4m3_t_rhs_format_fp8_e5m2_t	Cube/MmadL1/fp8-mx/mmadmxL1_int8_t_to_float_ta_lhs_format_fp8_e4m3_t_rhs_format_fp8_e5m2_t.mlir	1	Cube	Cube/LocalMmadMx.aic.c310.bc	meta_op.aic.c310.bc
1	Cube/MmadL1/fp8-mx	mmadmxL1_int8_t_to_float_ta_lhs_format_fp8_e5m2_t_rhs_format_fp8_e4m3_t	Cube/MmadL1/fp8-mx/mmadmxL1_int8_t_to_float_ta_lhs_format_fp8_e5m2_t_rhs_format_fp8_e4m3_t.mlir	1	Cube	Cube/LocalMmadMx.aic.c310.bc	meta_op.aic.c310.bc
1	Cube/MmadL1/fp8-mx	mmadmxL1_int8_t_to_float_ta_lhs_format_fp8_e5m2_t_rhs_format_fp8_e5m2_t	Cube/MmadL1/fp8-mx/mmadmxL1_int8_t_to_float_ta_lhs_format_fp8_e5m2_t_rhs_format_fp8_e5m2_t.mlir	1	Cube	Cube/LocalMmadMx.aic.c310.bc	meta_op.aic.c310.bc
1	Cube/MmadL1/fp8-mx	mmadmxL1_int8_t_to_float_ta_tb_lhs_format_fp4x2_e2m1_t_rhs_format_fp4x2_e2m1_t	Cube/MmadL1/fp8-mx/mmadmxL1_int8_t_to_float_ta_tb_lhs_format_fp4x2_e2m1_t_rhs_format_fp4x2_e2m1_t.mlir	1	Cube	Cube/LocalMmadMx.aic.c310.bc	meta_op.aic.c310.bc
1	Cube/MmadL1/fp8-mx	mmadmxL1_int8_t_to_float_ta_tb_lhs_format_fp8_e4m3_t_rhs_format_fp8_e4m3_t	Cube/MmadL1/fp8-mx/mmadmxL1_int8_t_to_float_ta_tb_lhs_format_fp8_e4m3_t_rhs_format_fp8_e4m3_t.mlir	1	Cube	Cube/LocalMmadMx.aic.c310.bc	meta_op.aic.c310.bc
1	Cube/MmadL1/fp8-mx	mmadmxL1_int8_t_to_float_ta_tb_lhs_format_fp8_e4m3_t_rhs_format_fp8_e5m2_t	Cube/MmadL1/fp8-mx/mmadmxL1_int8_t_to_float_ta_tb_lhs_format_fp8_e4m3_t_rhs_format_fp8_e5m2_t.mlir	1	Cube	Cube/LocalMmadMx.aic.c310.bc	meta_op.aic.c310.bc
1	Cube/MmadL1/fp8-mx	mmadmxL1_int8_t_to_float_ta_tb_lhs_format_fp8_e5m2_t_rhs_format_fp8_e4m3_t	Cube/MmadL1/fp8-mx/mmadmxL1_int8_t_to_float_ta_tb_lhs_format_fp8_e5m2_t_rhs_format_fp8_e4m3_t.mlir	1	Cube	Cube/LocalMmadMx.aic.c310.bc	meta_op.aic.c310.bc
1	Cube/MmadL1/fp8-mx	mmadmxL1_int8_t_to_float_ta_tb_lhs_format_fp8_e5m2_t_rhs_format_fp8_e5m2_t	Cube/MmadL1/fp8-mx/mmadmxL1_int8_t_to_float_ta_tb_lhs_format_fp8_e5m2_t_rhs_format_fp8_e5m2_t.mlir	1	Cube	Cube/LocalMmadMx.aic.c310.bc	meta_op.aic.c310.bc
1	Cube/MmadL1/fp8-mx	mmadmxL1_int8_t_to_float_tb_lhs_format_fp4x2_e2m1_t_rhs_format_fp4x2_e2m1_t	Cube/MmadL1/fp8-mx/mmadmxL1_int8_t_to_float_tb_lhs_format_fp4x2_e2m1_t_rhs_format_fp4x2_e2m1_t.mlir	1	Cube	Cube/LocalMmadMx.aic.c310.bc	meta_op.aic.c310.bc
1	Cube/MmadL1/fp8-mx	mmadmxL1_int8_t_to_float_tb_lhs_format_fp8_e4m3_t_rhs_format_fp8_e4m3_t	Cube/MmadL1/fp8-mx/mmadmxL1_int8_t_to_float_tb_lhs_format_fp8_e4m3_t_rhs_format_fp8_e4m3_t.mlir	1	Cube	Cube/LocalMmadMx.aic.c310.bc	meta_op.aic.c310.bc
1	Cube/MmadL1/fp8-mx	mmadmxL1_int8_t_to_float_tb_lhs_format_fp8_e4m3_t_rhs_format_fp8_e5m2_t	Cube/MmadL1/fp8-mx/mmadmxL1_int8_t_to_float_tb_lhs_format_fp8_e4m3_t_rhs_format_fp8_e5m2_t.mlir	1	Cube	Cube/LocalMmadMx.aic.c310.bc	meta_op.aic.c310.bc
1	Cube/MmadL1/fp8-mx	mmadmxL1_int8_t_to_float_tb_lhs_format_fp8_e5m2_t_rhs_format_fp8_e4m3_t	Cube/MmadL1/fp8-mx/mmadmxL1_int8_t_to_float_tb_lhs_format_fp8_e5m2_t_rhs_format_fp8_e4m3_t.mlir	1	Cube	Cube/LocalMmadMx.aic.c310.bc	meta_op.aic.c310.bc
1	Cube/MmadL1/fp8-mx	mmadmxL1_int8_t_to_float_tb_lhs_format_fp8_e5m2_t_rhs_format_fp8_e5m2_t	Cube/MmadL1/fp8-mx/mmadmxL1_int8_t_to_float_tb_lhs_format_fp8_e5m2_t_rhs_format_fp8_e5m2_t.mlir	1	Cube	Cube/LocalMmadMx.aic.c310.bc	meta_op.aic.c310.bc
1	Cube/MmadL1/integer	mma_tile_int8_t_to_int32_t	Cube/MmadL1/integer/mma_tile_int8_t_to_int32_t.mlir	1	Cube	Cube/LocalMmad.aic.c310.bc	meta_op.aic.c310.bc
1	Cube/MmadL1/integer	mma_tile_int8_t_to_int32_t_ta	Cube/MmadL1/integer/mma_tile_int8_t_to_int32_t_ta.mlir	1	Cube	Cube/LocalMmad.aic.c310.bc	meta_op.aic.c310.bc
1	Cube/MmadL1/integer	mma_tile_int8_t_to_int32_t_ta_tb	Cube/MmadL1/integer/mma_tile_int8_t_to_int32_t_ta_tb.mlir	1	Cube	Cube/LocalMmad.aic.c310.bc	meta_op.aic.c310.bc
1	Cube/MmadL1/integer	mma_tile_int8_t_to_int32_t_tb	Cube/MmadL1/integer/mma_tile_int8_t_to_int32_t_tb.mlir	1	Cube	Cube/LocalMmad.aic.c310.bc	meta_op.aic.c310.bc
1	Cube/Nd2Nz/bias	nd2nz_forbias_bfloat16_t	Cube/Nd2Nz/bias/nd2nz_forbias_bfloat16_t.mlir	1	Cube	Cube/nd2nz.aic.c310.bc	meta_op.aic.c310.bc
1	Cube/Nd2Nz/bias	nd2nz_forbias_float	Cube/Nd2Nz/bias/nd2nz_forbias_float.mlir	1	Cube	Cube/nd2nz.aic.c310.bc	meta_op.aic.c310.bc
1	Cube/Nd2Nz/bias	nd2nz_forbias_float8_e4m3_t	Cube/Nd2Nz/bias/nd2nz_forbias_float8_e4m3_t.mlir	1	Cube	Cube/nd2nz.aic.c310.bc	meta_op.aic.c310.bc
1	Cube/Nd2Nz/bias	nd2nz_forbias_float8_e5m2_t	Cube/Nd2Nz/bias/nd2nz_forbias_float8_e5m2_t.mlir	1	Cube	Cube/nd2nz.aic.c310.bc	meta_op.aic.c310.bc
1	Cube/Nd2Nz/bias	nd2nz_forbias_half	Cube/Nd2Nz/bias/nd2nz_forbias_half.mlir	1	Cube	Cube/nd2nz.aic.c310.bc	meta_op.aic.c310.bc
1	Cube/Nd2Nz/bias	nd2nz_forbias_int16_t	Cube/Nd2Nz/bias/nd2nz_forbias_int16_t.mlir	1	Cube	Cube/nd2nz.aic.c310.bc	meta_op.aic.c310.bc
1	Cube/Nd2Nz/bias	nd2nz_forbias_int32_t	Cube/Nd2Nz/bias/nd2nz_forbias_int32_t.mlir	1	Cube	Cube/nd2nz.aic.c310.bc	meta_op.aic.c310.bc
1	Cube/Nd2Nz/bias	nd2nz_forbias_int8_t	Cube/Nd2Nz/bias/nd2nz_forbias_int8_t.mlir	1	Cube	Cube/nd2nz.aic.c310.bc	meta_op.aic.c310.bc
1	Cube/Nd2Nz/bias	nd2nz_forbias_uint16_t	Cube/Nd2Nz/bias/nd2nz_forbias_uint16_t.mlir	1	Cube	Cube/nd2nz.aic.c310.bc	meta_op.aic.c310.bc
1	Cube/Nd2Nz/bias	nd2nz_forbias_uint32_t	Cube/Nd2Nz/bias/nd2nz_forbias_uint32_t.mlir	1	Cube	Cube/nd2nz.aic.c310.bc	meta_op.aic.c310.bc
1	Cube/Nd2Nz/bias	nd2nz_forbias_uint8_t	Cube/Nd2Nz/bias/nd2nz_forbias_uint8_t.mlir	1	Cube	Cube/nd2nz.aic.c310.bc	meta_op.aic.c310.bc
1	Cube/Nd2Nz/fp8-mx	nd2nz_float8_e4m3_t	Cube/Nd2Nz/fp8-mx/nd2nz_float8_e4m3_t.mlir	1	Cube	Cube/nd2nz.aic.c310.bc	meta_op.aic.c310.bc
1	Cube/Nd2Nz/fp8-mx	nd2nz_float8_e5m2_t	Cube/Nd2Nz/fp8-mx/nd2nz_float8_e5m2_t.mlir	1	Cube	Cube/nd2nz.aic.c310.bc	meta_op.aic.c310.bc
1	Cube/Nd2Nz/integer	nd2nz_int16_t	Cube/Nd2Nz/integer/nd2nz_int16_t.mlir	1	Cube	Cube/nd2nz.aic.c310.bc	meta_op.aic.c310.bc
1	Cube/Nd2Nz/integer	nd2nz_int32_t	Cube/Nd2Nz/integer/nd2nz_int32_t.mlir	1	Cube	Cube/nd2nz.aic.c310.bc	meta_op.aic.c310.bc
1	Cube/Nd2Nz/integer	nd2nz_int8_t	Cube/Nd2Nz/integer/nd2nz_int8_t.mlir	1	Cube	Cube/nd2nz.aic.c310.bc	meta_op.aic.c310.bc
1	Cube/Nd2Nz/integer	nd2nz_uint16_t	Cube/Nd2Nz/integer/nd2nz_uint16_t.mlir	1	Cube	Cube/nd2nz.aic.c310.bc	meta_op.aic.c310.bc
1	Cube/Nd2Nz/integer	nd2nz_uint32_t	Cube/Nd2Nz/integer/nd2nz_uint32_t.mlir	1	Cube	Cube/nd2nz.aic.c310.bc	meta_op.aic.c310.bc
1	Cube/Nd2Nz/integer	nd2nz_uint8_t	Cube/Nd2Nz/integer/nd2nz_uint8_t.mlir	1	Cube	Cube/nd2nz.aic.c310.bc	meta_op.aic.c310.bc
1	Cube/Nd2Nz/standard-float	nd2nz_bfloat16_t	Cube/Nd2Nz/standard-float/nd2nz_bfloat16_t.mlir	1	Cube	Cube/nd2nz.aic.c310.bc	meta_op.aic.c310.bc
1	Cube/Nd2Nz/standard-float	nd2nz_float	Cube/Nd2Nz/standard-float/nd2nz_float.mlir	1	Cube	Cube/nd2nz.aic.c310.bc	meta_op.aic.c310.bc
1	Cube/Nd2Nz/standard-float	nd2nz_half	Cube/Nd2Nz/standard-float/nd2nz_half.mlir	1	Cube	Cube/nd2nz.aic.c310.bc	meta_op.aic.c310.bc
1	Cube/Setup/mx-scale	load_scale_gm_to_cbuf_2d_int8_t	Cube/Setup/mx-scale/load_scale_gm_to_cbuf_2d_int8_t.mlir	1	Cube	Cube/loadMXScale.aic.c310.bc	meta_op.aic.c310.bc
1	Cube/Setup/set2d-initialize	set_l1_2d_bfloat16_t	Cube/Setup/set2d-initialize/set_l1_2d_bfloat16_t.mlir	1	Cube	Cube/set2d.aic.c310.bc	meta_op.aic.c310.bc
1	Cube/Setup/set2d-initialize	set_l1_2d_float	Cube/Setup/set2d-initialize/set_l1_2d_float.mlir	1	Cube	Cube/set2d.aic.c310.bc	meta_op.aic.c310.bc
1	Cube/Setup/set2d-initialize	set_l1_2d_float8_e4m3_t	Cube/Setup/set2d-initialize/set_l1_2d_float8_e4m3_t.mlir	1	Cube	Cube/set2d.aic.c310.bc	meta_op.aic.c310.bc
1	Cube/Setup/set2d-initialize	set_l1_2d_float8_e5m2_t	Cube/Setup/set2d-initialize/set_l1_2d_float8_e5m2_t.mlir	1	Cube	Cube/set2d.aic.c310.bc	meta_op.aic.c310.bc
1	Cube/Setup/set2d-initialize	set_l1_2d_half	Cube/Setup/set2d-initialize/set_l1_2d_half.mlir	1	Cube	Cube/set2d.aic.c310.bc	meta_op.aic.c310.bc
1	Cube/Setup/set2d-initialize	set_l1_2d_int8_t	Cube/Setup/set2d-initialize/set_l1_2d_int8_t.mlir	1	Cube	Cube/set2d.aic.c310.bc	meta_op.aic.c310.bc
2	Vector/Collective/prefix-minmax	cummax_1d_bfloat16_t_dim0	Vector/Collective/prefix-minmax/cummax_1d_bfloat16_t_dim0.mlir	1	Vector	Vector/Cumminmax.aiv.c310.bc	meta_op.aiv.c310.bc
2	Vector/Collective/prefix-minmax	cummax_1d_float_dim0	Vector/Collective/prefix-minmax/cummax_1d_float_dim0.mlir	1	Vector	Vector/Cumminmax.aiv.c310.bc	meta_op.aiv.c310.bc
2	Vector/Collective/prefix-minmax	cummax_1d_half_dim0	Vector/Collective/prefix-minmax/cummax_1d_half_dim0.mlir	1	Vector	Vector/Cumminmax.aiv.c310.bc	meta_op.aiv.c310.bc
2	Vector/Collective/prefix-minmax	cummax_1d_int16_t_dim0	Vector/Collective/prefix-minmax/cummax_1d_int16_t_dim0.mlir	1	Vector	Vector/Cumminmax.aiv.c310.bc	meta_op.aiv.c310.bc
2	Vector/Collective/prefix-minmax	cummax_1d_int32_t_dim0	Vector/Collective/prefix-minmax/cummax_1d_int32_t_dim0.mlir	1	Vector	Vector/Cumminmax.aiv.c310.bc	meta_op.aiv.c310.bc
2	Vector/Collective/prefix-minmax	cummax_1d_int8_t_dim0	Vector/Collective/prefix-minmax/cummax_1d_int8_t_dim0.mlir	1	Vector	Vector/Cumminmax.aiv.c310.bc	meta_op.aiv.c310.bc
2	Vector/Collective/prefix-minmax	cummax_1d_uint16_t_dim0	Vector/Collective/prefix-minmax/cummax_1d_uint16_t_dim0.mlir	1	Vector	Vector/Cumminmax.aiv.c310.bc	meta_op.aiv.c310.bc
2	Vector/Collective/prefix-minmax	cummax_1d_uint32_t_dim0	Vector/Collective/prefix-minmax/cummax_1d_uint32_t_dim0.mlir	1	Vector	Vector/Cumminmax.aiv.c310.bc	meta_op.aiv.c310.bc
2	Vector/Collective/prefix-minmax	cummax_1d_uint8_t_dim0	Vector/Collective/prefix-minmax/cummax_1d_uint8_t_dim0.mlir	1	Vector	Vector/Cumminmax.aiv.c310.bc	meta_op.aiv.c310.bc
2	Vector/Collective/prefix-minmax	cummax_2d_bfloat16_t_dim0	Vector/Collective/prefix-minmax/cummax_2d_bfloat16_t_dim0.mlir	1	Vector	Vector/Cumminmax.aiv.c310.bc	meta_op.aiv.c310.bc
2	Vector/Collective/prefix-minmax	cummax_2d_bfloat16_t_dim1	Vector/Collective/prefix-minmax/cummax_2d_bfloat16_t_dim1.mlir	1	Vector	Vector/Cumminmax.aiv.c310.bc	meta_op.aiv.c310.bc
2	Vector/Collective/prefix-minmax	cummax_2d_float_dim0	Vector/Collective/prefix-minmax/cummax_2d_float_dim0.mlir	1	Vector	Vector/Cumminmax.aiv.c310.bc	meta_op.aiv.c310.bc
2	Vector/Collective/prefix-minmax	cummax_2d_float_dim1	Vector/Collective/prefix-minmax/cummax_2d_float_dim1.mlir	1	Vector	Vector/Cumminmax.aiv.c310.bc	meta_op.aiv.c310.bc
2	Vector/Collective/prefix-minmax	cummax_2d_half_dim0	Vector/Collective/prefix-minmax/cummax_2d_half_dim0.mlir	1	Vector	Vector/Cumminmax.aiv.c310.bc	meta_op.aiv.c310.bc
2	Vector/Collective/prefix-minmax	cummax_2d_half_dim1	Vector/Collective/prefix-minmax/cummax_2d_half_dim1.mlir	1	Vector	Vector/Cumminmax.aiv.c310.bc	meta_op.aiv.c310.bc
2	Vector/Collective/prefix-minmax	cummax_2d_int16_t_dim0	Vector/Collective/prefix-minmax/cummax_2d_int16_t_dim0.mlir	1	Vector	Vector/Cumminmax.aiv.c310.bc	meta_op.aiv.c310.bc
2	Vector/Collective/prefix-minmax	cummax_2d_int16_t_dim1	Vector/Collective/prefix-minmax/cummax_2d_int16_t_dim1.mlir	1	Vector	Vector/Cumminmax.aiv.c310.bc	meta_op.aiv.c310.bc
2	Vector/Collective/prefix-minmax	cummax_2d_int32_t_dim0	Vector/Collective/prefix-minmax/cummax_2d_int32_t_dim0.mlir	1	Vector	Vector/Cumminmax.aiv.c310.bc	meta_op.aiv.c310.bc
2	Vector/Collective/prefix-minmax	cummax_2d_int32_t_dim1	Vector/Collective/prefix-minmax/cummax_2d_int32_t_dim1.mlir	1	Vector	Vector/Cumminmax.aiv.c310.bc	meta_op.aiv.c310.bc
2	Vector/Collective/prefix-minmax	cummax_2d_int8_t_dim0	Vector/Collective/prefix-minmax/cummax_2d_int8_t_dim0.mlir	1	Vector	Vector/Cumminmax.aiv.c310.bc	meta_op.aiv.c310.bc
2	Vector/Collective/prefix-minmax	cummax_2d_int8_t_dim1	Vector/Collective/prefix-minmax/cummax_2d_int8_t_dim1.mlir	1	Vector	Vector/Cumminmax.aiv.c310.bc	meta_op.aiv.c310.bc
2	Vector/Collective/prefix-minmax	cummax_2d_uint16_t_dim0	Vector/Collective/prefix-minmax/cummax_2d_uint16_t_dim0.mlir	1	Vector	Vector/Cumminmax.aiv.c310.bc	meta_op.aiv.c310.bc
2	Vector/Collective/prefix-minmax	cummax_2d_uint16_t_dim1	Vector/Collective/prefix-minmax/cummax_2d_uint16_t_dim1.mlir	1	Vector	Vector/Cumminmax.aiv.c310.bc	meta_op.aiv.c310.bc
2	Vector/Collective/prefix-minmax	cummax_2d_uint32_t_dim0	Vector/Collective/prefix-minmax/cummax_2d_uint32_t_dim0.mlir	1	Vector	Vector/Cumminmax.aiv.c310.bc	meta_op.aiv.c310.bc
2	Vector/Collective/prefix-minmax	cummax_2d_uint32_t_dim1	Vector/Collective/prefix-minmax/cummax_2d_uint32_t_dim1.mlir	1	Vector	Vector/Cumminmax.aiv.c310.bc	meta_op.aiv.c310.bc
2	Vector/Collective/prefix-minmax	cummax_2d_uint8_t_dim0	Vector/Collective/prefix-minmax/cummax_2d_uint8_t_dim0.mlir	1	Vector	Vector/Cumminmax.aiv.c310.bc	meta_op.aiv.c310.bc
2	Vector/Collective/prefix-minmax	cummax_2d_uint8_t_dim1	Vector/Collective/prefix-minmax/cummax_2d_uint8_t_dim1.mlir	1	Vector	Vector/Cumminmax.aiv.c310.bc	meta_op.aiv.c310.bc
2	Vector/Collective/prefix-minmax	cummax_3d_bfloat16_t_dim0	Vector/Collective/prefix-minmax/cummax_3d_bfloat16_t_dim0.mlir	1	Vector	Vector/Cumminmax.aiv.c310.bc	meta_op.aiv.c310.bc
2	Vector/Collective/prefix-minmax	cummax_3d_bfloat16_t_dim1	Vector/Collective/prefix-minmax/cummax_3d_bfloat16_t_dim1.mlir	1	Vector	Vector/Cumminmax.aiv.c310.bc	meta_op.aiv.c310.bc
2	Vector/Collective/prefix-minmax	cummax_3d_float_dim0	Vector/Collective/prefix-minmax/cummax_3d_float_dim0.mlir	1	Vector	Vector/Cumminmax.aiv.c310.bc	meta_op.aiv.c310.bc
2	Vector/Collective/prefix-minmax	cummax_3d_float_dim1	Vector/Collective/prefix-minmax/cummax_3d_float_dim1.mlir	1	Vector	Vector/Cumminmax.aiv.c310.bc	meta_op.aiv.c310.bc
2	Vector/Collective/prefix-minmax	cummax_3d_half_dim0	Vector/Collective/prefix-minmax/cummax_3d_half_dim0.mlir	1	Vector	Vector/Cumminmax.aiv.c310.bc	meta_op.aiv.c310.bc
2	Vector/Collective/prefix-minmax	cummax_3d_half_dim1	Vector/Collective/prefix-minmax/cummax_3d_half_dim1.mlir	1	Vector	Vector/Cumminmax.aiv.c310.bc	meta_op.aiv.c310.bc
2	Vector/Collective/prefix-minmax	cummax_3d_int16_t_dim0	Vector/Collective/prefix-minmax/cummax_3d_int16_t_dim0.mlir	1	Vector	Vector/Cumminmax.aiv.c310.bc	meta_op.aiv.c310.bc
2	Vector/Collective/prefix-minmax	cummax_3d_int16_t_dim1	Vector/Collective/prefix-minmax/cummax_3d_int16_t_dim1.mlir	1	Vector	Vector/Cumminmax.aiv.c310.bc	meta_op.aiv.c310.bc
2	Vector/Collective/prefix-minmax	cummax_3d_int32_t_dim0	Vector/Collective/prefix-minmax/cummax_3d_int32_t_dim0.mlir	1	Vector	Vector/Cumminmax.aiv.c310.bc	meta_op.aiv.c310.bc
2	Vector/Collective/prefix-minmax	cummax_3d_int32_t_dim1	Vector/Collective/prefix-minmax/cummax_3d_int32_t_dim1.mlir	1	Vector	Vector/Cumminmax.aiv.c310.bc	meta_op.aiv.c310.bc
2	Vector/Collective/prefix-minmax	cummax_3d_int8_t_dim0	Vector/Collective/prefix-minmax/cummax_3d_int8_t_dim0.mlir	1	Vector	Vector/Cumminmax.aiv.c310.bc	meta_op.aiv.c310.bc
2	Vector/Collective/prefix-minmax	cummax_3d_int8_t_dim1	Vector/Collective/prefix-minmax/cummax_3d_int8_t_dim1.mlir	1	Vector	Vector/Cumminmax.aiv.c310.bc	meta_op.aiv.c310.bc
2	Vector/Collective/prefix-minmax	cummax_3d_uint16_t_dim0	Vector/Collective/prefix-minmax/cummax_3d_uint16_t_dim0.mlir	1	Vector	Vector/Cumminmax.aiv.c310.bc	meta_op.aiv.c310.bc
2	Vector/Collective/prefix-minmax	cummax_3d_uint16_t_dim1	Vector/Collective/prefix-minmax/cummax_3d_uint16_t_dim1.mlir	1	Vector	Vector/Cumminmax.aiv.c310.bc	meta_op.aiv.c310.bc
2	Vector/Collective/prefix-minmax	cummax_3d_uint32_t_dim0	Vector/Collective/prefix-minmax/cummax_3d_uint32_t_dim0.mlir	1	Vector	Vector/Cumminmax.aiv.c310.bc	meta_op.aiv.c310.bc
2	Vector/Collective/prefix-minmax	cummax_3d_uint32_t_dim1	Vector/Collective/prefix-minmax/cummax_3d_uint32_t_dim1.mlir	1	Vector	Vector/Cumminmax.aiv.c310.bc	meta_op.aiv.c310.bc
2	Vector/Collective/prefix-minmax	cummax_3d_uint8_t_dim0	Vector/Collective/prefix-minmax/cummax_3d_uint8_t_dim0.mlir	1	Vector	Vector/Cumminmax.aiv.c310.bc	meta_op.aiv.c310.bc
2	Vector/Collective/prefix-minmax	cummax_3d_uint8_t_dim1	Vector/Collective/prefix-minmax/cummax_3d_uint8_t_dim1.mlir	1	Vector	Vector/Cumminmax.aiv.c310.bc	meta_op.aiv.c310.bc
2	Vector/Collective/prefix-minmax	cummin_1d_bfloat16_t_dim0	Vector/Collective/prefix-minmax/cummin_1d_bfloat16_t_dim0.mlir	1	Vector	Vector/Cumminmax.aiv.c310.bc	meta_op.aiv.c310.bc
2	Vector/Collective/prefix-minmax	cummin_1d_float_dim0	Vector/Collective/prefix-minmax/cummin_1d_float_dim0.mlir	1	Vector	Vector/Cumminmax.aiv.c310.bc	meta_op.aiv.c310.bc
2	Vector/Collective/prefix-minmax	cummin_1d_half_dim0	Vector/Collective/prefix-minmax/cummin_1d_half_dim0.mlir	1	Vector	Vector/Cumminmax.aiv.c310.bc	meta_op.aiv.c310.bc
2	Vector/Collective/prefix-minmax	cummin_1d_int16_t_dim0	Vector/Collective/prefix-minmax/cummin_1d_int16_t_dim0.mlir	1	Vector	Vector/Cumminmax.aiv.c310.bc	meta_op.aiv.c310.bc
2	Vector/Collective/prefix-minmax	cummin_1d_int32_t_dim0	Vector/Collective/prefix-minmax/cummin_1d_int32_t_dim0.mlir	1	Vector	Vector/Cumminmax.aiv.c310.bc	meta_op.aiv.c310.bc
2	Vector/Collective/prefix-minmax	cummin_1d_int8_t_dim0	Vector/Collective/prefix-minmax/cummin_1d_int8_t_dim0.mlir	1	Vector	Vector/Cumminmax.aiv.c310.bc	meta_op.aiv.c310.bc
2	Vector/Collective/prefix-minmax	cummin_1d_uint16_t_dim0	Vector/Collective/prefix-minmax/cummin_1d_uint16_t_dim0.mlir	1	Vector	Vector/Cumminmax.aiv.c310.bc	meta_op.aiv.c310.bc
2	Vector/Collective/prefix-minmax	cummin_1d_uint32_t_dim0	Vector/Collective/prefix-minmax/cummin_1d_uint32_t_dim0.mlir	1	Vector	Vector/Cumminmax.aiv.c310.bc	meta_op.aiv.c310.bc
2	Vector/Collective/prefix-minmax	cummin_1d_uint8_t_dim0	Vector/Collective/prefix-minmax/cummin_1d_uint8_t_dim0.mlir	1	Vector	Vector/Cumminmax.aiv.c310.bc	meta_op.aiv.c310.bc
2	Vector/Collective/prefix-minmax	cummin_2d_bfloat16_t_dim0	Vector/Collective/prefix-minmax/cummin_2d_bfloat16_t_dim0.mlir	1	Vector	Vector/Cumminmax.aiv.c310.bc	meta_op.aiv.c310.bc
2	Vector/Collective/prefix-minmax	cummin_2d_bfloat16_t_dim1	Vector/Collective/prefix-minmax/cummin_2d_bfloat16_t_dim1.mlir	1	Vector	Vector/Cumminmax.aiv.c310.bc	meta_op.aiv.c310.bc
2	Vector/Collective/prefix-minmax	cummin_2d_float_dim0	Vector/Collective/prefix-minmax/cummin_2d_float_dim0.mlir	1	Vector	Vector/Cumminmax.aiv.c310.bc	meta_op.aiv.c310.bc
2	Vector/Collective/prefix-minmax	cummin_2d_float_dim1	Vector/Collective/prefix-minmax/cummin_2d_float_dim1.mlir	1	Vector	Vector/Cumminmax.aiv.c310.bc	meta_op.aiv.c310.bc
2	Vector/Collective/prefix-minmax	cummin_2d_half_dim0	Vector/Collective/prefix-minmax/cummin_2d_half_dim0.mlir	1	Vector	Vector/Cumminmax.aiv.c310.bc	meta_op.aiv.c310.bc
2	Vector/Collective/prefix-minmax	cummin_2d_half_dim1	Vector/Collective/prefix-minmax/cummin_2d_half_dim1.mlir	1	Vector	Vector/Cumminmax.aiv.c310.bc	meta_op.aiv.c310.bc
2	Vector/Collective/prefix-minmax	cummin_2d_int16_t_dim0	Vector/Collective/prefix-minmax/cummin_2d_int16_t_dim0.mlir	1	Vector	Vector/Cumminmax.aiv.c310.bc	meta_op.aiv.c310.bc
2	Vector/Collective/prefix-minmax	cummin_2d_int16_t_dim1	Vector/Collective/prefix-minmax/cummin_2d_int16_t_dim1.mlir	1	Vector	Vector/Cumminmax.aiv.c310.bc	meta_op.aiv.c310.bc
2	Vector/Collective/prefix-minmax	cummin_2d_int32_t_dim0	Vector/Collective/prefix-minmax/cummin_2d_int32_t_dim0.mlir	1	Vector	Vector/Cumminmax.aiv.c310.bc	meta_op.aiv.c310.bc
2	Vector/Collective/prefix-minmax	cummin_2d_int32_t_dim1	Vector/Collective/prefix-minmax/cummin_2d_int32_t_dim1.mlir	1	Vector	Vector/Cumminmax.aiv.c310.bc	meta_op.aiv.c310.bc
2	Vector/Collective/prefix-minmax	cummin_2d_int8_t_dim0	Vector/Collective/prefix-minmax/cummin_2d_int8_t_dim0.mlir	1	Vector	Vector/Cumminmax.aiv.c310.bc	meta_op.aiv.c310.bc
2	Vector/Collective/prefix-minmax	cummin_2d_int8_t_dim1	Vector/Collective/prefix-minmax/cummin_2d_int8_t_dim1.mlir	1	Vector	Vector/Cumminmax.aiv.c310.bc	meta_op.aiv.c310.bc
2	Vector/Collective/prefix-minmax	cummin_2d_uint16_t_dim0	Vector/Collective/prefix-minmax/cummin_2d_uint16_t_dim0.mlir	1	Vector	Vector/Cumminmax.aiv.c310.bc	meta_op.aiv.c310.bc
2	Vector/Collective/prefix-minmax	cummin_2d_uint16_t_dim1	Vector/Collective/prefix-minmax/cummin_2d_uint16_t_dim1.mlir	1	Vector	Vector/Cumminmax.aiv.c310.bc	meta_op.aiv.c310.bc
2	Vector/Collective/prefix-minmax	cummin_2d_uint32_t_dim0	Vector/Collective/prefix-minmax/cummin_2d_uint32_t_dim0.mlir	1	Vector	Vector/Cumminmax.aiv.c310.bc	meta_op.aiv.c310.bc
2	Vector/Collective/prefix-minmax	cummin_2d_uint32_t_dim1	Vector/Collective/prefix-minmax/cummin_2d_uint32_t_dim1.mlir	1	Vector	Vector/Cumminmax.aiv.c310.bc	meta_op.aiv.c310.bc
2	Vector/Collective/prefix-minmax	cummin_2d_uint8_t_dim0	Vector/Collective/prefix-minmax/cummin_2d_uint8_t_dim0.mlir	1	Vector	Vector/Cumminmax.aiv.c310.bc	meta_op.aiv.c310.bc
2	Vector/Collective/prefix-minmax	cummin_2d_uint8_t_dim1	Vector/Collective/prefix-minmax/cummin_2d_uint8_t_dim1.mlir	1	Vector	Vector/Cumminmax.aiv.c310.bc	meta_op.aiv.c310.bc
2	Vector/Collective/prefix-minmax	cummin_3d_bfloat16_t_dim0	Vector/Collective/prefix-minmax/cummin_3d_bfloat16_t_dim0.mlir	1	Vector	Vector/Cumminmax.aiv.c310.bc	meta_op.aiv.c310.bc
2	Vector/Collective/prefix-minmax	cummin_3d_bfloat16_t_dim1	Vector/Collective/prefix-minmax/cummin_3d_bfloat16_t_dim1.mlir	1	Vector	Vector/Cumminmax.aiv.c310.bc	meta_op.aiv.c310.bc
2	Vector/Collective/prefix-minmax	cummin_3d_float_dim0	Vector/Collective/prefix-minmax/cummin_3d_float_dim0.mlir	1	Vector	Vector/Cumminmax.aiv.c310.bc	meta_op.aiv.c310.bc
2	Vector/Collective/prefix-minmax	cummin_3d_float_dim1	Vector/Collective/prefix-minmax/cummin_3d_float_dim1.mlir	1	Vector	Vector/Cumminmax.aiv.c310.bc	meta_op.aiv.c310.bc
2	Vector/Collective/prefix-minmax	cummin_3d_half_dim0	Vector/Collective/prefix-minmax/cummin_3d_half_dim0.mlir	1	Vector	Vector/Cumminmax.aiv.c310.bc	meta_op.aiv.c310.bc
2	Vector/Collective/prefix-minmax	cummin_3d_half_dim1	Vector/Collective/prefix-minmax/cummin_3d_half_dim1.mlir	1	Vector	Vector/Cumminmax.aiv.c310.bc	meta_op.aiv.c310.bc
2	Vector/Collective/prefix-minmax	cummin_3d_int16_t_dim0	Vector/Collective/prefix-minmax/cummin_3d_int16_t_dim0.mlir	1	Vector	Vector/Cumminmax.aiv.c310.bc	meta_op.aiv.c310.bc
2	Vector/Collective/prefix-minmax	cummin_3d_int16_t_dim1	Vector/Collective/prefix-minmax/cummin_3d_int16_t_dim1.mlir	1	Vector	Vector/Cumminmax.aiv.c310.bc	meta_op.aiv.c310.bc
2	Vector/Collective/prefix-minmax	cummin_3d_int32_t_dim0	Vector/Collective/prefix-minmax/cummin_3d_int32_t_dim0.mlir	1	Vector	Vector/Cumminmax.aiv.c310.bc	meta_op.aiv.c310.bc
2	Vector/Collective/prefix-minmax	cummin_3d_int32_t_dim1	Vector/Collective/prefix-minmax/cummin_3d_int32_t_dim1.mlir	1	Vector	Vector/Cumminmax.aiv.c310.bc	meta_op.aiv.c310.bc
2	Vector/Collective/prefix-minmax	cummin_3d_int8_t_dim0	Vector/Collective/prefix-minmax/cummin_3d_int8_t_dim0.mlir	1	Vector	Vector/Cumminmax.aiv.c310.bc	meta_op.aiv.c310.bc
2	Vector/Collective/prefix-minmax	cummin_3d_int8_t_dim1	Vector/Collective/prefix-minmax/cummin_3d_int8_t_dim1.mlir	1	Vector	Vector/Cumminmax.aiv.c310.bc	meta_op.aiv.c310.bc
2	Vector/Collective/prefix-minmax	cummin_3d_uint16_t_dim0	Vector/Collective/prefix-minmax/cummin_3d_uint16_t_dim0.mlir	1	Vector	Vector/Cumminmax.aiv.c310.bc	meta_op.aiv.c310.bc
2	Vector/Collective/prefix-minmax	cummin_3d_uint16_t_dim1	Vector/Collective/prefix-minmax/cummin_3d_uint16_t_dim1.mlir	1	Vector	Vector/Cumminmax.aiv.c310.bc	meta_op.aiv.c310.bc
2	Vector/Collective/prefix-minmax	cummin_3d_uint32_t_dim0	Vector/Collective/prefix-minmax/cummin_3d_uint32_t_dim0.mlir	1	Vector	Vector/Cumminmax.aiv.c310.bc	meta_op.aiv.c310.bc
2	Vector/Collective/prefix-minmax	cummin_3d_uint32_t_dim1	Vector/Collective/prefix-minmax/cummin_3d_uint32_t_dim1.mlir	1	Vector	Vector/Cumminmax.aiv.c310.bc	meta_op.aiv.c310.bc
2	Vector/Collective/prefix-minmax	cummin_3d_uint8_t_dim0	Vector/Collective/prefix-minmax/cummin_3d_uint8_t_dim0.mlir	1	Vector	Vector/Cumminmax.aiv.c310.bc	meta_op.aiv.c310.bc
2	Vector/Collective/prefix-minmax	cummin_3d_uint8_t_dim1	Vector/Collective/prefix-minmax/cummin_3d_uint8_t_dim1.mlir	1	Vector	Vector/Cumminmax.aiv.c310.bc	meta_op.aiv.c310.bc
2	Vector/Collective/prefix-sum-product	cumprod_1d_bfloat16_t_dim0	Vector/Collective/prefix-sum-product/cumprod_1d_bfloat16_t_dim0.mlir	1	Vector	Vector/Cumprod.aiv.c310.bc	meta_op.aiv.c310.bc
2	Vector/Collective/prefix-sum-product	cumprod_1d_float_dim0	Vector/Collective/prefix-sum-product/cumprod_1d_float_dim0.mlir	1	Vector	Vector/Cumprod.aiv.c310.bc	meta_op.aiv.c310.bc
2	Vector/Collective/prefix-sum-product	cumprod_1d_half_dim0	Vector/Collective/prefix-sum-product/cumprod_1d_half_dim0.mlir	1	Vector	Vector/Cumprod.aiv.c310.bc	meta_op.aiv.c310.bc
2	Vector/Collective/prefix-sum-product	cumprod_1d_int16_t_dim0	Vector/Collective/prefix-sum-product/cumprod_1d_int16_t_dim0.mlir	1	Vector	Vector/Cumprod.aiv.c310.bc	meta_op.aiv.c310.bc
2	Vector/Collective/prefix-sum-product	cumprod_1d_int32_t_dim0	Vector/Collective/prefix-sum-product/cumprod_1d_int32_t_dim0.mlir	1	Vector	Vector/Cumprod.aiv.c310.bc	meta_op.aiv.c310.bc
2	Vector/Collective/prefix-sum-product	cumprod_1d_int8_t_dim0	Vector/Collective/prefix-sum-product/cumprod_1d_int8_t_dim0.mlir	1	Vector	Vector/Cumprod.aiv.c310.bc	meta_op.aiv.c310.bc
2	Vector/Collective/prefix-sum-product	cumprod_1d_uint16_t_dim0	Vector/Collective/prefix-sum-product/cumprod_1d_uint16_t_dim0.mlir	1	Vector	Vector/Cumprod.aiv.c310.bc	meta_op.aiv.c310.bc
2	Vector/Collective/prefix-sum-product	cumprod_1d_uint32_t_dim0	Vector/Collective/prefix-sum-product/cumprod_1d_uint32_t_dim0.mlir	1	Vector	Vector/Cumprod.aiv.c310.bc	meta_op.aiv.c310.bc
2	Vector/Collective/prefix-sum-product	cumprod_1d_uint8_t_dim0	Vector/Collective/prefix-sum-product/cumprod_1d_uint8_t_dim0.mlir	1	Vector	Vector/Cumprod.aiv.c310.bc	meta_op.aiv.c310.bc
2	Vector/Collective/prefix-sum-product	cumprod_2d_bfloat16_t_dim0	Vector/Collective/prefix-sum-product/cumprod_2d_bfloat16_t_dim0.mlir	1	Vector	Vector/Cumprod.aiv.c310.bc	meta_op.aiv.c310.bc
2	Vector/Collective/prefix-sum-product	cumprod_2d_bfloat16_t_dim1	Vector/Collective/prefix-sum-product/cumprod_2d_bfloat16_t_dim1.mlir	1	Vector	Vector/Cumprod.aiv.c310.bc	meta_op.aiv.c310.bc
2	Vector/Collective/prefix-sum-product	cumprod_2d_float_dim0	Vector/Collective/prefix-sum-product/cumprod_2d_float_dim0.mlir	1	Vector	Vector/Cumprod.aiv.c310.bc	meta_op.aiv.c310.bc
2	Vector/Collective/prefix-sum-product	cumprod_2d_float_dim1	Vector/Collective/prefix-sum-product/cumprod_2d_float_dim1.mlir	1	Vector	Vector/Cumprod.aiv.c310.bc	meta_op.aiv.c310.bc
2	Vector/Collective/prefix-sum-product	cumprod_2d_half_dim0	Vector/Collective/prefix-sum-product/cumprod_2d_half_dim0.mlir	1	Vector	Vector/Cumprod.aiv.c310.bc	meta_op.aiv.c310.bc
2	Vector/Collective/prefix-sum-product	cumprod_2d_half_dim1	Vector/Collective/prefix-sum-product/cumprod_2d_half_dim1.mlir	1	Vector	Vector/Cumprod.aiv.c310.bc	meta_op.aiv.c310.bc
2	Vector/Collective/prefix-sum-product	cumprod_2d_int16_t_dim0	Vector/Collective/prefix-sum-product/cumprod_2d_int16_t_dim0.mlir	1	Vector	Vector/Cumprod.aiv.c310.bc	meta_op.aiv.c310.bc
2	Vector/Collective/prefix-sum-product	cumprod_2d_int16_t_dim1	Vector/Collective/prefix-sum-product/cumprod_2d_int16_t_dim1.mlir	1	Vector	Vector/Cumprod.aiv.c310.bc	meta_op.aiv.c310.bc
2	Vector/Collective/prefix-sum-product	cumprod_2d_int32_t_dim0	Vector/Collective/prefix-sum-product/cumprod_2d_int32_t_dim0.mlir	1	Vector	Vector/Cumprod.aiv.c310.bc	meta_op.aiv.c310.bc
2	Vector/Collective/prefix-sum-product	cumprod_2d_int32_t_dim1	Vector/Collective/prefix-sum-product/cumprod_2d_int32_t_dim1.mlir	1	Vector	Vector/Cumprod.aiv.c310.bc	meta_op.aiv.c310.bc
2	Vector/Collective/prefix-sum-product	cumprod_2d_int8_t_dim0	Vector/Collective/prefix-sum-product/cumprod_2d_int8_t_dim0.mlir	1	Vector	Vector/Cumprod.aiv.c310.bc	meta_op.aiv.c310.bc
2	Vector/Collective/prefix-sum-product	cumprod_2d_int8_t_dim1	Vector/Collective/prefix-sum-product/cumprod_2d_int8_t_dim1.mlir	1	Vector	Vector/Cumprod.aiv.c310.bc	meta_op.aiv.c310.bc
2	Vector/Collective/prefix-sum-product	cumprod_2d_uint16_t_dim0	Vector/Collective/prefix-sum-product/cumprod_2d_uint16_t_dim0.mlir	1	Vector	Vector/Cumprod.aiv.c310.bc	meta_op.aiv.c310.bc
2	Vector/Collective/prefix-sum-product	cumprod_2d_uint16_t_dim1	Vector/Collective/prefix-sum-product/cumprod_2d_uint16_t_dim1.mlir	1	Vector	Vector/Cumprod.aiv.c310.bc	meta_op.aiv.c310.bc
2	Vector/Collective/prefix-sum-product	cumprod_2d_uint32_t_dim0	Vector/Collective/prefix-sum-product/cumprod_2d_uint32_t_dim0.mlir	1	Vector	Vector/Cumprod.aiv.c310.bc	meta_op.aiv.c310.bc
2	Vector/Collective/prefix-sum-product	cumprod_2d_uint32_t_dim1	Vector/Collective/prefix-sum-product/cumprod_2d_uint32_t_dim1.mlir	1	Vector	Vector/Cumprod.aiv.c310.bc	meta_op.aiv.c310.bc
2	Vector/Collective/prefix-sum-product	cumprod_2d_uint8_t_dim0	Vector/Collective/prefix-sum-product/cumprod_2d_uint8_t_dim0.mlir	1	Vector	Vector/Cumprod.aiv.c310.bc	meta_op.aiv.c310.bc
2	Vector/Collective/prefix-sum-product	cumprod_2d_uint8_t_dim1	Vector/Collective/prefix-sum-product/cumprod_2d_uint8_t_dim1.mlir	1	Vector	Vector/Cumprod.aiv.c310.bc	meta_op.aiv.c310.bc
2	Vector/Collective/prefix-sum-product	cumprod_3d_bfloat16_t_dim0	Vector/Collective/prefix-sum-product/cumprod_3d_bfloat16_t_dim0.mlir	1	Vector	Vector/Cumprod.aiv.c310.bc	meta_op.aiv.c310.bc
2	Vector/Collective/prefix-sum-product	cumprod_3d_bfloat16_t_dim1	Vector/Collective/prefix-sum-product/cumprod_3d_bfloat16_t_dim1.mlir	1	Vector	Vector/Cumprod.aiv.c310.bc	meta_op.aiv.c310.bc
2	Vector/Collective/prefix-sum-product	cumprod_3d_float_dim0	Vector/Collective/prefix-sum-product/cumprod_3d_float_dim0.mlir	1	Vector	Vector/Cumprod.aiv.c310.bc	meta_op.aiv.c310.bc
2	Vector/Collective/prefix-sum-product	cumprod_3d_float_dim1	Vector/Collective/prefix-sum-product/cumprod_3d_float_dim1.mlir	1	Vector	Vector/Cumprod.aiv.c310.bc	meta_op.aiv.c310.bc
2	Vector/Collective/prefix-sum-product	cumprod_3d_half_dim0	Vector/Collective/prefix-sum-product/cumprod_3d_half_dim0.mlir	1	Vector	Vector/Cumprod.aiv.c310.bc	meta_op.aiv.c310.bc
2	Vector/Collective/prefix-sum-product	cumprod_3d_half_dim1	Vector/Collective/prefix-sum-product/cumprod_3d_half_dim1.mlir	1	Vector	Vector/Cumprod.aiv.c310.bc	meta_op.aiv.c310.bc
2	Vector/Collective/prefix-sum-product	cumprod_3d_int16_t_dim0	Vector/Collective/prefix-sum-product/cumprod_3d_int16_t_dim0.mlir	1	Vector	Vector/Cumprod.aiv.c310.bc	meta_op.aiv.c310.bc
2	Vector/Collective/prefix-sum-product	cumprod_3d_int16_t_dim1	Vector/Collective/prefix-sum-product/cumprod_3d_int16_t_dim1.mlir	1	Vector	Vector/Cumprod.aiv.c310.bc	meta_op.aiv.c310.bc
2	Vector/Collective/prefix-sum-product	cumprod_3d_int32_t_dim0	Vector/Collective/prefix-sum-product/cumprod_3d_int32_t_dim0.mlir	1	Vector	Vector/Cumprod.aiv.c310.bc	meta_op.aiv.c310.bc
2	Vector/Collective/prefix-sum-product	cumprod_3d_int32_t_dim1	Vector/Collective/prefix-sum-product/cumprod_3d_int32_t_dim1.mlir	1	Vector	Vector/Cumprod.aiv.c310.bc	meta_op.aiv.c310.bc
2	Vector/Collective/prefix-sum-product	cumprod_3d_int8_t_dim0	Vector/Collective/prefix-sum-product/cumprod_3d_int8_t_dim0.mlir	1	Vector	Vector/Cumprod.aiv.c310.bc	meta_op.aiv.c310.bc
2	Vector/Collective/prefix-sum-product	cumprod_3d_int8_t_dim1	Vector/Collective/prefix-sum-product/cumprod_3d_int8_t_dim1.mlir	1	Vector	Vector/Cumprod.aiv.c310.bc	meta_op.aiv.c310.bc
2	Vector/Collective/prefix-sum-product	cumprod_3d_uint16_t_dim0	Vector/Collective/prefix-sum-product/cumprod_3d_uint16_t_dim0.mlir	1	Vector	Vector/Cumprod.aiv.c310.bc	meta_op.aiv.c310.bc
2	Vector/Collective/prefix-sum-product	cumprod_3d_uint16_t_dim1	Vector/Collective/prefix-sum-product/cumprod_3d_uint16_t_dim1.mlir	1	Vector	Vector/Cumprod.aiv.c310.bc	meta_op.aiv.c310.bc
2	Vector/Collective/prefix-sum-product	cumprod_3d_uint32_t_dim0	Vector/Collective/prefix-sum-product/cumprod_3d_uint32_t_dim0.mlir	1	Vector	Vector/Cumprod.aiv.c310.bc	meta_op.aiv.c310.bc
2	Vector/Collective/prefix-sum-product	cumprod_3d_uint32_t_dim1	Vector/Collective/prefix-sum-product/cumprod_3d_uint32_t_dim1.mlir	1	Vector	Vector/Cumprod.aiv.c310.bc	meta_op.aiv.c310.bc
2	Vector/Collective/prefix-sum-product	cumprod_3d_uint8_t_dim0	Vector/Collective/prefix-sum-product/cumprod_3d_uint8_t_dim0.mlir	1	Vector	Vector/Cumprod.aiv.c310.bc	meta_op.aiv.c310.bc
2	Vector/Collective/prefix-sum-product	cumprod_3d_uint8_t_dim1	Vector/Collective/prefix-sum-product/cumprod_3d_uint8_t_dim1.mlir	1	Vector	Vector/Cumprod.aiv.c310.bc	meta_op.aiv.c310.bc
2	Vector/Collective/prefix-sum-product	cumsum_1d_bfloat16_t_dim0	Vector/Collective/prefix-sum-product/cumsum_1d_bfloat16_t_dim0.mlir	1	Vector	Vector/CumsumSimtSklansky.aiv.c310.bc	meta_op.aiv.c310.bc
2	Vector/Collective/prefix-sum-product	cumsum_1d_float_dim0	Vector/Collective/prefix-sum-product/cumsum_1d_float_dim0.mlir	1	Vector	Vector/CumsumSimtSklansky.aiv.c310.bc	meta_op.aiv.c310.bc
2	Vector/Collective/prefix-sum-product	cumsum_1d_half_dim0	Vector/Collective/prefix-sum-product/cumsum_1d_half_dim0.mlir	1	Vector	Vector/CumsumSimtSklansky.aiv.c310.bc	meta_op.aiv.c310.bc
2	Vector/Collective/prefix-sum-product	cumsum_1d_int16_t_dim0	Vector/Collective/prefix-sum-product/cumsum_1d_int16_t_dim0.mlir	1	Vector	Vector/CumsumSimtSklansky.aiv.c310.bc	meta_op.aiv.c310.bc
2	Vector/Collective/prefix-sum-product	cumsum_1d_int32_t_dim0	Vector/Collective/prefix-sum-product/cumsum_1d_int32_t_dim0.mlir	1	Vector	Vector/CumsumSimtSklansky.aiv.c310.bc	meta_op.aiv.c310.bc
2	Vector/Collective/prefix-sum-product	cumsum_1d_int32_t_to_int64_t_dim0	Vector/Collective/prefix-sum-product/cumsum_1d_int32_t_to_int64_t_dim0.mlir	1	Vector	Vector/CumsumSimtSklansky.aiv.c310.bc	meta_op.aiv.c310.bc
2	Vector/Collective/prefix-sum-product	cumsum_1d_int64_t_dim0	Vector/Collective/prefix-sum-product/cumsum_1d_int64_t_dim0.mlir	1	Vector	Vector/CumsumSimtSklansky.aiv.c310.bc	meta_op.aiv.c310.bc
2	Vector/Collective/prefix-sum-product	cumsum_1d_int8_t_dim0	Vector/Collective/prefix-sum-product/cumsum_1d_int8_t_dim0.mlir	1	Vector	Vector/CumsumSimtSklansky.aiv.c310.bc	meta_op.aiv.c310.bc
2	Vector/Collective/prefix-sum-product	cumsum_1d_uint16_t_dim0	Vector/Collective/prefix-sum-product/cumsum_1d_uint16_t_dim0.mlir	1	Vector	Vector/CumsumSimtSklansky.aiv.c310.bc	meta_op.aiv.c310.bc
2	Vector/Collective/prefix-sum-product	cumsum_1d_uint32_t_dim0	Vector/Collective/prefix-sum-product/cumsum_1d_uint32_t_dim0.mlir	1	Vector	Vector/CumsumSimtSklansky.aiv.c310.bc	meta_op.aiv.c310.bc
2	Vector/Collective/prefix-sum-product	cumsum_1d_uint8_t_dim0	Vector/Collective/prefix-sum-product/cumsum_1d_uint8_t_dim0.mlir	1	Vector	Vector/CumsumSimtSklansky.aiv.c310.bc	meta_op.aiv.c310.bc
2	Vector/Collective/prefix-sum-product	cumsum_2d_bfloat16_t_dim0	Vector/Collective/prefix-sum-product/cumsum_2d_bfloat16_t_dim0.mlir	1	Vector	Vector/Cumsum.aiv.c310.bc	meta_op.aiv.c310.bc
2	Vector/Collective/prefix-sum-product	cumsum_2d_bfloat16_t_dim1	Vector/Collective/prefix-sum-product/cumsum_2d_bfloat16_t_dim1.mlir	1	Vector	Vector/Cumsum.aiv.c310.bc	meta_op.aiv.c310.bc
2	Vector/Collective/prefix-sum-product	cumsum_2d_float_dim0	Vector/Collective/prefix-sum-product/cumsum_2d_float_dim0.mlir	1	Vector	Vector/Cumsum.aiv.c310.bc	meta_op.aiv.c310.bc
2	Vector/Collective/prefix-sum-product	cumsum_2d_float_dim0_comp	Vector/Collective/prefix-sum-product/cumsum_2d_float_dim0_comp.mlir	1	Vector	Vector/Cumsum.aiv.c310.bc	meta_op.aiv.c310.bc
2	Vector/Collective/prefix-sum-product	cumsum_2d_float_dim1	Vector/Collective/prefix-sum-product/cumsum_2d_float_dim1.mlir	1	Vector	Vector/Cumsum.aiv.c310.bc	meta_op.aiv.c310.bc
2	Vector/Collective/prefix-sum-product	cumsum_2d_float_dim1_comp	Vector/Collective/prefix-sum-product/cumsum_2d_float_dim1_comp.mlir	1	Vector	Vector/Cumsum.aiv.c310.bc	meta_op.aiv.c310.bc
2	Vector/Collective/prefix-sum-product	cumsum_2d_half_dim0	Vector/Collective/prefix-sum-product/cumsum_2d_half_dim0.mlir	1	Vector	Vector/Cumsum.aiv.c310.bc	meta_op.aiv.c310.bc
2	Vector/Collective/prefix-sum-product	cumsum_2d_half_dim1	Vector/Collective/prefix-sum-product/cumsum_2d_half_dim1.mlir	1	Vector	Vector/Cumsum.aiv.c310.bc	meta_op.aiv.c310.bc
2	Vector/Collective/prefix-sum-product	cumsum_2d_int16_t_dim0	Vector/Collective/prefix-sum-product/cumsum_2d_int16_t_dim0.mlir	1	Vector	Vector/Cumsum.aiv.c310.bc	meta_op.aiv.c310.bc
2	Vector/Collective/prefix-sum-product	cumsum_2d_int16_t_dim1	Vector/Collective/prefix-sum-product/cumsum_2d_int16_t_dim1.mlir	1	Vector	Vector/Cumsum.aiv.c310.bc	meta_op.aiv.c310.bc
2	Vector/Collective/prefix-sum-product	cumsum_2d_int32_t_dim0	Vector/Collective/prefix-sum-product/cumsum_2d_int32_t_dim0.mlir	1	Vector	Vector/Cumsum.aiv.c310.bc	meta_op.aiv.c310.bc
2	Vector/Collective/prefix-sum-product	cumsum_2d_int32_t_dim1	Vector/Collective/prefix-sum-product/cumsum_2d_int32_t_dim1.mlir	1	Vector	Vector/Cumsum.aiv.c310.bc	meta_op.aiv.c310.bc
2	Vector/Collective/prefix-sum-product	cumsum_2d_int8_t_dim0	Vector/Collective/prefix-sum-product/cumsum_2d_int8_t_dim0.mlir	1	Vector	Vector/Cumsum.aiv.c310.bc	meta_op.aiv.c310.bc
2	Vector/Collective/prefix-sum-product	cumsum_2d_int8_t_dim1	Vector/Collective/prefix-sum-product/cumsum_2d_int8_t_dim1.mlir	1	Vector	Vector/Cumsum.aiv.c310.bc	meta_op.aiv.c310.bc
2	Vector/Collective/prefix-sum-product	cumsum_2d_uint16_t_dim0	Vector/Collective/prefix-sum-product/cumsum_2d_uint16_t_dim0.mlir	1	Vector	Vector/Cumsum.aiv.c310.bc	meta_op.aiv.c310.bc
2	Vector/Collective/prefix-sum-product	cumsum_2d_uint16_t_dim1	Vector/Collective/prefix-sum-product/cumsum_2d_uint16_t_dim1.mlir	1	Vector	Vector/Cumsum.aiv.c310.bc	meta_op.aiv.c310.bc
2	Vector/Collective/prefix-sum-product	cumsum_2d_uint32_t_dim0	Vector/Collective/prefix-sum-product/cumsum_2d_uint32_t_dim0.mlir	1	Vector	Vector/Cumsum.aiv.c310.bc	meta_op.aiv.c310.bc
2	Vector/Collective/prefix-sum-product	cumsum_2d_uint32_t_dim1	Vector/Collective/prefix-sum-product/cumsum_2d_uint32_t_dim1.mlir	1	Vector	Vector/Cumsum.aiv.c310.bc	meta_op.aiv.c310.bc
2	Vector/Collective/prefix-sum-product	cumsum_2d_uint8_t_dim0	Vector/Collective/prefix-sum-product/cumsum_2d_uint8_t_dim0.mlir	1	Vector	Vector/Cumsum.aiv.c310.bc	meta_op.aiv.c310.bc
2	Vector/Collective/prefix-sum-product	cumsum_2d_uint8_t_dim1	Vector/Collective/prefix-sum-product/cumsum_2d_uint8_t_dim1.mlir	1	Vector	Vector/Cumsum.aiv.c310.bc	meta_op.aiv.c310.bc
2	Vector/Collective/prefix-sum-product	cumsum_3d_bfloat16_t_dim0	Vector/Collective/prefix-sum-product/cumsum_3d_bfloat16_t_dim0.mlir	1	Vector	Vector/Cumsum.aiv.c310.bc	meta_op.aiv.c310.bc
2	Vector/Collective/prefix-sum-product	cumsum_3d_bfloat16_t_dim1	Vector/Collective/prefix-sum-product/cumsum_3d_bfloat16_t_dim1.mlir	1	Vector	Vector/Cumsum.aiv.c310.bc	meta_op.aiv.c310.bc
2	Vector/Collective/prefix-sum-product	cumsum_3d_float_dim0	Vector/Collective/prefix-sum-product/cumsum_3d_float_dim0.mlir	1	Vector	Vector/Cumsum.aiv.c310.bc	meta_op.aiv.c310.bc
2	Vector/Collective/prefix-sum-product	cumsum_3d_float_dim0_comp	Vector/Collective/prefix-sum-product/cumsum_3d_float_dim0_comp.mlir	1	Vector	Vector/Cumsum.aiv.c310.bc	meta_op.aiv.c310.bc
2	Vector/Collective/prefix-sum-product	cumsum_3d_float_dim1	Vector/Collective/prefix-sum-product/cumsum_3d_float_dim1.mlir	1	Vector	Vector/Cumsum.aiv.c310.bc	meta_op.aiv.c310.bc
2	Vector/Collective/prefix-sum-product	cumsum_3d_float_dim1_comp	Vector/Collective/prefix-sum-product/cumsum_3d_float_dim1_comp.mlir	1	Vector	Vector/Cumsum.aiv.c310.bc	meta_op.aiv.c310.bc
2	Vector/Collective/prefix-sum-product	cumsum_3d_half_dim0	Vector/Collective/prefix-sum-product/cumsum_3d_half_dim0.mlir	1	Vector	Vector/Cumsum.aiv.c310.bc	meta_op.aiv.c310.bc
2	Vector/Collective/prefix-sum-product	cumsum_3d_half_dim1	Vector/Collective/prefix-sum-product/cumsum_3d_half_dim1.mlir	1	Vector	Vector/Cumsum.aiv.c310.bc	meta_op.aiv.c310.bc
2	Vector/Collective/prefix-sum-product	cumsum_3d_int16_t_dim0	Vector/Collective/prefix-sum-product/cumsum_3d_int16_t_dim0.mlir	1	Vector	Vector/Cumsum.aiv.c310.bc	meta_op.aiv.c310.bc
2	Vector/Collective/prefix-sum-product	cumsum_3d_int16_t_dim1	Vector/Collective/prefix-sum-product/cumsum_3d_int16_t_dim1.mlir	1	Vector	Vector/Cumsum.aiv.c310.bc	meta_op.aiv.c310.bc
2	Vector/Collective/prefix-sum-product	cumsum_3d_int32_t_dim0	Vector/Collective/prefix-sum-product/cumsum_3d_int32_t_dim0.mlir	1	Vector	Vector/Cumsum.aiv.c310.bc	meta_op.aiv.c310.bc
2	Vector/Collective/prefix-sum-product	cumsum_3d_int32_t_dim1	Vector/Collective/prefix-sum-product/cumsum_3d_int32_t_dim1.mlir	1	Vector	Vector/Cumsum.aiv.c310.bc	meta_op.aiv.c310.bc
2	Vector/Collective/prefix-sum-product	cumsum_3d_int8_t_dim0	Vector/Collective/prefix-sum-product/cumsum_3d_int8_t_dim0.mlir	1	Vector	Vector/Cumsum.aiv.c310.bc	meta_op.aiv.c310.bc
2	Vector/Collective/prefix-sum-product	cumsum_3d_int8_t_dim1	Vector/Collective/prefix-sum-product/cumsum_3d_int8_t_dim1.mlir	1	Vector	Vector/Cumsum.aiv.c310.bc	meta_op.aiv.c310.bc
2	Vector/Collective/prefix-sum-product	cumsum_3d_uint16_t_dim0	Vector/Collective/prefix-sum-product/cumsum_3d_uint16_t_dim0.mlir	1	Vector	Vector/Cumsum.aiv.c310.bc	meta_op.aiv.c310.bc
2	Vector/Collective/prefix-sum-product	cumsum_3d_uint16_t_dim1	Vector/Collective/prefix-sum-product/cumsum_3d_uint16_t_dim1.mlir	1	Vector	Vector/Cumsum.aiv.c310.bc	meta_op.aiv.c310.bc
2	Vector/Collective/prefix-sum-product	cumsum_3d_uint32_t_dim0	Vector/Collective/prefix-sum-product/cumsum_3d_uint32_t_dim0.mlir	1	Vector	Vector/Cumsum.aiv.c310.bc	meta_op.aiv.c310.bc
2	Vector/Collective/prefix-sum-product	cumsum_3d_uint32_t_dim1	Vector/Collective/prefix-sum-product/cumsum_3d_uint32_t_dim1.mlir	1	Vector	Vector/Cumsum.aiv.c310.bc	meta_op.aiv.c310.bc
2	Vector/Collective/prefix-sum-product	cumsum_3d_uint8_t_dim0	Vector/Collective/prefix-sum-product/cumsum_3d_uint8_t_dim0.mlir	1	Vector	Vector/Cumsum.aiv.c310.bc	meta_op.aiv.c310.bc
2	Vector/Collective/prefix-sum-product	cumsum_3d_uint8_t_dim1	Vector/Collective/prefix-sum-product/cumsum_3d_uint8_t_dim1.mlir	1	Vector	Vector/Cumsum.aiv.c310.bc	meta_op.aiv.c310.bc
2	Vector/Collective/rearrangement	flip_1d_bfloat16_t	Vector/Collective/rearrangement/flip_1d_bfloat16_t.mlir	1	Vector	Vector/Flip1D.aiv.c310.bc	meta_op.aiv.c310.bc
2	Vector/Collective/rearrangement	flip_1d_float	Vector/Collective/rearrangement/flip_1d_float.mlir	1	Vector	Vector/Flip1D.aiv.c310.bc	meta_op.aiv.c310.bc
2	Vector/Collective/rearrangement	flip_1d_half	Vector/Collective/rearrangement/flip_1d_half.mlir	1	Vector	Vector/Flip1D.aiv.c310.bc	meta_op.aiv.c310.bc
2	Vector/Collective/rearrangement	flip_1d_int16_t	Vector/Collective/rearrangement/flip_1d_int16_t.mlir	1	Vector	Vector/Flip1D.aiv.c310.bc	meta_op.aiv.c310.bc
2	Vector/Collective/rearrangement	flip_1d_int32_t	Vector/Collective/rearrangement/flip_1d_int32_t.mlir	1	Vector	Vector/Flip1D.aiv.c310.bc	meta_op.aiv.c310.bc
2	Vector/Collective/rearrangement	flip_1d_int64_t	Vector/Collective/rearrangement/flip_1d_int64_t.mlir	1	Vector	Vector/Flip1D.aiv.c310.bc	meta_op.aiv.c310.bc
2	Vector/Collective/rearrangement	flip_1d_int8_t	Vector/Collective/rearrangement/flip_1d_int8_t.mlir	1	Vector	Vector/Flip1D.aiv.c310.bc	meta_op.aiv.c310.bc
2	Vector/Collective/rearrangement	flip_1d_uint16_t	Vector/Collective/rearrangement/flip_1d_uint16_t.mlir	1	Vector	Vector/Flip1D.aiv.c310.bc	meta_op.aiv.c310.bc
2	Vector/Collective/rearrangement	flip_1d_uint32_t	Vector/Collective/rearrangement/flip_1d_uint32_t.mlir	1	Vector	Vector/Flip1D.aiv.c310.bc	meta_op.aiv.c310.bc
2	Vector/Collective/rearrangement	flip_1d_uint64_t	Vector/Collective/rearrangement/flip_1d_uint64_t.mlir	1	Vector	Vector/Flip1D.aiv.c310.bc	meta_op.aiv.c310.bc
2	Vector/Collective/rearrangement	flip_1d_uint8_t	Vector/Collective/rearrangement/flip_1d_uint8_t.mlir	1	Vector	Vector/Flip1D.aiv.c310.bc	meta_op.aiv.c310.bc
2	Vector/Collective/reduction-with-index	reduce_max_with_index_left_ar_float	Vector/Collective/reduction-with-index/reduce_max_with_index_left_ar_float.mlir	1	Vector	Vector/ReductionWithIndex.aiv.c310.bc	meta_op.aiv.c310.bc
2	Vector/Collective/reduction-with-index	reduce_max_with_index_left_ar_half	Vector/Collective/reduction-with-index/reduce_max_with_index_left_ar_half.mlir	1	Vector	Vector/ReductionWithIndex.aiv.c310.bc	meta_op.aiv.c310.bc
2	Vector/Collective/reduction-with-index	reduce_max_with_index_left_ar_int16_t	Vector/Collective/reduction-with-index/reduce_max_with_index_left_ar_int16_t.mlir	1	Vector	Vector/ReductionWithIndex.aiv.c310.bc	meta_op.aiv.c310.bc
2	Vector/Collective/reduction-with-index	reduce_max_with_index_left_ar_int32_t	Vector/Collective/reduction-with-index/reduce_max_with_index_left_ar_int32_t.mlir	1	Vector	Vector/ReductionWithIndex.aiv.c310.bc	meta_op.aiv.c310.bc
2	Vector/Collective/reduction-with-index	reduce_max_with_index_left_ar_int64_t	Vector/Collective/reduction-with-index/reduce_max_with_index_left_ar_int64_t.mlir	1	Vector	Vector/ReductionWithIndex.aiv.c310.bc	meta_op.aiv.c310.bc
2	Vector/Collective/reduction-with-index	reduce_max_with_index_left_r_float	Vector/Collective/reduction-with-index/reduce_max_with_index_left_r_float.mlir	1	Vector	Vector/ReductionWithIndex.aiv.c310.bc	meta_op.aiv.c310.bc
2	Vector/Collective/reduction-with-index	reduce_max_with_index_left_r_half	Vector/Collective/reduction-with-index/reduce_max_with_index_left_r_half.mlir	1	Vector	Vector/ReductionWithIndex.aiv.c310.bc	meta_op.aiv.c310.bc
2	Vector/Collective/reduction-with-index	reduce_max_with_index_left_r_int16_t	Vector/Collective/reduction-with-index/reduce_max_with_index_left_r_int16_t.mlir	1	Vector	Vector/ReductionWithIndex.aiv.c310.bc	meta_op.aiv.c310.bc
2	Vector/Collective/reduction-with-index	reduce_max_with_index_left_r_int32_t	Vector/Collective/reduction-with-index/reduce_max_with_index_left_r_int32_t.mlir	1	Vector	Vector/ReductionWithIndex.aiv.c310.bc	meta_op.aiv.c310.bc
2	Vector/Collective/reduction-with-index	reduce_max_with_index_left_r_int64_t	Vector/Collective/reduction-with-index/reduce_max_with_index_left_r_int64_t.mlir	1	Vector	Vector/ReductionWithIndex.aiv.c310.bc	meta_op.aiv.c310.bc
2	Vector/Collective/reduction-with-index	reduce_max_with_index_left_ra0a1_float	Vector/Collective/reduction-with-index/reduce_max_with_index_left_ra0a1_float.mlir	1	Vector	Vector/ReductionWithIndex.aiv.c310.bc	meta_op.aiv.c310.bc
2	Vector/Collective/reduction-with-index	reduce_max_with_index_left_ra0a1_half	Vector/Collective/reduction-with-index/reduce_max_with_index_left_ra0a1_half.mlir	1	Vector	Vector/ReductionWithIndex.aiv.c310.bc	meta_op.aiv.c310.bc
2	Vector/Collective/reduction-with-index	reduce_max_with_index_left_ra0a1_int16_t	Vector/Collective/reduction-with-index/reduce_max_with_index_left_ra0a1_int16_t.mlir	1	Vector	Vector/ReductionWithIndex.aiv.c310.bc	meta_op.aiv.c310.bc
2	Vector/Collective/reduction-with-index	reduce_max_with_index_left_ra0a1_int32_t	Vector/Collective/reduction-with-index/reduce_max_with_index_left_ra0a1_int32_t.mlir	1	Vector	Vector/ReductionWithIndex.aiv.c310.bc	meta_op.aiv.c310.bc
2	Vector/Collective/reduction-with-index	reduce_max_with_index_left_ra0a1_int64_t	Vector/Collective/reduction-with-index/reduce_max_with_index_left_ra0a1_int64_t.mlir	1	Vector	Vector/ReductionWithIndex.aiv.c310.bc	meta_op.aiv.c310.bc
2	Vector/Collective/reduction-with-index	reduce_max_with_index_left_ra_float	Vector/Collective/reduction-with-index/reduce_max_with_index_left_ra_float.mlir	1	Vector	Vector/ReductionWithIndex.aiv.c310.bc	meta_op.aiv.c310.bc
2	Vector/Collective/reduction-with-index	reduce_max_with_index_left_ra_half	Vector/Collective/reduction-with-index/reduce_max_with_index_left_ra_half.mlir	1	Vector	Vector/ReductionWithIndex.aiv.c310.bc	meta_op.aiv.c310.bc
2	Vector/Collective/reduction-with-index	reduce_max_with_index_left_ra_int16_t	Vector/Collective/reduction-with-index/reduce_max_with_index_left_ra_int16_t.mlir	1	Vector	Vector/ReductionWithIndex.aiv.c310.bc	meta_op.aiv.c310.bc
2	Vector/Collective/reduction-with-index	reduce_max_with_index_left_ra_int32_t	Vector/Collective/reduction-with-index/reduce_max_with_index_left_ra_int32_t.mlir	1	Vector	Vector/ReductionWithIndex.aiv.c310.bc	meta_op.aiv.c310.bc
2	Vector/Collective/reduction-with-index	reduce_max_with_index_left_ra_int64_t	Vector/Collective/reduction-with-index/reduce_max_with_index_left_ra_int64_t.mlir	1	Vector	Vector/ReductionWithIndex.aiv.c310.bc	meta_op.aiv.c310.bc
2	Vector/Collective/reduction-with-index	reduce_max_with_index_right_ar_float	Vector/Collective/reduction-with-index/reduce_max_with_index_right_ar_float.mlir	1	Vector	Vector/ReductionWithIndex.aiv.c310.bc	meta_op.aiv.c310.bc
2	Vector/Collective/reduction-with-index	reduce_max_with_index_right_ar_half	Vector/Collective/reduction-with-index/reduce_max_with_index_right_ar_half.mlir	1	Vector	Vector/ReductionWithIndex.aiv.c310.bc	meta_op.aiv.c310.bc
2	Vector/Collective/reduction-with-index	reduce_max_with_index_right_ar_int16_t	Vector/Collective/reduction-with-index/reduce_max_with_index_right_ar_int16_t.mlir	1	Vector	Vector/ReductionWithIndex.aiv.c310.bc	meta_op.aiv.c310.bc
2	Vector/Collective/reduction-with-index	reduce_max_with_index_right_ar_int32_t	Vector/Collective/reduction-with-index/reduce_max_with_index_right_ar_int32_t.mlir	1	Vector	Vector/ReductionWithIndex.aiv.c310.bc	meta_op.aiv.c310.bc
2	Vector/Collective/reduction-with-index	reduce_max_with_index_right_ar_int64_t	Vector/Collective/reduction-with-index/reduce_max_with_index_right_ar_int64_t.mlir	1	Vector	Vector/ReductionWithIndex.aiv.c310.bc	meta_op.aiv.c310.bc
2	Vector/Collective/reduction-with-index	reduce_max_with_index_right_r_float	Vector/Collective/reduction-with-index/reduce_max_with_index_right_r_float.mlir	1	Vector	Vector/ReductionWithIndex.aiv.c310.bc	meta_op.aiv.c310.bc
2	Vector/Collective/reduction-with-index	reduce_max_with_index_right_r_half	Vector/Collective/reduction-with-index/reduce_max_with_index_right_r_half.mlir	1	Vector	Vector/ReductionWithIndex.aiv.c310.bc	meta_op.aiv.c310.bc
2	Vector/Collective/reduction-with-index	reduce_max_with_index_right_r_int16_t	Vector/Collective/reduction-with-index/reduce_max_with_index_right_r_int16_t.mlir	1	Vector	Vector/ReductionWithIndex.aiv.c310.bc	meta_op.aiv.c310.bc
2	Vector/Collective/reduction-with-index	reduce_max_with_index_right_r_int32_t	Vector/Collective/reduction-with-index/reduce_max_with_index_right_r_int32_t.mlir	1	Vector	Vector/ReductionWithIndex.aiv.c310.bc	meta_op.aiv.c310.bc
2	Vector/Collective/reduction-with-index	reduce_max_with_index_right_r_int64_t	Vector/Collective/reduction-with-index/reduce_max_with_index_right_r_int64_t.mlir	1	Vector	Vector/ReductionWithIndex.aiv.c310.bc	meta_op.aiv.c310.bc
2	Vector/Collective/reduction-with-index	reduce_max_with_index_right_ra0a1_float	Vector/Collective/reduction-with-index/reduce_max_with_index_right_ra0a1_float.mlir	1	Vector	Vector/ReductionWithIndex.aiv.c310.bc	meta_op.aiv.c310.bc
2	Vector/Collective/reduction-with-index	reduce_max_with_index_right_ra0a1_half	Vector/Collective/reduction-with-index/reduce_max_with_index_right_ra0a1_half.mlir	1	Vector	Vector/ReductionWithIndex.aiv.c310.bc	meta_op.aiv.c310.bc
2	Vector/Collective/reduction-with-index	reduce_max_with_index_right_ra0a1_int16_t	Vector/Collective/reduction-with-index/reduce_max_with_index_right_ra0a1_int16_t.mlir	1	Vector	Vector/ReductionWithIndex.aiv.c310.bc	meta_op.aiv.c310.bc
2	Vector/Collective/reduction-with-index	reduce_max_with_index_right_ra0a1_int32_t	Vector/Collective/reduction-with-index/reduce_max_with_index_right_ra0a1_int32_t.mlir	1	Vector	Vector/ReductionWithIndex.aiv.c310.bc	meta_op.aiv.c310.bc
2	Vector/Collective/reduction-with-index	reduce_max_with_index_right_ra0a1_int64_t	Vector/Collective/reduction-with-index/reduce_max_with_index_right_ra0a1_int64_t.mlir	1	Vector	Vector/ReductionWithIndex.aiv.c310.bc	meta_op.aiv.c310.bc
2	Vector/Collective/reduction-with-index	reduce_max_with_index_right_ra_float	Vector/Collective/reduction-with-index/reduce_max_with_index_right_ra_float.mlir	1	Vector	Vector/ReductionWithIndex.aiv.c310.bc	meta_op.aiv.c310.bc
2	Vector/Collective/reduction-with-index	reduce_max_with_index_right_ra_half	Vector/Collective/reduction-with-index/reduce_max_with_index_right_ra_half.mlir	1	Vector	Vector/ReductionWithIndex.aiv.c310.bc	meta_op.aiv.c310.bc
2	Vector/Collective/reduction-with-index	reduce_max_with_index_right_ra_int16_t	Vector/Collective/reduction-with-index/reduce_max_with_index_right_ra_int16_t.mlir	1	Vector	Vector/ReductionWithIndex.aiv.c310.bc	meta_op.aiv.c310.bc
2	Vector/Collective/reduction-with-index	reduce_max_with_index_right_ra_int32_t	Vector/Collective/reduction-with-index/reduce_max_with_index_right_ra_int32_t.mlir	1	Vector	Vector/ReductionWithIndex.aiv.c310.bc	meta_op.aiv.c310.bc
2	Vector/Collective/reduction-with-index	reduce_max_with_index_right_ra_int64_t	Vector/Collective/reduction-with-index/reduce_max_with_index_right_ra_int64_t.mlir	1	Vector	Vector/ReductionWithIndex.aiv.c310.bc	meta_op.aiv.c310.bc
2	Vector/Collective/reduction-with-index	reduce_min_with_index_left_ar_float	Vector/Collective/reduction-with-index/reduce_min_with_index_left_ar_float.mlir	1	Vector	Vector/ReductionWithIndex.aiv.c310.bc	meta_op.aiv.c310.bc
2	Vector/Collective/reduction-with-index	reduce_min_with_index_left_ar_half	Vector/Collective/reduction-with-index/reduce_min_with_index_left_ar_half.mlir	1	Vector	Vector/ReductionWithIndex.aiv.c310.bc	meta_op.aiv.c310.bc
2	Vector/Collective/reduction-with-index	reduce_min_with_index_left_ar_int16_t	Vector/Collective/reduction-with-index/reduce_min_with_index_left_ar_int16_t.mlir	1	Vector	Vector/ReductionWithIndex.aiv.c310.bc	meta_op.aiv.c310.bc
2	Vector/Collective/reduction-with-index	reduce_min_with_index_left_ar_int32_t	Vector/Collective/reduction-with-index/reduce_min_with_index_left_ar_int32_t.mlir	1	Vector	Vector/ReductionWithIndex.aiv.c310.bc	meta_op.aiv.c310.bc
2	Vector/Collective/reduction-with-index	reduce_min_with_index_left_ar_int64_t	Vector/Collective/reduction-with-index/reduce_min_with_index_left_ar_int64_t.mlir	1	Vector	Vector/ReductionWithIndex.aiv.c310.bc	meta_op.aiv.c310.bc
2	Vector/Collective/reduction-with-index	reduce_min_with_index_left_r_float	Vector/Collective/reduction-with-index/reduce_min_with_index_left_r_float.mlir	1	Vector	Vector/ReductionWithIndex.aiv.c310.bc	meta_op.aiv.c310.bc
2	Vector/Collective/reduction-with-index	reduce_min_with_index_left_r_half	Vector/Collective/reduction-with-index/reduce_min_with_index_left_r_half.mlir	1	Vector	Vector/ReductionWithIndex.aiv.c310.bc	meta_op.aiv.c310.bc
2	Vector/Collective/reduction-with-index	reduce_min_with_index_left_r_int16_t	Vector/Collective/reduction-with-index/reduce_min_with_index_left_r_int16_t.mlir	1	Vector	Vector/ReductionWithIndex.aiv.c310.bc	meta_op.aiv.c310.bc
2	Vector/Collective/reduction-with-index	reduce_min_with_index_left_r_int32_t	Vector/Collective/reduction-with-index/reduce_min_with_index_left_r_int32_t.mlir	1	Vector	Vector/ReductionWithIndex.aiv.c310.bc	meta_op.aiv.c310.bc
2	Vector/Collective/reduction-with-index	reduce_min_with_index_left_r_int64_t	Vector/Collective/reduction-with-index/reduce_min_with_index_left_r_int64_t.mlir	1	Vector	Vector/ReductionWithIndex.aiv.c310.bc	meta_op.aiv.c310.bc
2	Vector/Collective/reduction-with-index	reduce_min_with_index_left_ra0a1_float	Vector/Collective/reduction-with-index/reduce_min_with_index_left_ra0a1_float.mlir	1	Vector	Vector/ReductionWithIndex.aiv.c310.bc	meta_op.aiv.c310.bc
2	Vector/Collective/reduction-with-index	reduce_min_with_index_left_ra0a1_half	Vector/Collective/reduction-with-index/reduce_min_with_index_left_ra0a1_half.mlir	1	Vector	Vector/ReductionWithIndex.aiv.c310.bc	meta_op.aiv.c310.bc
2	Vector/Collective/reduction-with-index	reduce_min_with_index_left_ra0a1_int16_t	Vector/Collective/reduction-with-index/reduce_min_with_index_left_ra0a1_int16_t.mlir	1	Vector	Vector/ReductionWithIndex.aiv.c310.bc	meta_op.aiv.c310.bc
2	Vector/Collective/reduction-with-index	reduce_min_with_index_left_ra0a1_int32_t	Vector/Collective/reduction-with-index/reduce_min_with_index_left_ra0a1_int32_t.mlir	1	Vector	Vector/ReductionWithIndex.aiv.c310.bc	meta_op.aiv.c310.bc
2	Vector/Collective/reduction-with-index	reduce_min_with_index_left_ra0a1_int64_t	Vector/Collective/reduction-with-index/reduce_min_with_index_left_ra0a1_int64_t.mlir	1	Vector	Vector/ReductionWithIndex.aiv.c310.bc	meta_op.aiv.c310.bc
2	Vector/Collective/reduction-with-index	reduce_min_with_index_left_ra_float	Vector/Collective/reduction-with-index/reduce_min_with_index_left_ra_float.mlir	1	Vector	Vector/ReductionWithIndex.aiv.c310.bc	meta_op.aiv.c310.bc
2	Vector/Collective/reduction-with-index	reduce_min_with_index_left_ra_half	Vector/Collective/reduction-with-index/reduce_min_with_index_left_ra_half.mlir	1	Vector	Vector/ReductionWithIndex.aiv.c310.bc	meta_op.aiv.c310.bc
2	Vector/Collective/reduction-with-index	reduce_min_with_index_left_ra_int16_t	Vector/Collective/reduction-with-index/reduce_min_with_index_left_ra_int16_t.mlir	1	Vector	Vector/ReductionWithIndex.aiv.c310.bc	meta_op.aiv.c310.bc
2	Vector/Collective/reduction-with-index	reduce_min_with_index_left_ra_int32_t	Vector/Collective/reduction-with-index/reduce_min_with_index_left_ra_int32_t.mlir	1	Vector	Vector/ReductionWithIndex.aiv.c310.bc	meta_op.aiv.c310.bc
2	Vector/Collective/reduction-with-index	reduce_min_with_index_left_ra_int64_t	Vector/Collective/reduction-with-index/reduce_min_with_index_left_ra_int64_t.mlir	1	Vector	Vector/ReductionWithIndex.aiv.c310.bc	meta_op.aiv.c310.bc
2	Vector/Collective/reduction-with-index	reduce_min_with_index_right_ar_float	Vector/Collective/reduction-with-index/reduce_min_with_index_right_ar_float.mlir	1	Vector	Vector/ReductionWithIndex.aiv.c310.bc	meta_op.aiv.c310.bc
2	Vector/Collective/reduction-with-index	reduce_min_with_index_right_ar_half	Vector/Collective/reduction-with-index/reduce_min_with_index_right_ar_half.mlir	1	Vector	Vector/ReductionWithIndex.aiv.c310.bc	meta_op.aiv.c310.bc
2	Vector/Collective/reduction-with-index	reduce_min_with_index_right_ar_int16_t	Vector/Collective/reduction-with-index/reduce_min_with_index_right_ar_int16_t.mlir	1	Vector	Vector/ReductionWithIndex.aiv.c310.bc	meta_op.aiv.c310.bc
2	Vector/Collective/reduction-with-index	reduce_min_with_index_right_ar_int32_t	Vector/Collective/reduction-with-index/reduce_min_with_index_right_ar_int32_t.mlir	1	Vector	Vector/ReductionWithIndex.aiv.c310.bc	meta_op.aiv.c310.bc
2	Vector/Collective/reduction-with-index	reduce_min_with_index_right_ar_int64_t	Vector/Collective/reduction-with-index/reduce_min_with_index_right_ar_int64_t.mlir	1	Vector	Vector/ReductionWithIndex.aiv.c310.bc	meta_op.aiv.c310.bc
2	Vector/Collective/reduction-with-index	reduce_min_with_index_right_r_float	Vector/Collective/reduction-with-index/reduce_min_with_index_right_r_float.mlir	1	Vector	Vector/ReductionWithIndex.aiv.c310.bc	meta_op.aiv.c310.bc
2	Vector/Collective/reduction-with-index	reduce_min_with_index_right_r_half	Vector/Collective/reduction-with-index/reduce_min_with_index_right_r_half.mlir	1	Vector	Vector/ReductionWithIndex.aiv.c310.bc	meta_op.aiv.c310.bc
2	Vector/Collective/reduction-with-index	reduce_min_with_index_right_r_int16_t	Vector/Collective/reduction-with-index/reduce_min_with_index_right_r_int16_t.mlir	1	Vector	Vector/ReductionWithIndex.aiv.c310.bc	meta_op.aiv.c310.bc
2	Vector/Collective/reduction-with-index	reduce_min_with_index_right_r_int32_t	Vector/Collective/reduction-with-index/reduce_min_with_index_right_r_int32_t.mlir	1	Vector	Vector/ReductionWithIndex.aiv.c310.bc	meta_op.aiv.c310.bc
2	Vector/Collective/reduction-with-index	reduce_min_with_index_right_r_int64_t	Vector/Collective/reduction-with-index/reduce_min_with_index_right_r_int64_t.mlir	1	Vector	Vector/ReductionWithIndex.aiv.c310.bc	meta_op.aiv.c310.bc
2	Vector/Collective/reduction-with-index	reduce_min_with_index_right_ra0a1_float	Vector/Collective/reduction-with-index/reduce_min_with_index_right_ra0a1_float.mlir	1	Vector	Vector/ReductionWithIndex.aiv.c310.bc	meta_op.aiv.c310.bc
2	Vector/Collective/reduction-with-index	reduce_min_with_index_right_ra0a1_half	Vector/Collective/reduction-with-index/reduce_min_with_index_right_ra0a1_half.mlir	1	Vector	Vector/ReductionWithIndex.aiv.c310.bc	meta_op.aiv.c310.bc
2	Vector/Collective/reduction-with-index	reduce_min_with_index_right_ra0a1_int16_t	Vector/Collective/reduction-with-index/reduce_min_with_index_right_ra0a1_int16_t.mlir	1	Vector	Vector/ReductionWithIndex.aiv.c310.bc	meta_op.aiv.c310.bc
2	Vector/Collective/reduction-with-index	reduce_min_with_index_right_ra0a1_int32_t	Vector/Collective/reduction-with-index/reduce_min_with_index_right_ra0a1_int32_t.mlir	1	Vector	Vector/ReductionWithIndex.aiv.c310.bc	meta_op.aiv.c310.bc
2	Vector/Collective/reduction-with-index	reduce_min_with_index_right_ra0a1_int64_t	Vector/Collective/reduction-with-index/reduce_min_with_index_right_ra0a1_int64_t.mlir	1	Vector	Vector/ReductionWithIndex.aiv.c310.bc	meta_op.aiv.c310.bc
2	Vector/Collective/reduction-with-index	reduce_min_with_index_right_ra_float	Vector/Collective/reduction-with-index/reduce_min_with_index_right_ra_float.mlir	1	Vector	Vector/ReductionWithIndex.aiv.c310.bc	meta_op.aiv.c310.bc
2	Vector/Collective/reduction-with-index	reduce_min_with_index_right_ra_half	Vector/Collective/reduction-with-index/reduce_min_with_index_right_ra_half.mlir	1	Vector	Vector/ReductionWithIndex.aiv.c310.bc	meta_op.aiv.c310.bc
2	Vector/Collective/reduction-with-index	reduce_min_with_index_right_ra_int16_t	Vector/Collective/reduction-with-index/reduce_min_with_index_right_ra_int16_t.mlir	1	Vector	Vector/ReductionWithIndex.aiv.c310.bc	meta_op.aiv.c310.bc
2	Vector/Collective/reduction-with-index	reduce_min_with_index_right_ra_int32_t	Vector/Collective/reduction-with-index/reduce_min_with_index_right_ra_int32_t.mlir	1	Vector	Vector/ReductionWithIndex.aiv.c310.bc	meta_op.aiv.c310.bc
2	Vector/Collective/reduction-with-index	reduce_min_with_index_right_ra_int64_t	Vector/Collective/reduction-with-index/reduce_min_with_index_right_ra_int64_t.mlir	1	Vector	Vector/ReductionWithIndex.aiv.c310.bc	meta_op.aiv.c310.bc
2	Vector/Collective/sorting	sort_1d_float	Vector/Collective/sorting/sort_1d_float.mlir	1	Vector	Vector/Sort1D.aiv.c310.bc	meta_op.aiv.c310.bc
2	Vector/Collective/sorting	sort_1d_half	Vector/Collective/sorting/sort_1d_half.mlir	1	Vector	Vector/Sort1D.aiv.c310.bc	meta_op.aiv.c310.bc
2	Vector/Collective/sorting	sort_1d_int32_t	Vector/Collective/sorting/sort_1d_int32_t.mlir	1	Vector	Vector/Sort1D.aiv.c310.bc	meta_op.aiv.c310.bc
2	Vector/Collective/sorting	sort_1d_int64_t	Vector/Collective/sorting/sort_1d_int64_t.mlir	1	Vector	Vector/Sort1D.aiv.c310.bc	meta_op.aiv.c310.bc
2	Vector/Collective/sorting	sort_2d_float	Vector/Collective/sorting/sort_2d_float.mlir	1	Vector	Vector/Sort2D.aiv.c310.bc	meta_op.aiv.c310.bc
2	Vector/Collective/sorting	sort_2d_half	Vector/Collective/sorting/sort_2d_half.mlir	1	Vector	Vector/Sort2D.aiv.c310.bc	meta_op.aiv.c310.bc
2	Vector/Collective/sorting	sort_2d_int32_t	Vector/Collective/sorting/sort_2d_int32_t.mlir	1	Vector	Vector/Sort2D.aiv.c310.bc	meta_op.aiv.c310.bc
2	Vector/Collective/sorting	sort_2d_int64_t	Vector/Collective/sorting/sort_2d_int64_t.mlir	1	Vector	Vector/Sort2D.aiv.c310.bc	meta_op.aiv.c310.bc
2	Vector/DMA/gm-to-ub	load_gm_to_ubuf_1d_bfloat16_t	Vector/DMA/gm-to-ub/load_gm_to_ubuf_1d_bfloat16_t.mlir	1	Vector	Vector/Copy1D.aiv.c310.bc	meta_op.aiv.c310.bc
2	Vector/DMA/gm-to-ub	load_gm_to_ubuf_1d_float	Vector/DMA/gm-to-ub/load_gm_to_ubuf_1d_float.mlir	1	Vector	Vector/Copy1D.aiv.c310.bc	meta_op.aiv.c310.bc
2	Vector/DMA/gm-to-ub	load_gm_to_ubuf_1d_float8_e4m3_t	Vector/DMA/gm-to-ub/load_gm_to_ubuf_1d_float8_e4m3_t.mlir	1	Vector	Vector/Copy1D.aiv.c310.bc	meta_op.aiv.c310.bc
2	Vector/DMA/gm-to-ub	load_gm_to_ubuf_1d_float8_e5m2_t	Vector/DMA/gm-to-ub/load_gm_to_ubuf_1d_float8_e5m2_t.mlir	1	Vector	Vector/Copy1D.aiv.c310.bc	meta_op.aiv.c310.bc
2	Vector/DMA/gm-to-ub	load_gm_to_ubuf_1d_half	Vector/DMA/gm-to-ub/load_gm_to_ubuf_1d_half.mlir	1	Vector	Vector/Copy1D.aiv.c310.bc	meta_op.aiv.c310.bc
2	Vector/DMA/gm-to-ub	load_gm_to_ubuf_1d_int16_t	Vector/DMA/gm-to-ub/load_gm_to_ubuf_1d_int16_t.mlir	1	Vector	Vector/Copy1D.aiv.c310.bc	meta_op.aiv.c310.bc
2	Vector/DMA/gm-to-ub	load_gm_to_ubuf_1d_int32_t	Vector/DMA/gm-to-ub/load_gm_to_ubuf_1d_int32_t.mlir	1	Vector	Vector/Copy1D.aiv.c310.bc	meta_op.aiv.c310.bc
2	Vector/DMA/gm-to-ub	load_gm_to_ubuf_1d_int64_t	Vector/DMA/gm-to-ub/load_gm_to_ubuf_1d_int64_t.mlir	1	Vector	Vector/Copy1D.aiv.c310.bc	meta_op.aiv.c310.bc
2	Vector/DMA/gm-to-ub	load_gm_to_ubuf_1d_int8_t	Vector/DMA/gm-to-ub/load_gm_to_ubuf_1d_int8_t.mlir	1	Vector	Vector/Copy1D.aiv.c310.bc	meta_op.aiv.c310.bc
2	Vector/DMA/gm-to-ub	load_gm_to_ubuf_1d_uint16_t	Vector/DMA/gm-to-ub/load_gm_to_ubuf_1d_uint16_t.mlir	1	Vector	Vector/Copy1D.aiv.c310.bc	meta_op.aiv.c310.bc
2	Vector/DMA/gm-to-ub	load_gm_to_ubuf_1d_uint32_t	Vector/DMA/gm-to-ub/load_gm_to_ubuf_1d_uint32_t.mlir	1	Vector	Vector/Copy1D.aiv.c310.bc	meta_op.aiv.c310.bc
2	Vector/DMA/gm-to-ub	load_gm_to_ubuf_1d_uint64_t	Vector/DMA/gm-to-ub/load_gm_to_ubuf_1d_uint64_t.mlir	1	Vector	Vector/Copy1D.aiv.c310.bc	meta_op.aiv.c310.bc
2	Vector/DMA/gm-to-ub	load_gm_to_ubuf_1d_uint8_t	Vector/DMA/gm-to-ub/load_gm_to_ubuf_1d_uint8_t.mlir	1	Vector	Vector/Copy1D.aiv.c310.bc	meta_op.aiv.c310.bc
2	Vector/DMA/gm-to-ub	load_gm_to_ubuf_2d_bfloat16_t	Vector/DMA/gm-to-ub/load_gm_to_ubuf_2d_bfloat16_t.mlir	1	Vector	Vector/Copy2D.aiv.c310.bc	meta_op.aiv.c310.bc
2	Vector/DMA/gm-to-ub	load_gm_to_ubuf_2d_float	Vector/DMA/gm-to-ub/load_gm_to_ubuf_2d_float.mlir	1	Vector	Vector/Copy2D.aiv.c310.bc	meta_op.aiv.c310.bc
2	Vector/DMA/gm-to-ub	load_gm_to_ubuf_2d_float8_e4m3_t	Vector/DMA/gm-to-ub/load_gm_to_ubuf_2d_float8_e4m3_t.mlir	1	Vector	Vector/Copy2D.aiv.c310.bc	meta_op.aiv.c310.bc
2	Vector/DMA/gm-to-ub	load_gm_to_ubuf_2d_float8_e5m2_t	Vector/DMA/gm-to-ub/load_gm_to_ubuf_2d_float8_e5m2_t.mlir	1	Vector	Vector/Copy2D.aiv.c310.bc	meta_op.aiv.c310.bc
2	Vector/DMA/gm-to-ub	load_gm_to_ubuf_2d_half	Vector/DMA/gm-to-ub/load_gm_to_ubuf_2d_half.mlir	1	Vector	Vector/Copy2D.aiv.c310.bc	meta_op.aiv.c310.bc
2	Vector/DMA/gm-to-ub	load_gm_to_ubuf_2d_int16_t	Vector/DMA/gm-to-ub/load_gm_to_ubuf_2d_int16_t.mlir	1	Vector	Vector/Copy2D.aiv.c310.bc	meta_op.aiv.c310.bc
2	Vector/DMA/gm-to-ub	load_gm_to_ubuf_2d_int32_t	Vector/DMA/gm-to-ub/load_gm_to_ubuf_2d_int32_t.mlir	1	Vector	Vector/Copy2D.aiv.c310.bc	meta_op.aiv.c310.bc
2	Vector/DMA/gm-to-ub	load_gm_to_ubuf_2d_int64_t	Vector/DMA/gm-to-ub/load_gm_to_ubuf_2d_int64_t.mlir	1	Vector	Vector/Copy2D.aiv.c310.bc	meta_op.aiv.c310.bc
2	Vector/DMA/gm-to-ub	load_gm_to_ubuf_2d_int8_t	Vector/DMA/gm-to-ub/load_gm_to_ubuf_2d_int8_t.mlir	1	Vector	Vector/Copy2D.aiv.c310.bc	meta_op.aiv.c310.bc
2	Vector/DMA/gm-to-ub	load_gm_to_ubuf_2d_uint16_t	Vector/DMA/gm-to-ub/load_gm_to_ubuf_2d_uint16_t.mlir	1	Vector	Vector/Copy2D.aiv.c310.bc	meta_op.aiv.c310.bc
2	Vector/DMA/gm-to-ub	load_gm_to_ubuf_2d_uint32_t	Vector/DMA/gm-to-ub/load_gm_to_ubuf_2d_uint32_t.mlir	1	Vector	Vector/Copy2D.aiv.c310.bc	meta_op.aiv.c310.bc
2	Vector/DMA/gm-to-ub	load_gm_to_ubuf_2d_uint64_t	Vector/DMA/gm-to-ub/load_gm_to_ubuf_2d_uint64_t.mlir	1	Vector	Vector/Copy2D.aiv.c310.bc	meta_op.aiv.c310.bc
2	Vector/DMA/gm-to-ub	load_gm_to_ubuf_2d_uint8_t	Vector/DMA/gm-to-ub/load_gm_to_ubuf_2d_uint8_t.mlir	1	Vector	Vector/Copy2D.aiv.c310.bc	meta_op.aiv.c310.bc
2	Vector/DMA/gm-to-ub	load_gm_to_ubuf_3d_bfloat16_t	Vector/DMA/gm-to-ub/load_gm_to_ubuf_3d_bfloat16_t.mlir	1	Vector	Vector/Copy3D.aiv.c310.bc	meta_op.aiv.c310.bc
2	Vector/DMA/gm-to-ub	load_gm_to_ubuf_3d_float	Vector/DMA/gm-to-ub/load_gm_to_ubuf_3d_float.mlir	1	Vector	Vector/Copy3D.aiv.c310.bc	meta_op.aiv.c310.bc
2	Vector/DMA/gm-to-ub	load_gm_to_ubuf_3d_float8_e4m3_t	Vector/DMA/gm-to-ub/load_gm_to_ubuf_3d_float8_e4m3_t.mlir	1	Vector	Vector/Copy3D.aiv.c310.bc	meta_op.aiv.c310.bc
2	Vector/DMA/gm-to-ub	load_gm_to_ubuf_3d_float8_e5m2_t	Vector/DMA/gm-to-ub/load_gm_to_ubuf_3d_float8_e5m2_t.mlir	1	Vector	Vector/Copy3D.aiv.c310.bc	meta_op.aiv.c310.bc
2	Vector/DMA/gm-to-ub	load_gm_to_ubuf_3d_half	Vector/DMA/gm-to-ub/load_gm_to_ubuf_3d_half.mlir	1	Vector	Vector/Copy3D.aiv.c310.bc	meta_op.aiv.c310.bc
2	Vector/DMA/gm-to-ub	load_gm_to_ubuf_3d_int16_t	Vector/DMA/gm-to-ub/load_gm_to_ubuf_3d_int16_t.mlir	1	Vector	Vector/Copy3D.aiv.c310.bc	meta_op.aiv.c310.bc
2	Vector/DMA/gm-to-ub	load_gm_to_ubuf_3d_int32_t	Vector/DMA/gm-to-ub/load_gm_to_ubuf_3d_int32_t.mlir	1	Vector	Vector/Copy3D.aiv.c310.bc	meta_op.aiv.c310.bc
2	Vector/DMA/gm-to-ub	load_gm_to_ubuf_3d_int64_t	Vector/DMA/gm-to-ub/load_gm_to_ubuf_3d_int64_t.mlir	1	Vector	Vector/Copy3D.aiv.c310.bc	meta_op.aiv.c310.bc
2	Vector/DMA/gm-to-ub	load_gm_to_ubuf_3d_int8_t	Vector/DMA/gm-to-ub/load_gm_to_ubuf_3d_int8_t.mlir	1	Vector	Vector/Copy3D.aiv.c310.bc	meta_op.aiv.c310.bc
2	Vector/DMA/gm-to-ub	load_gm_to_ubuf_3d_uint16_t	Vector/DMA/gm-to-ub/load_gm_to_ubuf_3d_uint16_t.mlir	1	Vector	Vector/Copy3D.aiv.c310.bc	meta_op.aiv.c310.bc
2	Vector/DMA/gm-to-ub	load_gm_to_ubuf_3d_uint32_t	Vector/DMA/gm-to-ub/load_gm_to_ubuf_3d_uint32_t.mlir	1	Vector	Vector/Copy3D.aiv.c310.bc	meta_op.aiv.c310.bc
2	Vector/DMA/gm-to-ub	load_gm_to_ubuf_3d_uint64_t	Vector/DMA/gm-to-ub/load_gm_to_ubuf_3d_uint64_t.mlir	1	Vector	Vector/Copy3D.aiv.c310.bc	meta_op.aiv.c310.bc
2	Vector/DMA/gm-to-ub	load_gm_to_ubuf_3d_uint8_t	Vector/DMA/gm-to-ub/load_gm_to_ubuf_3d_uint8_t.mlir	1	Vector	Vector/Copy3D.aiv.c310.bc	meta_op.aiv.c310.bc
2	Vector/DMA/ub-to-gm	store_ubuf_to_gm_1d_bfloat16_t	Vector/DMA/ub-to-gm/store_ubuf_to_gm_1d_bfloat16_t.mlir	1	Vector	Vector/Copy1D.aiv.c310.bc	meta_op.aiv.c310.bc
2	Vector/DMA/ub-to-gm	store_ubuf_to_gm_1d_float	Vector/DMA/ub-to-gm/store_ubuf_to_gm_1d_float.mlir	1	Vector	Vector/Copy1D.aiv.c310.bc	meta_op.aiv.c310.bc
2	Vector/DMA/ub-to-gm	store_ubuf_to_gm_1d_float8_e4m3_t	Vector/DMA/ub-to-gm/store_ubuf_to_gm_1d_float8_e4m3_t.mlir	1	Vector	Vector/Copy1D.aiv.c310.bc	meta_op.aiv.c310.bc
2	Vector/DMA/ub-to-gm	store_ubuf_to_gm_1d_float8_e5m2_t	Vector/DMA/ub-to-gm/store_ubuf_to_gm_1d_float8_e5m2_t.mlir	1	Vector	Vector/Copy1D.aiv.c310.bc	meta_op.aiv.c310.bc
2	Vector/DMA/ub-to-gm	store_ubuf_to_gm_1d_half	Vector/DMA/ub-to-gm/store_ubuf_to_gm_1d_half.mlir	1	Vector	Vector/Copy1D.aiv.c310.bc	meta_op.aiv.c310.bc
2	Vector/DMA/ub-to-gm	store_ubuf_to_gm_1d_int16_t	Vector/DMA/ub-to-gm/store_ubuf_to_gm_1d_int16_t.mlir	1	Vector	Vector/Copy1D.aiv.c310.bc	meta_op.aiv.c310.bc
2	Vector/DMA/ub-to-gm	store_ubuf_to_gm_1d_int32_t	Vector/DMA/ub-to-gm/store_ubuf_to_gm_1d_int32_t.mlir	1	Vector	Vector/Copy1D.aiv.c310.bc	meta_op.aiv.c310.bc
2	Vector/DMA/ub-to-gm	store_ubuf_to_gm_1d_int64_t	Vector/DMA/ub-to-gm/store_ubuf_to_gm_1d_int64_t.mlir	1	Vector	Vector/Copy1D.aiv.c310.bc	meta_op.aiv.c310.bc
2	Vector/DMA/ub-to-gm	store_ubuf_to_gm_1d_int8_t	Vector/DMA/ub-to-gm/store_ubuf_to_gm_1d_int8_t.mlir	1	Vector	Vector/Copy1D.aiv.c310.bc	meta_op.aiv.c310.bc
2	Vector/DMA/ub-to-gm	store_ubuf_to_gm_1d_uint16_t	Vector/DMA/ub-to-gm/store_ubuf_to_gm_1d_uint16_t.mlir	1	Vector	Vector/Copy1D.aiv.c310.bc	meta_op.aiv.c310.bc
2	Vector/DMA/ub-to-gm	store_ubuf_to_gm_1d_uint32_t	Vector/DMA/ub-to-gm/store_ubuf_to_gm_1d_uint32_t.mlir	1	Vector	Vector/Copy1D.aiv.c310.bc	meta_op.aiv.c310.bc
2	Vector/DMA/ub-to-gm	store_ubuf_to_gm_1d_uint64_t	Vector/DMA/ub-to-gm/store_ubuf_to_gm_1d_uint64_t.mlir	1	Vector	Vector/Copy1D.aiv.c310.bc	meta_op.aiv.c310.bc
2	Vector/DMA/ub-to-gm	store_ubuf_to_gm_1d_uint8_t	Vector/DMA/ub-to-gm/store_ubuf_to_gm_1d_uint8_t.mlir	1	Vector	Vector/Copy1D.aiv.c310.bc	meta_op.aiv.c310.bc
2	Vector/DMA/ub-to-gm	store_ubuf_to_gm_2d_bfloat16_t	Vector/DMA/ub-to-gm/store_ubuf_to_gm_2d_bfloat16_t.mlir	1	Vector	Vector/Copy2D.aiv.c310.bc	meta_op.aiv.c310.bc
2	Vector/DMA/ub-to-gm	store_ubuf_to_gm_2d_float	Vector/DMA/ub-to-gm/store_ubuf_to_gm_2d_float.mlir	1	Vector	Vector/Copy2D.aiv.c310.bc	meta_op.aiv.c310.bc
2	Vector/DMA/ub-to-gm	store_ubuf_to_gm_2d_float8_e4m3_t	Vector/DMA/ub-to-gm/store_ubuf_to_gm_2d_float8_e4m3_t.mlir	1	Vector	Vector/Copy2D.aiv.c310.bc	meta_op.aiv.c310.bc
2	Vector/DMA/ub-to-gm	store_ubuf_to_gm_2d_float8_e5m2_t	Vector/DMA/ub-to-gm/store_ubuf_to_gm_2d_float8_e5m2_t.mlir	1	Vector	Vector/Copy2D.aiv.c310.bc	meta_op.aiv.c310.bc
2	Vector/DMA/ub-to-gm	store_ubuf_to_gm_2d_half	Vector/DMA/ub-to-gm/store_ubuf_to_gm_2d_half.mlir	1	Vector	Vector/Copy2D.aiv.c310.bc	meta_op.aiv.c310.bc
2	Vector/DMA/ub-to-gm	store_ubuf_to_gm_2d_int16_t	Vector/DMA/ub-to-gm/store_ubuf_to_gm_2d_int16_t.mlir	1	Vector	Vector/Copy2D.aiv.c310.bc	meta_op.aiv.c310.bc
2	Vector/DMA/ub-to-gm	store_ubuf_to_gm_2d_int32_t	Vector/DMA/ub-to-gm/store_ubuf_to_gm_2d_int32_t.mlir	1	Vector	Vector/Copy2D.aiv.c310.bc	meta_op.aiv.c310.bc
2	Vector/DMA/ub-to-gm	store_ubuf_to_gm_2d_int64_t	Vector/DMA/ub-to-gm/store_ubuf_to_gm_2d_int64_t.mlir	1	Vector	Vector/Copy2D.aiv.c310.bc	meta_op.aiv.c310.bc
2	Vector/DMA/ub-to-gm	store_ubuf_to_gm_2d_int8_t	Vector/DMA/ub-to-gm/store_ubuf_to_gm_2d_int8_t.mlir	1	Vector	Vector/Copy2D.aiv.c310.bc	meta_op.aiv.c310.bc
2	Vector/DMA/ub-to-gm	store_ubuf_to_gm_2d_uint16_t	Vector/DMA/ub-to-gm/store_ubuf_to_gm_2d_uint16_t.mlir	1	Vector	Vector/Copy2D.aiv.c310.bc	meta_op.aiv.c310.bc
2	Vector/DMA/ub-to-gm	store_ubuf_to_gm_2d_uint32_t	Vector/DMA/ub-to-gm/store_ubuf_to_gm_2d_uint32_t.mlir	1	Vector	Vector/Copy2D.aiv.c310.bc	meta_op.aiv.c310.bc
2	Vector/DMA/ub-to-gm	store_ubuf_to_gm_2d_uint64_t	Vector/DMA/ub-to-gm/store_ubuf_to_gm_2d_uint64_t.mlir	1	Vector	Vector/Copy2D.aiv.c310.bc	meta_op.aiv.c310.bc
2	Vector/DMA/ub-to-gm	store_ubuf_to_gm_2d_uint8_t	Vector/DMA/ub-to-gm/store_ubuf_to_gm_2d_uint8_t.mlir	1	Vector	Vector/Copy2D.aiv.c310.bc	meta_op.aiv.c310.bc
2	Vector/DMA/ub-to-gm	store_ubuf_to_gm_3d_bfloat16_t	Vector/DMA/ub-to-gm/store_ubuf_to_gm_3d_bfloat16_t.mlir	1	Vector	Vector/Copy3D.aiv.c310.bc	meta_op.aiv.c310.bc
2	Vector/DMA/ub-to-gm	store_ubuf_to_gm_3d_float	Vector/DMA/ub-to-gm/store_ubuf_to_gm_3d_float.mlir	1	Vector	Vector/Copy3D.aiv.c310.bc	meta_op.aiv.c310.bc
2	Vector/DMA/ub-to-gm	store_ubuf_to_gm_3d_float8_e4m3_t	Vector/DMA/ub-to-gm/store_ubuf_to_gm_3d_float8_e4m3_t.mlir	1	Vector	Vector/Copy3D.aiv.c310.bc	meta_op.aiv.c310.bc
2	Vector/DMA/ub-to-gm	store_ubuf_to_gm_3d_float8_e5m2_t	Vector/DMA/ub-to-gm/store_ubuf_to_gm_3d_float8_e5m2_t.mlir	1	Vector	Vector/Copy3D.aiv.c310.bc	meta_op.aiv.c310.bc
2	Vector/DMA/ub-to-gm	store_ubuf_to_gm_3d_half	Vector/DMA/ub-to-gm/store_ubuf_to_gm_3d_half.mlir	1	Vector	Vector/Copy3D.aiv.c310.bc	meta_op.aiv.c310.bc
2	Vector/DMA/ub-to-gm	store_ubuf_to_gm_3d_int16_t	Vector/DMA/ub-to-gm/store_ubuf_to_gm_3d_int16_t.mlir	1	Vector	Vector/Copy3D.aiv.c310.bc	meta_op.aiv.c310.bc
2	Vector/DMA/ub-to-gm	store_ubuf_to_gm_3d_int32_t	Vector/DMA/ub-to-gm/store_ubuf_to_gm_3d_int32_t.mlir	1	Vector	Vector/Copy3D.aiv.c310.bc	meta_op.aiv.c310.bc
2	Vector/DMA/ub-to-gm	store_ubuf_to_gm_3d_int64_t	Vector/DMA/ub-to-gm/store_ubuf_to_gm_3d_int64_t.mlir	1	Vector	Vector/Copy3D.aiv.c310.bc	meta_op.aiv.c310.bc
2	Vector/DMA/ub-to-gm	store_ubuf_to_gm_3d_int8_t	Vector/DMA/ub-to-gm/store_ubuf_to_gm_3d_int8_t.mlir	1	Vector	Vector/Copy3D.aiv.c310.bc	meta_op.aiv.c310.bc
2	Vector/DMA/ub-to-gm	store_ubuf_to_gm_3d_uint16_t	Vector/DMA/ub-to-gm/store_ubuf_to_gm_3d_uint16_t.mlir	1	Vector	Vector/Copy3D.aiv.c310.bc	meta_op.aiv.c310.bc
2	Vector/DMA/ub-to-gm	store_ubuf_to_gm_3d_uint32_t	Vector/DMA/ub-to-gm/store_ubuf_to_gm_3d_uint32_t.mlir	1	Vector	Vector/Copy3D.aiv.c310.bc	meta_op.aiv.c310.bc
2	Vector/DMA/ub-to-gm	store_ubuf_to_gm_3d_uint64_t	Vector/DMA/ub-to-gm/store_ubuf_to_gm_3d_uint64_t.mlir	1	Vector	Vector/Copy3D.aiv.c310.bc	meta_op.aiv.c310.bc
2	Vector/DMA/ub-to-gm	store_ubuf_to_gm_3d_uint8_t	Vector/DMA/ub-to-gm/store_ubuf_to_gm_3d_uint8_t.mlir	1	Vector	Vector/Copy3D.aiv.c310.bc	meta_op.aiv.c310.bc
2	Vector/DMA/ub-to-l1	copy_ubuf_to_cbuf_1d_bfloat16_t	Vector/DMA/ub-to-l1/copy_ubuf_to_cbuf_1d_bfloat16_t.mlir	1	Vector	Vector/Copy1D.aiv.c310.bc	meta_op.aiv.c310.bc
2	Vector/DMA/ub-to-l1	copy_ubuf_to_cbuf_1d_float	Vector/DMA/ub-to-l1/copy_ubuf_to_cbuf_1d_float.mlir	1	Vector	Vector/Copy1D.aiv.c310.bc	meta_op.aiv.c310.bc
2	Vector/DMA/ub-to-l1	copy_ubuf_to_cbuf_1d_float8_e4m3_t	Vector/DMA/ub-to-l1/copy_ubuf_to_cbuf_1d_float8_e4m3_t.mlir	1	Vector	Vector/Copy1D.aiv.c310.bc	meta_op.aiv.c310.bc
2	Vector/DMA/ub-to-l1	copy_ubuf_to_cbuf_1d_float8_e5m2_t	Vector/DMA/ub-to-l1/copy_ubuf_to_cbuf_1d_float8_e5m2_t.mlir	1	Vector	Vector/Copy1D.aiv.c310.bc	meta_op.aiv.c310.bc
2	Vector/DMA/ub-to-l1	copy_ubuf_to_cbuf_1d_half	Vector/DMA/ub-to-l1/copy_ubuf_to_cbuf_1d_half.mlir	1	Vector	Vector/Copy1D.aiv.c310.bc	meta_op.aiv.c310.bc
2	Vector/DMA/ub-to-l1	copy_ubuf_to_cbuf_1d_int16_t	Vector/DMA/ub-to-l1/copy_ubuf_to_cbuf_1d_int16_t.mlir	1	Vector	Vector/Copy1D.aiv.c310.bc	meta_op.aiv.c310.bc
2	Vector/DMA/ub-to-l1	copy_ubuf_to_cbuf_1d_int32_t	Vector/DMA/ub-to-l1/copy_ubuf_to_cbuf_1d_int32_t.mlir	1	Vector	Vector/Copy1D.aiv.c310.bc	meta_op.aiv.c310.bc
2	Vector/DMA/ub-to-l1	copy_ubuf_to_cbuf_1d_int8_t	Vector/DMA/ub-to-l1/copy_ubuf_to_cbuf_1d_int8_t.mlir	1	Vector	Vector/Copy1D.aiv.c310.bc	meta_op.aiv.c310.bc
2	Vector/DMA/ub-to-l1	copy_ubuf_to_cbuf_1d_uint16_t	Vector/DMA/ub-to-l1/copy_ubuf_to_cbuf_1d_uint16_t.mlir	1	Vector	Vector/Copy1D.aiv.c310.bc	meta_op.aiv.c310.bc
2	Vector/DMA/ub-to-l1	copy_ubuf_to_cbuf_1d_uint32_t	Vector/DMA/ub-to-l1/copy_ubuf_to_cbuf_1d_uint32_t.mlir	1	Vector	Vector/Copy1D.aiv.c310.bc	meta_op.aiv.c310.bc
2	Vector/DMA/ub-to-l1	copy_ubuf_to_cbuf_1d_uint8_t	Vector/DMA/ub-to-l1/copy_ubuf_to_cbuf_1d_uint8_t.mlir	1	Vector	Vector/Copy1D.aiv.c310.bc	meta_op.aiv.c310.bc
2	Vector/DMA/ub-to-l1	copy_ubuf_to_cbuf_2d_bfloat16_t	Vector/DMA/ub-to-l1/copy_ubuf_to_cbuf_2d_bfloat16_t.mlir	1	Vector	Vector/Copy2D.aiv.c310.bc	meta_op.aiv.c310.bc
2	Vector/DMA/ub-to-l1	copy_ubuf_to_cbuf_2d_float	Vector/DMA/ub-to-l1/copy_ubuf_to_cbuf_2d_float.mlir	1	Vector	Vector/Copy2D.aiv.c310.bc	meta_op.aiv.c310.bc
2	Vector/DMA/ub-to-l1	copy_ubuf_to_cbuf_2d_float8_e4m3_t	Vector/DMA/ub-to-l1/copy_ubuf_to_cbuf_2d_float8_e4m3_t.mlir	1	Vector	Vector/Copy2D.aiv.c310.bc	meta_op.aiv.c310.bc
2	Vector/DMA/ub-to-l1	copy_ubuf_to_cbuf_2d_float8_e5m2_t	Vector/DMA/ub-to-l1/copy_ubuf_to_cbuf_2d_float8_e5m2_t.mlir	1	Vector	Vector/Copy2D.aiv.c310.bc	meta_op.aiv.c310.bc
2	Vector/DMA/ub-to-l1	copy_ubuf_to_cbuf_2d_half	Vector/DMA/ub-to-l1/copy_ubuf_to_cbuf_2d_half.mlir	1	Vector	Vector/Copy2D.aiv.c310.bc	meta_op.aiv.c310.bc
2	Vector/DMA/ub-to-l1	copy_ubuf_to_cbuf_2d_int16_t	Vector/DMA/ub-to-l1/copy_ubuf_to_cbuf_2d_int16_t.mlir	1	Vector	Vector/Copy2D.aiv.c310.bc	meta_op.aiv.c310.bc
2	Vector/DMA/ub-to-l1	copy_ubuf_to_cbuf_2d_int32_t	Vector/DMA/ub-to-l1/copy_ubuf_to_cbuf_2d_int32_t.mlir	1	Vector	Vector/Copy2D.aiv.c310.bc	meta_op.aiv.c310.bc
2	Vector/DMA/ub-to-l1	copy_ubuf_to_cbuf_2d_int8_t	Vector/DMA/ub-to-l1/copy_ubuf_to_cbuf_2d_int8_t.mlir	1	Vector	Vector/Copy2D.aiv.c310.bc	meta_op.aiv.c310.bc
2	Vector/DMA/ub-to-l1	copy_ubuf_to_cbuf_2d_uint16_t	Vector/DMA/ub-to-l1/copy_ubuf_to_cbuf_2d_uint16_t.mlir	1	Vector	Vector/Copy2D.aiv.c310.bc	meta_op.aiv.c310.bc
2	Vector/DMA/ub-to-l1	copy_ubuf_to_cbuf_2d_uint32_t	Vector/DMA/ub-to-l1/copy_ubuf_to_cbuf_2d_uint32_t.mlir	1	Vector	Vector/Copy2D.aiv.c310.bc	meta_op.aiv.c310.bc
2	Vector/DMA/ub-to-l1	copy_ubuf_to_cbuf_2d_uint8_t	Vector/DMA/ub-to-l1/copy_ubuf_to_cbuf_2d_uint8_t.mlir	1	Vector	Vector/Copy2D.aiv.c310.bc	meta_op.aiv.c310.bc
2	Vector/DMA/ub-to-l1	copy_ubuf_to_cbuf_3d_bfloat16_t	Vector/DMA/ub-to-l1/copy_ubuf_to_cbuf_3d_bfloat16_t.mlir	1	Vector	Vector/Copy3D.aiv.c310.bc	meta_op.aiv.c310.bc
2	Vector/DMA/ub-to-l1	copy_ubuf_to_cbuf_3d_float	Vector/DMA/ub-to-l1/copy_ubuf_to_cbuf_3d_float.mlir	1	Vector	Vector/Copy3D.aiv.c310.bc	meta_op.aiv.c310.bc
2	Vector/DMA/ub-to-l1	copy_ubuf_to_cbuf_3d_float8_e4m3_t	Vector/DMA/ub-to-l1/copy_ubuf_to_cbuf_3d_float8_e4m3_t.mlir	1	Vector	Vector/Copy3D.aiv.c310.bc	meta_op.aiv.c310.bc
2	Vector/DMA/ub-to-l1	copy_ubuf_to_cbuf_3d_float8_e5m2_t	Vector/DMA/ub-to-l1/copy_ubuf_to_cbuf_3d_float8_e5m2_t.mlir	1	Vector	Vector/Copy3D.aiv.c310.bc	meta_op.aiv.c310.bc
2	Vector/DMA/ub-to-l1	copy_ubuf_to_cbuf_3d_half	Vector/DMA/ub-to-l1/copy_ubuf_to_cbuf_3d_half.mlir	1	Vector	Vector/Copy3D.aiv.c310.bc	meta_op.aiv.c310.bc
2	Vector/DMA/ub-to-l1	copy_ubuf_to_cbuf_3d_int16_t	Vector/DMA/ub-to-l1/copy_ubuf_to_cbuf_3d_int16_t.mlir	1	Vector	Vector/Copy3D.aiv.c310.bc	meta_op.aiv.c310.bc
2	Vector/DMA/ub-to-l1	copy_ubuf_to_cbuf_3d_int32_t	Vector/DMA/ub-to-l1/copy_ubuf_to_cbuf_3d_int32_t.mlir	1	Vector	Vector/Copy3D.aiv.c310.bc	meta_op.aiv.c310.bc
2	Vector/DMA/ub-to-l1	copy_ubuf_to_cbuf_3d_int8_t	Vector/DMA/ub-to-l1/copy_ubuf_to_cbuf_3d_int8_t.mlir	1	Vector	Vector/Copy3D.aiv.c310.bc	meta_op.aiv.c310.bc
2	Vector/DMA/ub-to-l1	copy_ubuf_to_cbuf_3d_uint16_t	Vector/DMA/ub-to-l1/copy_ubuf_to_cbuf_3d_uint16_t.mlir	1	Vector	Vector/Copy3D.aiv.c310.bc	meta_op.aiv.c310.bc
2	Vector/DMA/ub-to-l1	copy_ubuf_to_cbuf_3d_uint32_t	Vector/DMA/ub-to-l1/copy_ubuf_to_cbuf_3d_uint32_t.mlir	1	Vector	Vector/Copy3D.aiv.c310.bc	meta_op.aiv.c310.bc
2	Vector/DMA/ub-to-l1	copy_ubuf_to_cbuf_3d_uint8_t	Vector/DMA/ub-to-l1/copy_ubuf_to_cbuf_3d_uint8_t.mlir	1	Vector	Vector/Copy3D.aiv.c310.bc	meta_op.aiv.c310.bc
2	Vector/DMA/ub-to-ub	copy_ubuf_to_ubuf_1d_bfloat16_t	Vector/DMA/ub-to-ub/copy_ubuf_to_ubuf_1d_bfloat16_t.mlir	1	Vector	Vector/Copy1D.aiv.c310.bc	meta_op.aiv.c310.bc
2	Vector/DMA/ub-to-ub	copy_ubuf_to_ubuf_1d_bool	Vector/DMA/ub-to-ub/copy_ubuf_to_ubuf_1d_bool.mlir	1	Vector	Vector/Copy1D.aiv.c310.bc	meta_op.aiv.c310.bc
2	Vector/DMA/ub-to-ub	copy_ubuf_to_ubuf_1d_float	Vector/DMA/ub-to-ub/copy_ubuf_to_ubuf_1d_float.mlir	1	Vector	Vector/Copy1D.aiv.c310.bc	meta_op.aiv.c310.bc
2	Vector/DMA/ub-to-ub	copy_ubuf_to_ubuf_1d_float8_e4m3_t	Vector/DMA/ub-to-ub/copy_ubuf_to_ubuf_1d_float8_e4m3_t.mlir	1	Vector	Vector/Copy1D.aiv.c310.bc	meta_op.aiv.c310.bc
2	Vector/DMA/ub-to-ub	copy_ubuf_to_ubuf_1d_float8_e5m2_t	Vector/DMA/ub-to-ub/copy_ubuf_to_ubuf_1d_float8_e5m2_t.mlir	1	Vector	Vector/Copy1D.aiv.c310.bc	meta_op.aiv.c310.bc
2	Vector/DMA/ub-to-ub	copy_ubuf_to_ubuf_1d_half	Vector/DMA/ub-to-ub/copy_ubuf_to_ubuf_1d_half.mlir	1	Vector	Vector/Copy1D.aiv.c310.bc	meta_op.aiv.c310.bc
2	Vector/DMA/ub-to-ub	copy_ubuf_to_ubuf_1d_int16_t	Vector/DMA/ub-to-ub/copy_ubuf_to_ubuf_1d_int16_t.mlir	1	Vector	Vector/Copy1D.aiv.c310.bc	meta_op.aiv.c310.bc
2	Vector/DMA/ub-to-ub	copy_ubuf_to_ubuf_1d_int32_t	Vector/DMA/ub-to-ub/copy_ubuf_to_ubuf_1d_int32_t.mlir	1	Vector	Vector/Copy1D.aiv.c310.bc	meta_op.aiv.c310.bc
2	Vector/DMA/ub-to-ub	copy_ubuf_to_ubuf_1d_int64_t	Vector/DMA/ub-to-ub/copy_ubuf_to_ubuf_1d_int64_t.mlir	1	Vector	Vector/Copy1D.aiv.c310.bc	meta_op.aiv.c310.bc
2	Vector/DMA/ub-to-ub	copy_ubuf_to_ubuf_1d_int8_t	Vector/DMA/ub-to-ub/copy_ubuf_to_ubuf_1d_int8_t.mlir	1	Vector	Vector/Copy1D.aiv.c310.bc	meta_op.aiv.c310.bc
2	Vector/DMA/ub-to-ub	copy_ubuf_to_ubuf_1d_uint16_t	Vector/DMA/ub-to-ub/copy_ubuf_to_ubuf_1d_uint16_t.mlir	1	Vector	Vector/Copy1D.aiv.c310.bc	meta_op.aiv.c310.bc
2	Vector/DMA/ub-to-ub	copy_ubuf_to_ubuf_1d_uint32_t	Vector/DMA/ub-to-ub/copy_ubuf_to_ubuf_1d_uint32_t.mlir	1	Vector	Vector/Copy1D.aiv.c310.bc	meta_op.aiv.c310.bc
2	Vector/DMA/ub-to-ub	copy_ubuf_to_ubuf_1d_uint64_t	Vector/DMA/ub-to-ub/copy_ubuf_to_ubuf_1d_uint64_t.mlir	1	Vector	Vector/Copy1D.aiv.c310.bc	meta_op.aiv.c310.bc
2	Vector/DMA/ub-to-ub	copy_ubuf_to_ubuf_1d_uint8_t	Vector/DMA/ub-to-ub/copy_ubuf_to_ubuf_1d_uint8_t.mlir	1	Vector	Vector/Copy1D.aiv.c310.bc	meta_op.aiv.c310.bc
2	Vector/DMA/ub-to-ub	copy_ubuf_to_ubuf_2d_bfloat16_t	Vector/DMA/ub-to-ub/copy_ubuf_to_ubuf_2d_bfloat16_t.mlir	1	Vector	Vector/Copy2D.aiv.c310.bc	meta_op.aiv.c310.bc
2	Vector/DMA/ub-to-ub	copy_ubuf_to_ubuf_2d_bool	Vector/DMA/ub-to-ub/copy_ubuf_to_ubuf_2d_bool.mlir	1	Vector	Vector/Copy2D.aiv.c310.bc	meta_op.aiv.c310.bc
2	Vector/DMA/ub-to-ub	copy_ubuf_to_ubuf_2d_float	Vector/DMA/ub-to-ub/copy_ubuf_to_ubuf_2d_float.mlir	1	Vector	Vector/Copy2D.aiv.c310.bc	meta_op.aiv.c310.bc
2	Vector/DMA/ub-to-ub	copy_ubuf_to_ubuf_2d_float8_e4m3_t	Vector/DMA/ub-to-ub/copy_ubuf_to_ubuf_2d_float8_e4m3_t.mlir	1	Vector	Vector/Copy2D.aiv.c310.bc	meta_op.aiv.c310.bc
2	Vector/DMA/ub-to-ub	copy_ubuf_to_ubuf_2d_float8_e5m2_t	Vector/DMA/ub-to-ub/copy_ubuf_to_ubuf_2d_float8_e5m2_t.mlir	1	Vector	Vector/Copy2D.aiv.c310.bc	meta_op.aiv.c310.bc
2	Vector/DMA/ub-to-ub	copy_ubuf_to_ubuf_2d_half	Vector/DMA/ub-to-ub/copy_ubuf_to_ubuf_2d_half.mlir	1	Vector	Vector/Copy2D.aiv.c310.bc	meta_op.aiv.c310.bc
2	Vector/DMA/ub-to-ub	copy_ubuf_to_ubuf_2d_int16_t	Vector/DMA/ub-to-ub/copy_ubuf_to_ubuf_2d_int16_t.mlir	1	Vector	Vector/Copy2D.aiv.c310.bc	meta_op.aiv.c310.bc
2	Vector/DMA/ub-to-ub	copy_ubuf_to_ubuf_2d_int32_t	Vector/DMA/ub-to-ub/copy_ubuf_to_ubuf_2d_int32_t.mlir	1	Vector	Vector/Copy2D.aiv.c310.bc	meta_op.aiv.c310.bc
2	Vector/DMA/ub-to-ub	copy_ubuf_to_ubuf_2d_int64_t	Vector/DMA/ub-to-ub/copy_ubuf_to_ubuf_2d_int64_t.mlir	1	Vector	Vector/Copy2D.aiv.c310.bc	meta_op.aiv.c310.bc
2	Vector/DMA/ub-to-ub	copy_ubuf_to_ubuf_2d_int8_t	Vector/DMA/ub-to-ub/copy_ubuf_to_ubuf_2d_int8_t.mlir	1	Vector	Vector/Copy2D.aiv.c310.bc	meta_op.aiv.c310.bc
2	Vector/DMA/ub-to-ub	copy_ubuf_to_ubuf_2d_uint16_t	Vector/DMA/ub-to-ub/copy_ubuf_to_ubuf_2d_uint16_t.mlir	1	Vector	Vector/Copy2D.aiv.c310.bc	meta_op.aiv.c310.bc
2	Vector/DMA/ub-to-ub	copy_ubuf_to_ubuf_2d_uint32_t	Vector/DMA/ub-to-ub/copy_ubuf_to_ubuf_2d_uint32_t.mlir	1	Vector	Vector/Copy2D.aiv.c310.bc	meta_op.aiv.c310.bc
2	Vector/DMA/ub-to-ub	copy_ubuf_to_ubuf_2d_uint64_t	Vector/DMA/ub-to-ub/copy_ubuf_to_ubuf_2d_uint64_t.mlir	1	Vector	Vector/Copy2D.aiv.c310.bc	meta_op.aiv.c310.bc
2	Vector/DMA/ub-to-ub	copy_ubuf_to_ubuf_2d_uint8_t	Vector/DMA/ub-to-ub/copy_ubuf_to_ubuf_2d_uint8_t.mlir	1	Vector	Vector/Copy2D.aiv.c310.bc	meta_op.aiv.c310.bc
2	Vector/DMA/ub-to-ub	copy_ubuf_to_ubuf_3d_bfloat16_t	Vector/DMA/ub-to-ub/copy_ubuf_to_ubuf_3d_bfloat16_t.mlir	1	Vector	Vector/Copy3D.aiv.c310.bc	meta_op.aiv.c310.bc
2	Vector/DMA/ub-to-ub	copy_ubuf_to_ubuf_3d_bool	Vector/DMA/ub-to-ub/copy_ubuf_to_ubuf_3d_bool.mlir	1	Vector	Vector/Copy3D.aiv.c310.bc	meta_op.aiv.c310.bc
2	Vector/DMA/ub-to-ub	copy_ubuf_to_ubuf_3d_float	Vector/DMA/ub-to-ub/copy_ubuf_to_ubuf_3d_float.mlir	1	Vector	Vector/Copy3D.aiv.c310.bc	meta_op.aiv.c310.bc
2	Vector/DMA/ub-to-ub	copy_ubuf_to_ubuf_3d_float8_e4m3_t	Vector/DMA/ub-to-ub/copy_ubuf_to_ubuf_3d_float8_e4m3_t.mlir	1	Vector	Vector/Copy3D.aiv.c310.bc	meta_op.aiv.c310.bc
2	Vector/DMA/ub-to-ub	copy_ubuf_to_ubuf_3d_float8_e5m2_t	Vector/DMA/ub-to-ub/copy_ubuf_to_ubuf_3d_float8_e5m2_t.mlir	1	Vector	Vector/Copy3D.aiv.c310.bc	meta_op.aiv.c310.bc
2	Vector/DMA/ub-to-ub	copy_ubuf_to_ubuf_3d_half	Vector/DMA/ub-to-ub/copy_ubuf_to_ubuf_3d_half.mlir	1	Vector	Vector/Copy3D.aiv.c310.bc	meta_op.aiv.c310.bc
2	Vector/DMA/ub-to-ub	copy_ubuf_to_ubuf_3d_int16_t	Vector/DMA/ub-to-ub/copy_ubuf_to_ubuf_3d_int16_t.mlir	1	Vector	Vector/Copy3D.aiv.c310.bc	meta_op.aiv.c310.bc
2	Vector/DMA/ub-to-ub	copy_ubuf_to_ubuf_3d_int32_t	Vector/DMA/ub-to-ub/copy_ubuf_to_ubuf_3d_int32_t.mlir	1	Vector	Vector/Copy3D.aiv.c310.bc	meta_op.aiv.c310.bc
2	Vector/DMA/ub-to-ub	copy_ubuf_to_ubuf_3d_int64_t	Vector/DMA/ub-to-ub/copy_ubuf_to_ubuf_3d_int64_t.mlir	1	Vector	Vector/Copy3D.aiv.c310.bc	meta_op.aiv.c310.bc
2	Vector/DMA/ub-to-ub	copy_ubuf_to_ubuf_3d_int8_t	Vector/DMA/ub-to-ub/copy_ubuf_to_ubuf_3d_int8_t.mlir	1	Vector	Vector/Copy3D.aiv.c310.bc	meta_op.aiv.c310.bc
2	Vector/DMA/ub-to-ub	copy_ubuf_to_ubuf_3d_uint16_t	Vector/DMA/ub-to-ub/copy_ubuf_to_ubuf_3d_uint16_t.mlir	1	Vector	Vector/Copy3D.aiv.c310.bc	meta_op.aiv.c310.bc
2	Vector/DMA/ub-to-ub	copy_ubuf_to_ubuf_3d_uint32_t	Vector/DMA/ub-to-ub/copy_ubuf_to_ubuf_3d_uint32_t.mlir	1	Vector	Vector/Copy3D.aiv.c310.bc	meta_op.aiv.c310.bc
2	Vector/DMA/ub-to-ub	copy_ubuf_to_ubuf_3d_uint64_t	Vector/DMA/ub-to-ub/copy_ubuf_to_ubuf_3d_uint64_t.mlir	1	Vector	Vector/Copy3D.aiv.c310.bc	meta_op.aiv.c310.bc
2	Vector/DMA/ub-to-ub	copy_ubuf_to_ubuf_3d_uint8_t	Vector/DMA/ub-to-ub/copy_ubuf_to_ubuf_3d_uint8_t.mlir	1	Vector	Vector/Copy3D.aiv.c310.bc	meta_op.aiv.c310.bc
2	Vector/Integer64/arithmetic	vabs_int64_t	Vector/Integer64/arithmetic/vabs_int64_t.mlir	1	Vector	Vector/VecOpI64.aiv.c310.bc	meta_op.aiv.c310.bc
2	Vector/Integer64/arithmetic	vadd_int64_t	Vector/Integer64/arithmetic/vadd_int64_t.mlir	1	Vector	Vector/VecOpI64.aiv.c310.bc	meta_op.aiv.c310.bc
2	Vector/Integer64/arithmetic	vadds_int64_t	Vector/Integer64/arithmetic/vadds_int64_t.mlir	1	Vector	Vector/VecOpI64.aiv.c310.bc	meta_op.aiv.c310.bc
2	Vector/Integer64/arithmetic	vand_int64_t	Vector/Integer64/arithmetic/vand_int64_t.mlir	1	Vector	Vector/VecOpI64.aiv.c310.bc	meta_op.aiv.c310.bc
2	Vector/Integer64/arithmetic	vdiv_int64_t	Vector/Integer64/arithmetic/vdiv_int64_t.mlir	1	Vector	Vector/VecOpI64.aiv.c310.bc	meta_op.aiv.c310.bc
2	Vector/Integer64/arithmetic	vdiv_uint64_t	Vector/Integer64/arithmetic/vdiv_uint64_t.mlir	1	Vector	Vector/VecOpI64.aiv.c310.bc	meta_op.aiv.c310.bc
2	Vector/Integer64/arithmetic	vmax_int64_t	Vector/Integer64/arithmetic/vmax_int64_t.mlir	1	Vector	Vector/VecOpI64.aiv.c310.bc	meta_op.aiv.c310.bc
2	Vector/Integer64/arithmetic	vmax_uint64_t	Vector/Integer64/arithmetic/vmax_uint64_t.mlir	1	Vector	Vector/VecOpI64.aiv.c310.bc	meta_op.aiv.c310.bc
2	Vector/Integer64/arithmetic	vmaxs_int64_t	Vector/Integer64/arithmetic/vmaxs_int64_t.mlir	1	Vector	Vector/VecOpI64.aiv.c310.bc	meta_op.aiv.c310.bc
2	Vector/Integer64/arithmetic	vmaxs_uint64_t	Vector/Integer64/arithmetic/vmaxs_uint64_t.mlir	1	Vector	Vector/VecOpI64.aiv.c310.bc	meta_op.aiv.c310.bc
2	Vector/Integer64/arithmetic	vmin_int64_t	Vector/Integer64/arithmetic/vmin_int64_t.mlir	1	Vector	Vector/VecOpI64.aiv.c310.bc	meta_op.aiv.c310.bc
2	Vector/Integer64/arithmetic	vmin_uint64_t	Vector/Integer64/arithmetic/vmin_uint64_t.mlir	1	Vector	Vector/VecOpI64.aiv.c310.bc	meta_op.aiv.c310.bc
2	Vector/Integer64/arithmetic	vmins_int64_t	Vector/Integer64/arithmetic/vmins_int64_t.mlir	1	Vector	Vector/VecOpI64.aiv.c310.bc	meta_op.aiv.c310.bc
2	Vector/Integer64/arithmetic	vmins_uint64_t	Vector/Integer64/arithmetic/vmins_uint64_t.mlir	1	Vector	Vector/VecOpI64.aiv.c310.bc	meta_op.aiv.c310.bc
2	Vector/Integer64/arithmetic	vmod_int64_t	Vector/Integer64/arithmetic/vmod_int64_t.mlir	1	Vector	Vector/VecOpI64.aiv.c310.bc	meta_op.aiv.c310.bc
2	Vector/Integer64/arithmetic	vmodui_int64_t	Vector/Integer64/arithmetic/vmodui_int64_t.mlir	1	Vector	Vector/VecOpI64.aiv.c310.bc	meta_op.aiv.c310.bc
2	Vector/Integer64/arithmetic	vmul_int64_t	Vector/Integer64/arithmetic/vmul_int64_t.mlir	1	Vector	Vector/VecOpI64.aiv.c310.bc	meta_op.aiv.c310.bc
2	Vector/Integer64/arithmetic	vmuls_int64_t	Vector/Integer64/arithmetic/vmuls_int64_t.mlir	1	Vector	Vector/VecOpI64.aiv.c310.bc	meta_op.aiv.c310.bc
2	Vector/Integer64/arithmetic	vneg_int64_t	Vector/Integer64/arithmetic/vneg_int64_t.mlir	1	Vector	Vector/VecOpI64.aiv.c310.bc	meta_op.aiv.c310.bc
2	Vector/Integer64/arithmetic	vnot_int64_t	Vector/Integer64/arithmetic/vnot_int64_t.mlir	1	Vector	Vector/VecOpI64.aiv.c310.bc	meta_op.aiv.c310.bc
2	Vector/Integer64/arithmetic	vor_int64_t	Vector/Integer64/arithmetic/vor_int64_t.mlir	1	Vector	Vector/VecOpI64.aiv.c310.bc	meta_op.aiv.c310.bc
2	Vector/Integer64/arithmetic	vshl_int64_t	Vector/Integer64/arithmetic/vshl_int64_t.mlir	1	Vector	Vector/VecOpI64.aiv.c310.bc	meta_op.aiv.c310.bc
2	Vector/Integer64/arithmetic	vshls_int64_t	Vector/Integer64/arithmetic/vshls_int64_t.mlir	1	Vector	Vector/VecOpI64.aiv.c310.bc	meta_op.aiv.c310.bc
2	Vector/Integer64/arithmetic	vshr_int64_t	Vector/Integer64/arithmetic/vshr_int64_t.mlir	1	Vector	Vector/VecOpI64.aiv.c310.bc	meta_op.aiv.c310.bc
2	Vector/Integer64/arithmetic	vshrs_int64_t	Vector/Integer64/arithmetic/vshrs_int64_t.mlir	1	Vector	Vector/VecOpI64.aiv.c310.bc	meta_op.aiv.c310.bc
2	Vector/Integer64/arithmetic	vsub_int64_t	Vector/Integer64/arithmetic/vsub_int64_t.mlir	1	Vector	Vector/VecOpI64.aiv.c310.bc	meta_op.aiv.c310.bc
2	Vector/Integer64/arithmetic	vxor_int64_t	Vector/Integer64/arithmetic/vxor_int64_t.mlir	1	Vector	Vector/VecOpI64.aiv.c310.bc	meta_op.aiv.c310.bc
2	Vector/Integer64/compare-select	vcmp_eq_int64_t	Vector/Integer64/compare-select/vcmp_eq_int64_t.mlir	1	Vector	Vector/VecOpI64.aiv.c310.bc	meta_op.aiv.c310.bc
2	Vector/Integer64/compare-select	vcmp_ge_int64_t	Vector/Integer64/compare-select/vcmp_ge_int64_t.mlir	1	Vector	Vector/VecOpI64.aiv.c310.bc	meta_op.aiv.c310.bc
2	Vector/Integer64/compare-select	vcmp_gt_int64_t	Vector/Integer64/compare-select/vcmp_gt_int64_t.mlir	1	Vector	Vector/VecOpI64.aiv.c310.bc	meta_op.aiv.c310.bc
2	Vector/Integer64/compare-select	vcmp_le_int64_t	Vector/Integer64/compare-select/vcmp_le_int64_t.mlir	1	Vector	Vector/VecOpI64.aiv.c310.bc	meta_op.aiv.c310.bc
2	Vector/Integer64/compare-select	vcmp_lt_int64_t	Vector/Integer64/compare-select/vcmp_lt_int64_t.mlir	1	Vector	Vector/VecOpI64.aiv.c310.bc	meta_op.aiv.c310.bc
2	Vector/Integer64/compare-select	vcmp_ne_int64_t	Vector/Integer64/compare-select/vcmp_ne_int64_t.mlir	1	Vector	Vector/VecOpI64.aiv.c310.bc	meta_op.aiv.c310.bc
2	Vector/Integer64/compare-select	vcmp_uge_uint64_t	Vector/Integer64/compare-select/vcmp_uge_uint64_t.mlir	1	Vector	Vector/VecOpI64.aiv.c310.bc	meta_op.aiv.c310.bc
2	Vector/Integer64/compare-select	vcmp_ugt_uint64_t	Vector/Integer64/compare-select/vcmp_ugt_uint64_t.mlir	1	Vector	Vector/VecOpI64.aiv.c310.bc	meta_op.aiv.c310.bc
2	Vector/Integer64/compare-select	vcmp_ule_uint64_t	Vector/Integer64/compare-select/vcmp_ule_uint64_t.mlir	1	Vector	Vector/VecOpI64.aiv.c310.bc	meta_op.aiv.c310.bc
2	Vector/Integer64/compare-select	vcmp_ult_uint64_t	Vector/Integer64/compare-select/vcmp_ult_uint64_t.mlir	1	Vector	Vector/VecOpI64.aiv.c310.bc	meta_op.aiv.c310.bc
2	Vector/Integer64/compare-select	vcmps_eq_int64_t	Vector/Integer64/compare-select/vcmps_eq_int64_t.mlir	1	Vector	Vector/VecOpI64.aiv.c310.bc	meta_op.aiv.c310.bc
2	Vector/Integer64/compare-select	vcmps_ge_int64_t	Vector/Integer64/compare-select/vcmps_ge_int64_t.mlir	1	Vector	Vector/VecOpI64.aiv.c310.bc	meta_op.aiv.c310.bc
2	Vector/Integer64/compare-select	vcmps_gt_int64_t	Vector/Integer64/compare-select/vcmps_gt_int64_t.mlir	1	Vector	Vector/VecOpI64.aiv.c310.bc	meta_op.aiv.c310.bc
2	Vector/Integer64/compare-select	vcmps_le_int64_t	Vector/Integer64/compare-select/vcmps_le_int64_t.mlir	1	Vector	Vector/VecOpI64.aiv.c310.bc	meta_op.aiv.c310.bc
2	Vector/Integer64/compare-select	vcmps_lt_int64_t	Vector/Integer64/compare-select/vcmps_lt_int64_t.mlir	1	Vector	Vector/VecOpI64.aiv.c310.bc	meta_op.aiv.c310.bc
2	Vector/Integer64/compare-select	vcmps_ne_int64_t	Vector/Integer64/compare-select/vcmps_ne_int64_t.mlir	1	Vector	Vector/VecOpI64.aiv.c310.bc	meta_op.aiv.c310.bc
2	Vector/Integer64/compare-select	vsel_int64_t	Vector/Integer64/compare-select/vsel_int64_t.mlir	1	Vector	Vector/VecOpI64.aiv.c310.bc	meta_op.aiv.c310.bc
2	Vector/Integer64/conversion	cast_float_to_int64_t	Vector/Integer64/conversion/cast_float_to_int64_t.mlir	1	Vector	Vector/VecOpI64.aiv.c310.bc	meta_op.aiv.c310.bc
2	Vector/Integer64/conversion	cast_float_to_uint64_t	Vector/Integer64/conversion/cast_float_to_uint64_t.mlir	1	Vector	Vector/VecOpI64.aiv.c310.bc	meta_op.aiv.c310.bc
2	Vector/Integer64/conversion	cast_int32_t_to_int64_t	Vector/Integer64/conversion/cast_int32_t_to_int64_t.mlir	1	Vector	Vector/VecOpI64.aiv.c310.bc	meta_op.aiv.c310.bc
2	Vector/Integer64/conversion	cast_int64_t_to_float	Vector/Integer64/conversion/cast_int64_t_to_float.mlir	1	Vector	Vector/VecOpI64.aiv.c310.bc	meta_op.aiv.c310.bc
2	Vector/Integer64/conversion	cast_int64_t_to_int32_t	Vector/Integer64/conversion/cast_int64_t_to_int32_t.mlir	1	Vector	Vector/VecOpI64.aiv.c310.bc	meta_op.aiv.c310.bc
2	Vector/Integer64/conversion	cast_int64_t_to_int32_t_sat	Vector/Integer64/conversion/cast_int64_t_to_int32_t_sat.mlir	1	Vector	Vector/VecOpI64.aiv.c310.bc	meta_op.aiv.c310.bc
2	Vector/Integer64/conversion	cast_int64_t_to_uint32_t_sat	Vector/Integer64/conversion/cast_int64_t_to_uint32_t_sat.mlir	1	Vector	Vector/VecOpI64.aiv.c310.bc	meta_op.aiv.c310.bc
2	Vector/Integer64/conversion	cast_uint32_t_to_int64_t	Vector/Integer64/conversion/cast_uint32_t_to_int64_t.mlir	1	Vector	Vector/VecOpI64.aiv.c310.bc	meta_op.aiv.c310.bc
2	Vector/Integer64/conversion	cast_uint64_t_to_float	Vector/Integer64/conversion/cast_uint64_t_to_float.mlir	1	Vector	Vector/VecOpI64.aiv.c310.bc	meta_op.aiv.c310.bc
2	Vector/Integer64/conversion	cast_uint64_t_to_int32_t_sat	Vector/Integer64/conversion/cast_uint64_t_to_int32_t_sat.mlir	1	Vector	Vector/VecOpI64.aiv.c310.bc	meta_op.aiv.c310.bc
2	Vector/Integer64/conversion	cast_uint64_t_to_uint32_t_sat	Vector/Integer64/conversion/cast_uint64_t_to_uint32_t_sat.mlir	1	Vector	Vector/VecOpI64.aiv.c310.bc	meta_op.aiv.c310.bc
2	Vector/Integer64/dma-addressing	masked_store_NORM_B64_int64_t_rank0	Vector/Integer64/dma-addressing/masked_store_NORM_B64_int64_t_rank0.mlir	1	Vector	Vector/VecOpI64.aiv.c310.bc	meta_op.aiv.c310.bc
2	Vector/Integer64/dma-addressing	masked_store_NORM_B64_int64_t_rank1	Vector/Integer64/dma-addressing/masked_store_NORM_B64_int64_t_rank1.mlir	1	Vector	Vector/VecOpI64.aiv.c310.bc	meta_op.aiv.c310.bc
2	Vector/Integer64/dma-addressing	masked_store_NORM_B64_int64_t_rank2	Vector/Integer64/dma-addressing/masked_store_NORM_B64_int64_t_rank2.mlir	1	Vector	Vector/VecOpI64.aiv.c310.bc	meta_op.aiv.c310.bc
2	Vector/Integer64/dma-addressing	masked_store_NORM_B64_int64_t_rank3	Vector/Integer64/dma-addressing/masked_store_NORM_B64_int64_t_rank3.mlir	1	Vector	Vector/VecOpI64.aiv.c310.bc	meta_op.aiv.c310.bc
2	Vector/Integer64/dma-addressing	masked_store_NORM_B64_int64_t_rank4	Vector/Integer64/dma-addressing/masked_store_NORM_B64_int64_t_rank4.mlir	1	Vector	Vector/VecOpI64.aiv.c310.bc	meta_op.aiv.c310.bc
2	Vector/Integer64/dma-addressing	masked_store_NORM_B64_int64_t_rank5	Vector/Integer64/dma-addressing/masked_store_NORM_B64_int64_t_rank5.mlir	1	Vector	Vector/VecOpI64.aiv.c310.bc	meta_op.aiv.c310.bc
2	Vector/Integer64/dma-addressing	masked_store_NORM_B64_int64_t_rank6	Vector/Integer64/dma-addressing/masked_store_NORM_B64_int64_t_rank6.mlir	1	Vector	Vector/VecOpI64.aiv.c310.bc	meta_op.aiv.c310.bc
2	Vector/Integer64/dma-addressing	masked_store_NORM_B64_int64_t_rank7	Vector/Integer64/dma-addressing/masked_store_NORM_B64_int64_t_rank7.mlir	1	Vector	Vector/VecOpI64.aiv.c310.bc	meta_op.aiv.c310.bc
2	Vector/Integer64/dma-addressing	masked_store_NORM_B64_int64_t_rank8	Vector/Integer64/dma-addressing/masked_store_NORM_B64_int64_t_rank8.mlir	1	Vector	Vector/VecOpI64.aiv.c310.bc	meta_op.aiv.c310.bc
2	Vector/Integer64/dma-addressing	masked_store_NORM_B64_int64_t_unalign_rank0	Vector/Integer64/dma-addressing/masked_store_NORM_B64_int64_t_unalign_rank0.mlir	1	Vector	Vector/VecOpI64.aiv.c310.bc	meta_op.aiv.c310.bc
2	Vector/Integer64/dma-addressing	masked_store_NORM_B64_int64_t_unalign_rank1	Vector/Integer64/dma-addressing/masked_store_NORM_B64_int64_t_unalign_rank1.mlir	1	Vector	Vector/VecOpI64.aiv.c310.bc	meta_op.aiv.c310.bc
2	Vector/Integer64/dma-addressing	masked_store_NORM_B64_int64_t_unalign_rank2	Vector/Integer64/dma-addressing/masked_store_NORM_B64_int64_t_unalign_rank2.mlir	1	Vector	Vector/VecOpI64.aiv.c310.bc	meta_op.aiv.c310.bc
2	Vector/Integer64/dma-addressing	masked_store_NORM_B64_int64_t_unalign_rank3	Vector/Integer64/dma-addressing/masked_store_NORM_B64_int64_t_unalign_rank3.mlir	1	Vector	Vector/VecOpI64.aiv.c310.bc	meta_op.aiv.c310.bc
2	Vector/Integer64/dma-addressing	masked_store_NORM_B64_int64_t_unalign_rank4	Vector/Integer64/dma-addressing/masked_store_NORM_B64_int64_t_unalign_rank4.mlir	1	Vector	Vector/VecOpI64.aiv.c310.bc	meta_op.aiv.c310.bc
2	Vector/Integer64/dma-addressing	masked_store_NORM_B64_int64_t_unalign_rank5	Vector/Integer64/dma-addressing/masked_store_NORM_B64_int64_t_unalign_rank5.mlir	1	Vector	Vector/VecOpI64.aiv.c310.bc	meta_op.aiv.c310.bc
2	Vector/Integer64/dma-addressing	masked_store_NORM_B64_int64_t_unalign_rank6	Vector/Integer64/dma-addressing/masked_store_NORM_B64_int64_t_unalign_rank6.mlir	1	Vector	Vector/VecOpI64.aiv.c310.bc	meta_op.aiv.c310.bc
2	Vector/Integer64/dma-addressing	masked_store_NORM_B64_int64_t_unalign_rank7	Vector/Integer64/dma-addressing/masked_store_NORM_B64_int64_t_unalign_rank7.mlir	1	Vector	Vector/VecOpI64.aiv.c310.bc	meta_op.aiv.c310.bc
2	Vector/Integer64/dma-addressing	masked_store_NORM_B64_int64_t_unalign_rank8	Vector/Integer64/dma-addressing/masked_store_NORM_B64_int64_t_unalign_rank8.mlir	1	Vector	Vector/VecOpI64.aiv.c310.bc	meta_op.aiv.c310.bc
2	Vector/Integer64/dma-addressing	masked_store_ONEPT_B64_int64_t_rank0	Vector/Integer64/dma-addressing/masked_store_ONEPT_B64_int64_t_rank0.mlir	1	Vector	Vector/VecOpI64.aiv.c310.bc	meta_op.aiv.c310.bc
2	Vector/Integer64/dma-addressing	masked_store_ONEPT_B64_int64_t_rank1	Vector/Integer64/dma-addressing/masked_store_ONEPT_B64_int64_t_rank1.mlir	1	Vector	Vector/VecOpI64.aiv.c310.bc	meta_op.aiv.c310.bc
2	Vector/Integer64/dma-addressing	masked_store_ONEPT_B64_int64_t_rank2	Vector/Integer64/dma-addressing/masked_store_ONEPT_B64_int64_t_rank2.mlir	1	Vector	Vector/VecOpI64.aiv.c310.bc	meta_op.aiv.c310.bc
2	Vector/Integer64/dma-addressing	masked_store_ONEPT_B64_int64_t_rank3	Vector/Integer64/dma-addressing/masked_store_ONEPT_B64_int64_t_rank3.mlir	1	Vector	Vector/VecOpI64.aiv.c310.bc	meta_op.aiv.c310.bc
2	Vector/Integer64/dma-addressing	masked_store_ONEPT_B64_int64_t_rank4	Vector/Integer64/dma-addressing/masked_store_ONEPT_B64_int64_t_rank4.mlir	1	Vector	Vector/VecOpI64.aiv.c310.bc	meta_op.aiv.c310.bc
2	Vector/Integer64/dma-addressing	masked_store_ONEPT_B64_int64_t_rank5	Vector/Integer64/dma-addressing/masked_store_ONEPT_B64_int64_t_rank5.mlir	1	Vector	Vector/VecOpI64.aiv.c310.bc	meta_op.aiv.c310.bc
2	Vector/Integer64/dma-addressing	masked_store_ONEPT_B64_int64_t_rank6	Vector/Integer64/dma-addressing/masked_store_ONEPT_B64_int64_t_rank6.mlir	1	Vector	Vector/VecOpI64.aiv.c310.bc	meta_op.aiv.c310.bc
2	Vector/Integer64/dma-addressing	masked_store_ONEPT_B64_int64_t_rank7	Vector/Integer64/dma-addressing/masked_store_ONEPT_B64_int64_t_rank7.mlir	1	Vector	Vector/VecOpI64.aiv.c310.bc	meta_op.aiv.c310.bc
2	Vector/Integer64/dma-addressing	masked_store_ONEPT_B64_int64_t_rank8	Vector/Integer64/dma-addressing/masked_store_ONEPT_B64_int64_t_rank8.mlir	1	Vector	Vector/VecOpI64.aiv.c310.bc	meta_op.aiv.c310.bc
2	Vector/Integer64/dma-addressing	vbr_int64_t	Vector/Integer64/dma-addressing/vbr_int64_t.mlir	1	Vector	Vector/VecOpI64.aiv.c310.bc	meta_op.aiv.c310.bc
2	Vector/Integer64/dma-addressing	vci_int64_t	Vector/Integer64/dma-addressing/vci_int64_t.mlir	1	Vector	Vector/VecOpI64.aiv.c310.bc	meta_op.aiv.c310.bc
2	Vector/Integer64/dma-addressing	vdintlv_int64_t	Vector/Integer64/dma-addressing/vdintlv_int64_t.mlir	1	Vector	Vector/VecOpI64.aiv.c310.bc	meta_op.aiv.c310.bc
2	Vector/Integer64/dma-addressing	vdup_int64_t	Vector/Integer64/dma-addressing/vdup_int64_t.mlir	1	Vector	Vector/VecOpI64.aiv.c310.bc	meta_op.aiv.c310.bc
2	Vector/Integer64/dma-addressing	vdups_int64_t	Vector/Integer64/dma-addressing/vdups_int64_t.mlir	1	Vector	Vector/VecOpI64.aiv.c310.bc	meta_op.aiv.c310.bc
2	Vector/Integer64/dma-addressing	vgather_int64_t_rank0	Vector/Integer64/dma-addressing/vgather_int64_t_rank0.mlir	1	Vector	Vector/VecOpI64.aiv.c310.bc	meta_op.aiv.c310.bc
2	Vector/Integer64/dma-addressing	vgather_int64_t_rank1	Vector/Integer64/dma-addressing/vgather_int64_t_rank1.mlir	1	Vector	Vector/VecOpI64.aiv.c310.bc	meta_op.aiv.c310.bc
2	Vector/Integer64/dma-addressing	vgather_int64_t_rank2	Vector/Integer64/dma-addressing/vgather_int64_t_rank2.mlir	1	Vector	Vector/VecOpI64.aiv.c310.bc	meta_op.aiv.c310.bc
2	Vector/Integer64/dma-addressing	vgather_int64_t_rank3	Vector/Integer64/dma-addressing/vgather_int64_t_rank3.mlir	1	Vector	Vector/VecOpI64.aiv.c310.bc	meta_op.aiv.c310.bc
2	Vector/Integer64/dma-addressing	vgather_int64_t_rank4	Vector/Integer64/dma-addressing/vgather_int64_t_rank4.mlir	1	Vector	Vector/VecOpI64.aiv.c310.bc	meta_op.aiv.c310.bc
2	Vector/Integer64/dma-addressing	vgather_int64_t_rank5	Vector/Integer64/dma-addressing/vgather_int64_t_rank5.mlir	1	Vector	Vector/VecOpI64.aiv.c310.bc	meta_op.aiv.c310.bc
2	Vector/Integer64/dma-addressing	vgather_int64_t_rank6	Vector/Integer64/dma-addressing/vgather_int64_t_rank6.mlir	1	Vector	Vector/VecOpI64.aiv.c310.bc	meta_op.aiv.c310.bc
2	Vector/Integer64/dma-addressing	vgather_int64_t_rank7	Vector/Integer64/dma-addressing/vgather_int64_t_rank7.mlir	1	Vector	Vector/VecOpI64.aiv.c310.bc	meta_op.aiv.c310.bc
2	Vector/Integer64/dma-addressing	vgather_int64_t_rank8	Vector/Integer64/dma-addressing/vgather_int64_t_rank8.mlir	1	Vector	Vector/VecOpI64.aiv.c310.bc	meta_op.aiv.c310.bc
2	Vector/Integer64/dma-addressing	vintlv_int64_t	Vector/Integer64/dma-addressing/vintlv_int64_t.mlir	1	Vector	Vector/VecOpI64.aiv.c310.bc	meta_op.aiv.c310.bc
2	Vector/Integer64/dma-addressing	vload_BRC_B64_int64_t_rank0	Vector/Integer64/dma-addressing/vload_BRC_B64_int64_t_rank0.mlir	1	Vector	Vector/VecOpI64.aiv.c310.bc	meta_op.aiv.c310.bc
2	Vector/Integer64/dma-addressing	vload_BRC_B64_int64_t_rank1	Vector/Integer64/dma-addressing/vload_BRC_B64_int64_t_rank1.mlir	1	Vector	Vector/VecOpI64.aiv.c310.bc	meta_op.aiv.c310.bc
2	Vector/Integer64/dma-addressing	vload_BRC_B64_int64_t_rank2	Vector/Integer64/dma-addressing/vload_BRC_B64_int64_t_rank2.mlir	1	Vector	Vector/VecOpI64.aiv.c310.bc	meta_op.aiv.c310.bc
2	Vector/Integer64/dma-addressing	vload_BRC_B64_int64_t_rank3	Vector/Integer64/dma-addressing/vload_BRC_B64_int64_t_rank3.mlir	1	Vector	Vector/VecOpI64.aiv.c310.bc	meta_op.aiv.c310.bc
2	Vector/Integer64/dma-addressing	vload_BRC_B64_int64_t_rank4	Vector/Integer64/dma-addressing/vload_BRC_B64_int64_t_rank4.mlir	1	Vector	Vector/VecOpI64.aiv.c310.bc	meta_op.aiv.c310.bc
2	Vector/Integer64/dma-addressing	vload_BRC_B64_int64_t_rank5	Vector/Integer64/dma-addressing/vload_BRC_B64_int64_t_rank5.mlir	1	Vector	Vector/VecOpI64.aiv.c310.bc	meta_op.aiv.c310.bc
2	Vector/Integer64/dma-addressing	vload_BRC_B64_int64_t_rank6	Vector/Integer64/dma-addressing/vload_BRC_B64_int64_t_rank6.mlir	1	Vector	Vector/VecOpI64.aiv.c310.bc	meta_op.aiv.c310.bc
2	Vector/Integer64/dma-addressing	vload_BRC_B64_int64_t_rank7	Vector/Integer64/dma-addressing/vload_BRC_B64_int64_t_rank7.mlir	1	Vector	Vector/VecOpI64.aiv.c310.bc	meta_op.aiv.c310.bc
2	Vector/Integer64/dma-addressing	vload_BRC_B64_int64_t_rank8	Vector/Integer64/dma-addressing/vload_BRC_B64_int64_t_rank8.mlir	1	Vector	Vector/VecOpI64.aiv.c310.bc	meta_op.aiv.c310.bc
2	Vector/Integer64/dma-addressing	vload_NORM_int64_t_rank0	Vector/Integer64/dma-addressing/vload_NORM_int64_t_rank0.mlir	1	Vector	Vector/VecOpI64.aiv.c310.bc	meta_op.aiv.c310.bc
2	Vector/Integer64/dma-addressing	vload_NORM_int64_t_rank1	Vector/Integer64/dma-addressing/vload_NORM_int64_t_rank1.mlir	1	Vector	Vector/VecOpI64.aiv.c310.bc	meta_op.aiv.c310.bc
2	Vector/Integer64/dma-addressing	vload_NORM_int64_t_rank2	Vector/Integer64/dma-addressing/vload_NORM_int64_t_rank2.mlir	1	Vector	Vector/VecOpI64.aiv.c310.bc	meta_op.aiv.c310.bc
2	Vector/Integer64/dma-addressing	vload_NORM_int64_t_rank3	Vector/Integer64/dma-addressing/vload_NORM_int64_t_rank3.mlir	1	Vector	Vector/VecOpI64.aiv.c310.bc	meta_op.aiv.c310.bc
2	Vector/Integer64/dma-addressing	vload_NORM_int64_t_rank4	Vector/Integer64/dma-addressing/vload_NORM_int64_t_rank4.mlir	1	Vector	Vector/VecOpI64.aiv.c310.bc	meta_op.aiv.c310.bc
2	Vector/Integer64/dma-addressing	vload_NORM_int64_t_rank5	Vector/Integer64/dma-addressing/vload_NORM_int64_t_rank5.mlir	1	Vector	Vector/VecOpI64.aiv.c310.bc	meta_op.aiv.c310.bc
2	Vector/Integer64/dma-addressing	vload_NORM_int64_t_rank6	Vector/Integer64/dma-addressing/vload_NORM_int64_t_rank6.mlir	1	Vector	Vector/VecOpI64.aiv.c310.bc	meta_op.aiv.c310.bc
2	Vector/Integer64/dma-addressing	vload_NORM_int64_t_rank7	Vector/Integer64/dma-addressing/vload_NORM_int64_t_rank7.mlir	1	Vector	Vector/VecOpI64.aiv.c310.bc	meta_op.aiv.c310.bc
2	Vector/Integer64/dma-addressing	vload_NORM_int64_t_rank8	Vector/Integer64/dma-addressing/vload_NORM_int64_t_rank8.mlir	1	Vector	Vector/VecOpI64.aiv.c310.bc	meta_op.aiv.c310.bc
2	Vector/Integer64/dma-addressing	vload_NORM_int64_t_unalign_rank0	Vector/Integer64/dma-addressing/vload_NORM_int64_t_unalign_rank0.mlir	1	Vector	Vector/VecOpI64.aiv.c310.bc	meta_op.aiv.c310.bc
2	Vector/Integer64/dma-addressing	vload_NORM_int64_t_unalign_rank1	Vector/Integer64/dma-addressing/vload_NORM_int64_t_unalign_rank1.mlir	1	Vector	Vector/VecOpI64.aiv.c310.bc	meta_op.aiv.c310.bc
2	Vector/Integer64/dma-addressing	vload_NORM_int64_t_unalign_rank2	Vector/Integer64/dma-addressing/vload_NORM_int64_t_unalign_rank2.mlir	1	Vector	Vector/VecOpI64.aiv.c310.bc	meta_op.aiv.c310.bc
2	Vector/Integer64/dma-addressing	vload_NORM_int64_t_unalign_rank3	Vector/Integer64/dma-addressing/vload_NORM_int64_t_unalign_rank3.mlir	1	Vector	Vector/VecOpI64.aiv.c310.bc	meta_op.aiv.c310.bc
2	Vector/Integer64/dma-addressing	vload_NORM_int64_t_unalign_rank4	Vector/Integer64/dma-addressing/vload_NORM_int64_t_unalign_rank4.mlir	1	Vector	Vector/VecOpI64.aiv.c310.bc	meta_op.aiv.c310.bc
2	Vector/Integer64/dma-addressing	vload_NORM_int64_t_unalign_rank5	Vector/Integer64/dma-addressing/vload_NORM_int64_t_unalign_rank5.mlir	1	Vector	Vector/VecOpI64.aiv.c310.bc	meta_op.aiv.c310.bc
2	Vector/Integer64/dma-addressing	vload_NORM_int64_t_unalign_rank6	Vector/Integer64/dma-addressing/vload_NORM_int64_t_unalign_rank6.mlir	1	Vector	Vector/VecOpI64.aiv.c310.bc	meta_op.aiv.c310.bc
2	Vector/Integer64/dma-addressing	vload_NORM_int64_t_unalign_rank7	Vector/Integer64/dma-addressing/vload_NORM_int64_t_unalign_rank7.mlir	1	Vector	Vector/VecOpI64.aiv.c310.bc	meta_op.aiv.c310.bc
2	Vector/Integer64/dma-addressing	vload_NORM_int64_t_unalign_rank8	Vector/Integer64/dma-addressing/vload_NORM_int64_t_unalign_rank8.mlir	1	Vector	Vector/VecOpI64.aiv.c310.bc	meta_op.aiv.c310.bc
2	Vector/Integer64/dma-addressing	vslide_int64_t	Vector/Integer64/dma-addressing/vslide_int64_t.mlir	1	Vector	Vector/VecOpI64.aiv.c310.bc	meta_op.aiv.c310.bc
2	Vector/Integer64/reduction	vcadd_int64_t	Vector/Integer64/reduction/vcadd_int64_t.mlir	1	Vector	Vector/VecOpI64.aiv.c310.bc	meta_op.aiv.c310.bc
2	Vector/Integer64/reduction	vcmax_int64_t	Vector/Integer64/reduction/vcmax_int64_t.mlir	1	Vector	Vector/VecOpI64.aiv.c310.bc	meta_op.aiv.c310.bc
2	Vector/Integer64/reduction	vcmax_uint64_t	Vector/Integer64/reduction/vcmax_uint64_t.mlir	1	Vector	Vector/VecOpI64.aiv.c310.bc	meta_op.aiv.c310.bc
2	Vector/Integer64/reduction	vcmin_int64_t	Vector/Integer64/reduction/vcmin_int64_t.mlir	1	Vector	Vector/VecOpI64.aiv.c310.bc	meta_op.aiv.c310.bc
2	Vector/Integer64/reduction	vcmin_uint64_t	Vector/Integer64/reduction/vcmin_uint64_t.mlir	1	Vector	Vector/VecOpI64.aiv.c310.bc	meta_op.aiv.c310.bc
2	Vector/Math/integer-special	simt_div_magic_mul_uint32_t	Vector/Math/integer-special/simt_div_magic_mul_uint32_t.mlir	1	Vector	Vector/DivMagic.aiv.c310.bc	meta_op.aiv.c310.bc
2	Vector/Math/integer-special	simt_div_magic_shift_uint32_t	Vector/Math/integer-special/simt_div_magic_shift_uint32_t.mlir	1	Vector	Vector/DivMagic.aiv.c310.bc	meta_op.aiv.c310.bc
2	Vector/Math/integer-special	simt_divrn_float	Vector/Math/integer-special/simt_divrn_float.mlir	1	Vector	Vector/DivRn.aiv.c310.bc	meta_op.aiv.c310.bc
2	Vector/Math/integer-special	simt_float_as_int_float	Vector/Math/integer-special/simt_float_as_int_float.mlir	1	Vector	Vector/FloatAsInt.aiv.c310.bc	meta_op.aiv.c310.bc
2	Vector/Math/integer-special	simt_isfinite_float	Vector/Math/integer-special/simt_isfinite_float.mlir	1	Vector	Vector/NumChecks.aiv.c310.bc	meta_op.aiv.c310.bc
2	Vector/Math/integer-special	simt_isinf_float	Vector/Math/integer-special/simt_isinf_float.mlir	1	Vector	Vector/NumChecks.aiv.c310.bc	meta_op.aiv.c310.bc
2	Vector/Math/integer-special	simt_isnan_float	Vector/Math/integer-special/simt_isnan_float.mlir	1	Vector	Vector/NumChecks.aiv.c310.bc	meta_op.aiv.c310.bc
2	Vector/Math/integer-special	simt_umulhi_uint32_t	Vector/Math/integer-special/simt_umulhi_uint32_t.mlir	1	Vector	Vector/Umulhi.aiv.c310.bc	meta_op.aiv.c310.bc
2	Vector/Math/integer-special	vdiv_1d_int16_t	Vector/Math/integer-special/vdiv_1d_int16_t.mlir	1	Vector	Vector/Vdiv.aiv.c310.bc	meta_op.aiv.c310.bc
2	Vector/Math/integer-special	vdiv_1d_int32_t	Vector/Math/integer-special/vdiv_1d_int32_t.mlir	1	Vector	Vector/Vdiv.aiv.c310.bc	meta_op.aiv.c310.bc
2	Vector/Math/integer-special	vdiv_1d_uint16_t	Vector/Math/integer-special/vdiv_1d_uint16_t.mlir	1	Vector	Vector/Vdiv.aiv.c310.bc	meta_op.aiv.c310.bc
2	Vector/Math/integer-special	vdiv_1d_uint32_t	Vector/Math/integer-special/vdiv_1d_uint32_t.mlir	1	Vector	Vector/Vdiv.aiv.c310.bc	meta_op.aiv.c310.bc
2	Vector/Math/integer-special	vdiv_2d_int16_t	Vector/Math/integer-special/vdiv_2d_int16_t.mlir	1	Vector	Vector/Vdiv.aiv.c310.bc	meta_op.aiv.c310.bc
2	Vector/Math/integer-special	vdiv_2d_int32_t	Vector/Math/integer-special/vdiv_2d_int32_t.mlir	1	Vector	Vector/Vdiv.aiv.c310.bc	meta_op.aiv.c310.bc
2	Vector/Math/integer-special	vdiv_3d_int16_t	Vector/Math/integer-special/vdiv_3d_int16_t.mlir	1	Vector	Vector/Vdiv.aiv.c310.bc	meta_op.aiv.c310.bc
2	Vector/Math/integer-special	vdiv_3d_int32_t	Vector/Math/integer-special/vdiv_3d_int32_t.mlir	1	Vector	Vector/Vdiv.aiv.c310.bc	meta_op.aiv.c310.bc
2	Vector/Math/integer-special	vdiv_4d_int16_t	Vector/Math/integer-special/vdiv_4d_int16_t.mlir	1	Vector	Vector/Vdiv.aiv.c310.bc	meta_op.aiv.c310.bc
2	Vector/Math/integer-special	vdiv_4d_int32_t	Vector/Math/integer-special/vdiv_4d_int32_t.mlir	1	Vector	Vector/Vdiv.aiv.c310.bc	meta_op.aiv.c310.bc
2	Vector/Math/integer-special	vdiv_5d_int16_t	Vector/Math/integer-special/vdiv_5d_int16_t.mlir	1	Vector	Vector/Vdiv.aiv.c310.bc	meta_op.aiv.c310.bc
2	Vector/Math/integer-special	vdiv_5d_int32_t	Vector/Math/integer-special/vdiv_5d_int32_t.mlir	1	Vector	Vector/Vdiv.aiv.c310.bc	meta_op.aiv.c310.bc
2	Vector/Math/integer-special	vdiv_6d_int16_t	Vector/Math/integer-special/vdiv_6d_int16_t.mlir	1	Vector	Vector/Vdiv.aiv.c310.bc	meta_op.aiv.c310.bc
2	Vector/Math/integer-special	vdiv_6d_int32_t	Vector/Math/integer-special/vdiv_6d_int32_t.mlir	1	Vector	Vector/Vdiv.aiv.c310.bc	meta_op.aiv.c310.bc
2	Vector/Math/integer-special	vdiv_7d_int16_t	Vector/Math/integer-special/vdiv_7d_int16_t.mlir	1	Vector	Vector/Vdiv.aiv.c310.bc	meta_op.aiv.c310.bc
2	Vector/Math/integer-special	vdiv_7d_int32_t	Vector/Math/integer-special/vdiv_7d_int32_t.mlir	1	Vector	Vector/Vdiv.aiv.c310.bc	meta_op.aiv.c310.bc
2	Vector/Math/integer-special	vdiv_8d_int16_t	Vector/Math/integer-special/vdiv_8d_int16_t.mlir	1	Vector	Vector/Vdiv.aiv.c310.bc	meta_op.aiv.c310.bc
2	Vector/Math/integer-special	vdiv_8d_int32_t	Vector/Math/integer-special/vdiv_8d_int32_t.mlir	1	Vector	Vector/Vdiv.aiv.c310.bc	meta_op.aiv.c310.bc
2	Vector/Math/integer-special	vdiv_int16_t	Vector/Math/integer-special/vdiv_int16_t.mlir	1	Vector	Vector/Vdiv.aiv.c310.bc	meta_op.aiv.c310.bc
2	Vector/Math/integer-special	vdiv_int32_t	Vector/Math/integer-special/vdiv_int32_t.mlir	1	Vector	Vector/Vdiv.aiv.c310.bc	meta_op.aiv.c310.bc
2	Vector/Math/integer-special	vdiv_uint16_t	Vector/Math/integer-special/vdiv_uint16_t.mlir	1	Vector	Vector/Vdiv.aiv.c310.bc	meta_op.aiv.c310.bc
2	Vector/Math/integer-special	vdiv_uint32_t	Vector/Math/integer-special/vdiv_uint32_t.mlir	1	Vector	Vector/Vdiv.aiv.c310.bc	meta_op.aiv.c310.bc
2	Vector/Math/integer-special	vdiv_vs_1d_int16_t	Vector/Math/integer-special/vdiv_vs_1d_int16_t.mlir	1	Vector	Vector/Vdiv.aiv.c310.bc	meta_op.aiv.c310.bc
2	Vector/Math/integer-special	vdiv_vs_1d_int32_t	Vector/Math/integer-special/vdiv_vs_1d_int32_t.mlir	1	Vector	Vector/Vdiv.aiv.c310.bc	meta_op.aiv.c310.bc
2	Vector/Math/integer-special	vdiv_vs_2d_int16_t	Vector/Math/integer-special/vdiv_vs_2d_int16_t.mlir	1	Vector	Vector/Vdiv.aiv.c310.bc	meta_op.aiv.c310.bc
2	Vector/Math/integer-special	vdiv_vs_2d_int32_t	Vector/Math/integer-special/vdiv_vs_2d_int32_t.mlir	1	Vector	Vector/Vdiv.aiv.c310.bc	meta_op.aiv.c310.bc
2	Vector/Math/integer-special	vdiv_vs_3d_int16_t	Vector/Math/integer-special/vdiv_vs_3d_int16_t.mlir	1	Vector	Vector/Vdiv.aiv.c310.bc	meta_op.aiv.c310.bc
2	Vector/Math/integer-special	vdiv_vs_3d_int32_t	Vector/Math/integer-special/vdiv_vs_3d_int32_t.mlir	1	Vector	Vector/Vdiv.aiv.c310.bc	meta_op.aiv.c310.bc
2	Vector/Math/integer-special	vdiv_vs_4d_int16_t	Vector/Math/integer-special/vdiv_vs_4d_int16_t.mlir	1	Vector	Vector/Vdiv.aiv.c310.bc	meta_op.aiv.c310.bc
2	Vector/Math/integer-special	vdiv_vs_4d_int32_t	Vector/Math/integer-special/vdiv_vs_4d_int32_t.mlir	1	Vector	Vector/Vdiv.aiv.c310.bc	meta_op.aiv.c310.bc
2	Vector/Math/integer-special	vdiv_vs_5d_int16_t	Vector/Math/integer-special/vdiv_vs_5d_int16_t.mlir	1	Vector	Vector/Vdiv.aiv.c310.bc	meta_op.aiv.c310.bc
2	Vector/Math/integer-special	vdiv_vs_5d_int32_t	Vector/Math/integer-special/vdiv_vs_5d_int32_t.mlir	1	Vector	Vector/Vdiv.aiv.c310.bc	meta_op.aiv.c310.bc
2	Vector/Math/integer-special	vdiv_vs_6d_int16_t	Vector/Math/integer-special/vdiv_vs_6d_int16_t.mlir	1	Vector	Vector/Vdiv.aiv.c310.bc	meta_op.aiv.c310.bc
2	Vector/Math/integer-special	vdiv_vs_6d_int32_t	Vector/Math/integer-special/vdiv_vs_6d_int32_t.mlir	1	Vector	Vector/Vdiv.aiv.c310.bc	meta_op.aiv.c310.bc
2	Vector/Math/integer-special	vdiv_vs_7d_int16_t	Vector/Math/integer-special/vdiv_vs_7d_int16_t.mlir	1	Vector	Vector/Vdiv.aiv.c310.bc	meta_op.aiv.c310.bc
2	Vector/Math/integer-special	vdiv_vs_7d_int32_t	Vector/Math/integer-special/vdiv_vs_7d_int32_t.mlir	1	Vector	Vector/Vdiv.aiv.c310.bc	meta_op.aiv.c310.bc
2	Vector/Math/integer-special	vdiv_vs_8d_int16_t	Vector/Math/integer-special/vdiv_vs_8d_int16_t.mlir	1	Vector	Vector/Vdiv.aiv.c310.bc	meta_op.aiv.c310.bc
2	Vector/Math/integer-special	vdiv_vs_8d_int32_t	Vector/Math/integer-special/vdiv_vs_8d_int32_t.mlir	1	Vector	Vector/Vdiv.aiv.c310.bc	meta_op.aiv.c310.bc
2	Vector/Math/integer-special	vdivfhp_float	Vector/Math/integer-special/vdivfhp_float.mlir	1	Vector	Vector/Vdiv.aiv.c310.bc	meta_op.aiv.c310.bc
2	Vector/Math/integer-special	vmod_int16_t	Vector/Math/integer-special/vmod_int16_t.mlir	1	Vector	Vector/Vmodui.aiv.c310.bc	meta_op.aiv.c310.bc
2	Vector/Math/integer-special	vmod_int32_t	Vector/Math/integer-special/vmod_int32_t.mlir	1	Vector	Vector/Vmodui.aiv.c310.bc	meta_op.aiv.c310.bc
2	Vector/Math/integer-special	vmodui_int16_t	Vector/Math/integer-special/vmodui_int16_t.mlir	1	Vector	Vector/Vmodui.aiv.c310.bc	meta_op.aiv.c310.bc
2	Vector/Math/integer-special	vmodui_int32_t	Vector/Math/integer-special/vmodui_int32_t.mlir	1	Vector	Vector/Vmodui.aiv.c310.bc	meta_op.aiv.c310.bc
2	Vector/Math/logarithm-power	simt_log1p_float	Vector/Math/logarithm-power/simt_log1p_float.mlir	1	Vector	Vector/Log1p.aiv.c310.bc	meta_op.aiv.c310.bc
2	Vector/Math/logarithm-power	simt_log1p_half	Vector/Math/logarithm-power/simt_log1p_half.mlir	1	Vector	Vector/Log1p.aiv.c310.bc	meta_op.aiv.c310.bc
2	Vector/Math/logarithm-power	simt_log2_float	Vector/Math/logarithm-power/simt_log2_float.mlir	1	Vector	Vector/Log2.aiv.c310.bc	meta_op.aiv.c310.bc
2	Vector/Math/logarithm-power	simt_pow_bfloat16_t	Vector/Math/logarithm-power/simt_pow_bfloat16_t.mlir	1	Vector	Vector/Pow.aiv.c310.bc	meta_op.aiv.c310.bc
2	Vector/Math/logarithm-power	simt_pow_float	Vector/Math/logarithm-power/simt_pow_float.mlir	1	Vector	Vector/Pow.aiv.c310.bc	meta_op.aiv.c310.bc
2	Vector/Math/logarithm-power	simt_pow_half	Vector/Math/logarithm-power/simt_pow_half.mlir	1	Vector	Vector/Pow.aiv.c310.bc	meta_op.aiv.c310.bc
2	Vector/Math/logarithm-power	simt_pow_int32_t	Vector/Math/logarithm-power/simt_pow_int32_t.mlir	1	Vector	Vector/Pow.aiv.c310.bc	meta_op.aiv.c310.bc
2	Vector/Math/nonlinear	simt_erf_bfloat16_t	Vector/Math/nonlinear/simt_erf_bfloat16_t.mlir	1	Vector	Vector/Erf.aiv.c310.bc	meta_op.aiv.c310.bc
2	Vector/Math/nonlinear	simt_erf_float	Vector/Math/nonlinear/simt_erf_float.mlir	1	Vector	Vector/Erf.aiv.c310.bc	meta_op.aiv.c310.bc
2	Vector/Math/nonlinear	simt_erf_half	Vector/Math/nonlinear/simt_erf_half.mlir	1	Vector	Vector/Erf.aiv.c310.bc	meta_op.aiv.c310.bc
2	Vector/Math/nonlinear	simt_relu_float	Vector/Math/nonlinear/simt_relu_float.mlir	1	Vector	Vector/Relu.aiv.c310.bc	meta_op.aiv.c310.bc
2	Vector/Math/nonlinear	simt_relu_half	Vector/Math/nonlinear/simt_relu_half.mlir	1	Vector	Vector/Relu.aiv.c310.bc	meta_op.aiv.c310.bc
2	Vector/Math/nonlinear	simt_tanh_bfloat16_t	Vector/Math/nonlinear/simt_tanh_bfloat16_t.mlir	1	Vector	Vector/Tanh.aiv.c310.bc	meta_op.aiv.c310.bc
2	Vector/Math/nonlinear	simt_tanh_float	Vector/Math/nonlinear/simt_tanh_float.mlir	1	Vector	Vector/Tanh.aiv.c310.bc	meta_op.aiv.c310.bc
2	Vector/Math/nonlinear	simt_tanh_half	Vector/Math/nonlinear/simt_tanh_half.mlir	1	Vector	Vector/Tanh.aiv.c310.bc	meta_op.aiv.c310.bc
2	Vector/Math/reciprocal-rounding	simt_ilogb_float	Vector/Math/reciprocal-rounding/simt_ilogb_float.mlir	1	Vector	Vector/Ilogb.aiv.c310.bc	meta_op.aiv.c310.bc
2	Vector/Math/reciprocal-rounding	simt_ilogb_half	Vector/Math/reciprocal-rounding/simt_ilogb_half.mlir	1	Vector	Vector/Ilogb.aiv.c310.bc	meta_op.aiv.c310.bc
2	Vector/Math/reciprocal-rounding	simt_ldexp_float	Vector/Math/reciprocal-rounding/simt_ldexp_float.mlir	1	Vector	Vector/Ldexp.aiv.c310.bc	meta_op.aiv.c310.bc
2	Vector/Math/reciprocal-rounding	simt_ldexp_half	Vector/Math/reciprocal-rounding/simt_ldexp_half.mlir	1	Vector	Vector/Ldexp.aiv.c310.bc	meta_op.aiv.c310.bc
2	Vector/Math/reciprocal-rounding	simt_recip_float	Vector/Math/reciprocal-rounding/simt_recip_float.mlir	1	Vector	Vector/Recip.aiv.c310.bc	meta_op.aiv.c310.bc
2	Vector/Math/reciprocal-rounding	simt_recip_half	Vector/Math/reciprocal-rounding/simt_recip_half.mlir	1	Vector	Vector/Recip.aiv.c310.bc	meta_op.aiv.c310.bc
2	Vector/Math/reciprocal-rounding	simt_round_float	Vector/Math/reciprocal-rounding/simt_round_float.mlir	1	Vector	Vector/Round.aiv.c310.bc	meta_op.aiv.c310.bc
2	Vector/Math/reciprocal-rounding	simt_rsqrt_bfloat16_t	Vector/Math/reciprocal-rounding/simt_rsqrt_bfloat16_t.mlir	1	Vector	Vector/Rsqrt.aiv.c310.bc	meta_op.aiv.c310.bc
2	Vector/Math/reciprocal-rounding	simt_rsqrt_float	Vector/Math/reciprocal-rounding/simt_rsqrt_float.mlir	1	Vector	Vector/Rsqrt.aiv.c310.bc	meta_op.aiv.c310.bc
2	Vector/Math/reciprocal-rounding	simt_rsqrt_half	Vector/Math/reciprocal-rounding/simt_rsqrt_half.mlir	1	Vector	Vector/Rsqrt.aiv.c310.bc	meta_op.aiv.c310.bc
2	Vector/Math/trigonometric	simt_atan_float	Vector/Math/trigonometric/simt_atan_float.mlir	1	Vector	Vector/Atan.aiv.c310.bc	meta_op.aiv.c310.bc
2	Vector/Math/trigonometric	simt_atan_half	Vector/Math/trigonometric/simt_atan_half.mlir	1	Vector	Vector/Atan.aiv.c310.bc	meta_op.aiv.c310.bc
2	Vector/Math/trigonometric	simt_cos_bfloat16_t	Vector/Math/trigonometric/simt_cos_bfloat16_t.mlir	1	Vector	Vector/Cos.aiv.c310.bc	meta_op.aiv.c310.bc
2	Vector/Math/trigonometric	simt_cos_float	Vector/Math/trigonometric/simt_cos_float.mlir	1	Vector	Vector/Cos.aiv.c310.bc	meta_op.aiv.c310.bc
2	Vector/Math/trigonometric	simt_cos_half	Vector/Math/trigonometric/simt_cos_half.mlir	1	Vector	Vector/Cos.aiv.c310.bc	meta_op.aiv.c310.bc
2	Vector/Math/trigonometric	simt_sin_bfloat16_t	Vector/Math/trigonometric/simt_sin_bfloat16_t.mlir	1	Vector	Vector/Sin.aiv.c310.bc	meta_op.aiv.c310.bc
2	Vector/Math/trigonometric	simt_sin_float	Vector/Math/trigonometric/simt_sin_float.mlir	1	Vector	Vector/Sin.aiv.c310.bc	meta_op.aiv.c310.bc
2	Vector/Math/trigonometric	simt_sin_half	Vector/Math/trigonometric/simt_sin_half.mlir	1	Vector	Vector/Sin.aiv.c310.bc	meta_op.aiv.c310.bc
2	Vector/Math/trigonometric	simt_tan_float	Vector/Math/trigonometric/simt_tan_float.mlir	1	Vector	Vector/Tan.aiv.c310.bc	meta_op.aiv.c310.bc
2	Vector/Math/trigonometric	simt_tan_half	Vector/Math/trigonometric/simt_tan_half.mlir	1	Vector	Vector/Tan.aiv.c310.bc	meta_op.aiv.c310.bc
3	SIMT/Atomic/arithmetic	indirect_atomic_add_bfloat16_t_int32_t	SIMT/Atomic/arithmetic/indirect_atomic_add_bfloat16_t_int32_t.mlir	1	SIMT	Vector/SIMTIndirectAtomic.aiv.c310.bc	meta_op.aiv.c310.bc
3	SIMT/Atomic/arithmetic	indirect_atomic_add_bfloat16_t_int64_t	SIMT/Atomic/arithmetic/indirect_atomic_add_bfloat16_t_int64_t.mlir	1	SIMT	Vector/SIMTIndirectAtomic.aiv.c310.bc	meta_op.aiv.c310.bc
3	SIMT/Atomic/arithmetic	indirect_atomic_add_bfloat16x2_t_int32_t	SIMT/Atomic/arithmetic/indirect_atomic_add_bfloat16x2_t_int32_t.mlir	1	SIMT	Vector/SIMTIndirectAtomic.aiv.c310.bc	meta_op.aiv.c310.bc
3	SIMT/Atomic/arithmetic	indirect_atomic_add_bfloat16x2_t_int64_t	SIMT/Atomic/arithmetic/indirect_atomic_add_bfloat16x2_t_int64_t.mlir	1	SIMT	Vector/SIMTIndirectAtomic.aiv.c310.bc	meta_op.aiv.c310.bc
3	SIMT/Atomic/arithmetic	indirect_atomic_add_float_int32_t	SIMT/Atomic/arithmetic/indirect_atomic_add_float_int32_t.mlir	1	SIMT	Vector/SIMTIndirectAtomic.aiv.c310.bc	meta_op.aiv.c310.bc
3	SIMT/Atomic/arithmetic	indirect_atomic_add_float_int64_t	SIMT/Atomic/arithmetic/indirect_atomic_add_float_int64_t.mlir	1	SIMT	Vector/SIMTIndirectAtomic.aiv.c310.bc	meta_op.aiv.c310.bc
3	SIMT/Atomic/arithmetic	indirect_atomic_add_half2_int32_t	SIMT/Atomic/arithmetic/indirect_atomic_add_half2_int32_t.mlir	1	SIMT	Vector/SIMTIndirectAtomic.aiv.c310.bc	meta_op.aiv.c310.bc
3	SIMT/Atomic/arithmetic	indirect_atomic_add_half2_int64_t	SIMT/Atomic/arithmetic/indirect_atomic_add_half2_int64_t.mlir	1	SIMT	Vector/SIMTIndirectAtomic.aiv.c310.bc	meta_op.aiv.c310.bc
3	SIMT/Atomic/arithmetic	indirect_atomic_add_half_int32_t	SIMT/Atomic/arithmetic/indirect_atomic_add_half_int32_t.mlir	1	SIMT	Vector/SIMTIndirectAtomic.aiv.c310.bc	meta_op.aiv.c310.bc
3	SIMT/Atomic/arithmetic	indirect_atomic_add_half_int64_t	SIMT/Atomic/arithmetic/indirect_atomic_add_half_int64_t.mlir	1	SIMT	Vector/SIMTIndirectAtomic.aiv.c310.bc	meta_op.aiv.c310.bc
3	SIMT/Atomic/arithmetic	indirect_atomic_add_int32_t_int32_t	SIMT/Atomic/arithmetic/indirect_atomic_add_int32_t_int32_t.mlir	1	SIMT	Vector/SIMTIndirectAtomic.aiv.c310.bc	meta_op.aiv.c310.bc
3	SIMT/Atomic/arithmetic	indirect_atomic_add_int32_t_int64_t	SIMT/Atomic/arithmetic/indirect_atomic_add_int32_t_int64_t.mlir	1	SIMT	Vector/SIMTIndirectAtomic.aiv.c310.bc	meta_op.aiv.c310.bc
3	SIMT/Atomic/arithmetic	indirect_atomic_add_int64_t_int32_t	SIMT/Atomic/arithmetic/indirect_atomic_add_int64_t_int32_t.mlir	1	SIMT	Vector/SIMTIndirectAtomic.aiv.c310.bc	meta_op.aiv.c310.bc
3	SIMT/Atomic/arithmetic	indirect_atomic_add_int64_t_int64_t	SIMT/Atomic/arithmetic/indirect_atomic_add_int64_t_int64_t.mlir	1	SIMT	Vector/SIMTIndirectAtomic.aiv.c310.bc	meta_op.aiv.c310.bc
3	SIMT/Atomic/arithmetic	indirect_atomic_add_no_mask_bfloat16_t_int32_t	SIMT/Atomic/arithmetic/indirect_atomic_add_no_mask_bfloat16_t_int32_t.mlir	1	SIMT	Vector/SIMTIndirectAtomic.aiv.c310.bc	meta_op.aiv.c310.bc
3	SIMT/Atomic/arithmetic	indirect_atomic_add_no_mask_bfloat16_t_int64_t	SIMT/Atomic/arithmetic/indirect_atomic_add_no_mask_bfloat16_t_int64_t.mlir	1	SIMT	Vector/SIMTIndirectAtomic.aiv.c310.bc	meta_op.aiv.c310.bc
3	SIMT/Atomic/arithmetic	indirect_atomic_add_no_mask_bfloat16x2_t_int32_t	SIMT/Atomic/arithmetic/indirect_atomic_add_no_mask_bfloat16x2_t_int32_t.mlir	1	SIMT	Vector/SIMTIndirectAtomic.aiv.c310.bc	meta_op.aiv.c310.bc
3	SIMT/Atomic/arithmetic	indirect_atomic_add_no_mask_bfloat16x2_t_int64_t	SIMT/Atomic/arithmetic/indirect_atomic_add_no_mask_bfloat16x2_t_int64_t.mlir	1	SIMT	Vector/SIMTIndirectAtomic.aiv.c310.bc	meta_op.aiv.c310.bc
3	SIMT/Atomic/arithmetic	indirect_atomic_add_no_mask_float_int32_t	SIMT/Atomic/arithmetic/indirect_atomic_add_no_mask_float_int32_t.mlir	1	SIMT	Vector/SIMTIndirectAtomic.aiv.c310.bc	meta_op.aiv.c310.bc
3	SIMT/Atomic/arithmetic	indirect_atomic_add_no_mask_float_int64_t	SIMT/Atomic/arithmetic/indirect_atomic_add_no_mask_float_int64_t.mlir	1	SIMT	Vector/SIMTIndirectAtomic.aiv.c310.bc	meta_op.aiv.c310.bc
3	SIMT/Atomic/arithmetic	indirect_atomic_add_no_mask_half2_int32_t	SIMT/Atomic/arithmetic/indirect_atomic_add_no_mask_half2_int32_t.mlir	1	SIMT	Vector/SIMTIndirectAtomic.aiv.c310.bc	meta_op.aiv.c310.bc
3	SIMT/Atomic/arithmetic	indirect_atomic_add_no_mask_half2_int64_t	SIMT/Atomic/arithmetic/indirect_atomic_add_no_mask_half2_int64_t.mlir	1	SIMT	Vector/SIMTIndirectAtomic.aiv.c310.bc	meta_op.aiv.c310.bc
3	SIMT/Atomic/arithmetic	indirect_atomic_add_no_mask_half_int32_t	SIMT/Atomic/arithmetic/indirect_atomic_add_no_mask_half_int32_t.mlir	1	SIMT	Vector/SIMTIndirectAtomic.aiv.c310.bc	meta_op.aiv.c310.bc
3	SIMT/Atomic/arithmetic	indirect_atomic_add_no_mask_half_int64_t	SIMT/Atomic/arithmetic/indirect_atomic_add_no_mask_half_int64_t.mlir	1	SIMT	Vector/SIMTIndirectAtomic.aiv.c310.bc	meta_op.aiv.c310.bc
3	SIMT/Atomic/arithmetic	indirect_atomic_add_no_mask_int32_t_int32_t	SIMT/Atomic/arithmetic/indirect_atomic_add_no_mask_int32_t_int32_t.mlir	1	SIMT	Vector/SIMTIndirectAtomic.aiv.c310.bc	meta_op.aiv.c310.bc
3	SIMT/Atomic/arithmetic	indirect_atomic_add_no_mask_int32_t_int64_t	SIMT/Atomic/arithmetic/indirect_atomic_add_no_mask_int32_t_int64_t.mlir	1	SIMT	Vector/SIMTIndirectAtomic.aiv.c310.bc	meta_op.aiv.c310.bc
3	SIMT/Atomic/arithmetic	indirect_atomic_add_no_mask_int64_t_int32_t	SIMT/Atomic/arithmetic/indirect_atomic_add_no_mask_int64_t_int32_t.mlir	1	SIMT	Vector/SIMTIndirectAtomic.aiv.c310.bc	meta_op.aiv.c310.bc
3	SIMT/Atomic/arithmetic	indirect_atomic_add_no_mask_int64_t_int64_t	SIMT/Atomic/arithmetic/indirect_atomic_add_no_mask_int64_t_int64_t.mlir	1	SIMT	Vector/SIMTIndirectAtomic.aiv.c310.bc	meta_op.aiv.c310.bc
3	SIMT/Atomic/arithmetic	indirect_atomic_add_no_mask_uint32_t_int32_t	SIMT/Atomic/arithmetic/indirect_atomic_add_no_mask_uint32_t_int32_t.mlir	1	SIMT	Vector/SIMTIndirectAtomic.aiv.c310.bc	meta_op.aiv.c310.bc
3	SIMT/Atomic/arithmetic	indirect_atomic_add_no_mask_uint32_t_int64_t	SIMT/Atomic/arithmetic/indirect_atomic_add_no_mask_uint32_t_int64_t.mlir	1	SIMT	Vector/SIMTIndirectAtomic.aiv.c310.bc	meta_op.aiv.c310.bc
3	SIMT/Atomic/arithmetic	indirect_atomic_add_no_mask_uint64_t_int32_t	SIMT/Atomic/arithmetic/indirect_atomic_add_no_mask_uint64_t_int32_t.mlir	1	SIMT	Vector/SIMTIndirectAtomic.aiv.c310.bc	meta_op.aiv.c310.bc
3	SIMT/Atomic/arithmetic	indirect_atomic_add_no_mask_uint64_t_int64_t	SIMT/Atomic/arithmetic/indirect_atomic_add_no_mask_uint64_t_int64_t.mlir	1	SIMT	Vector/SIMTIndirectAtomic.aiv.c310.bc	meta_op.aiv.c310.bc
3	SIMT/Atomic/arithmetic	indirect_atomic_add_uint32_t_int32_t	SIMT/Atomic/arithmetic/indirect_atomic_add_uint32_t_int32_t.mlir	1	SIMT	Vector/SIMTIndirectAtomic.aiv.c310.bc	meta_op.aiv.c310.bc
3	SIMT/Atomic/arithmetic	indirect_atomic_add_uint32_t_int64_t	SIMT/Atomic/arithmetic/indirect_atomic_add_uint32_t_int64_t.mlir	1	SIMT	Vector/SIMTIndirectAtomic.aiv.c310.bc	meta_op.aiv.c310.bc
3	SIMT/Atomic/arithmetic	indirect_atomic_add_uint64_t_int32_t	SIMT/Atomic/arithmetic/indirect_atomic_add_uint64_t_int32_t.mlir	1	SIMT	Vector/SIMTIndirectAtomic.aiv.c310.bc	meta_op.aiv.c310.bc
3	SIMT/Atomic/arithmetic	indirect_atomic_add_uint64_t_int64_t	SIMT/Atomic/arithmetic/indirect_atomic_add_uint64_t_int64_t.mlir	1	SIMT	Vector/SIMTIndirectAtomic.aiv.c310.bc	meta_op.aiv.c310.bc
3	SIMT/Atomic/arithmetic	indirect_atomic_and_int32_t_int32_t	SIMT/Atomic/arithmetic/indirect_atomic_and_int32_t_int32_t.mlir	1	SIMT	Vector/SIMTIndirectAtomic.aiv.c310.bc	meta_op.aiv.c310.bc
3	SIMT/Atomic/arithmetic	indirect_atomic_and_int32_t_int64_t	SIMT/Atomic/arithmetic/indirect_atomic_and_int32_t_int64_t.mlir	1	SIMT	Vector/SIMTIndirectAtomic.aiv.c310.bc	meta_op.aiv.c310.bc
3	SIMT/Atomic/arithmetic	indirect_atomic_and_int64_t_int32_t	SIMT/Atomic/arithmetic/indirect_atomic_and_int64_t_int32_t.mlir	1	SIMT	Vector/SIMTIndirectAtomic.aiv.c310.bc	meta_op.aiv.c310.bc
3	SIMT/Atomic/arithmetic	indirect_atomic_and_int64_t_int64_t	SIMT/Atomic/arithmetic/indirect_atomic_and_int64_t_int64_t.mlir	1	SIMT	Vector/SIMTIndirectAtomic.aiv.c310.bc	meta_op.aiv.c310.bc
3	SIMT/Atomic/arithmetic	indirect_atomic_and_no_mask_int32_t_int32_t	SIMT/Atomic/arithmetic/indirect_atomic_and_no_mask_int32_t_int32_t.mlir	1	SIMT	Vector/SIMTIndirectAtomic.aiv.c310.bc	meta_op.aiv.c310.bc
3	SIMT/Atomic/arithmetic	indirect_atomic_and_no_mask_int32_t_int64_t	SIMT/Atomic/arithmetic/indirect_atomic_and_no_mask_int32_t_int64_t.mlir	1	SIMT	Vector/SIMTIndirectAtomic.aiv.c310.bc	meta_op.aiv.c310.bc
3	SIMT/Atomic/arithmetic	indirect_atomic_and_no_mask_int64_t_int32_t	SIMT/Atomic/arithmetic/indirect_atomic_and_no_mask_int64_t_int32_t.mlir	1	SIMT	Vector/SIMTIndirectAtomic.aiv.c310.bc	meta_op.aiv.c310.bc
3	SIMT/Atomic/arithmetic	indirect_atomic_and_no_mask_int64_t_int64_t	SIMT/Atomic/arithmetic/indirect_atomic_and_no_mask_int64_t_int64_t.mlir	1	SIMT	Vector/SIMTIndirectAtomic.aiv.c310.bc	meta_op.aiv.c310.bc
3	SIMT/Atomic/arithmetic	indirect_atomic_and_no_mask_uint32_t_int32_t	SIMT/Atomic/arithmetic/indirect_atomic_and_no_mask_uint32_t_int32_t.mlir	1	SIMT	Vector/SIMTIndirectAtomic.aiv.c310.bc	meta_op.aiv.c310.bc
3	SIMT/Atomic/arithmetic	indirect_atomic_and_no_mask_uint32_t_int64_t	SIMT/Atomic/arithmetic/indirect_atomic_and_no_mask_uint32_t_int64_t.mlir	1	SIMT	Vector/SIMTIndirectAtomic.aiv.c310.bc	meta_op.aiv.c310.bc
3	SIMT/Atomic/arithmetic	indirect_atomic_and_no_mask_uint64_t_int32_t	SIMT/Atomic/arithmetic/indirect_atomic_and_no_mask_uint64_t_int32_t.mlir	1	SIMT	Vector/SIMTIndirectAtomic.aiv.c310.bc	meta_op.aiv.c310.bc
3	SIMT/Atomic/arithmetic	indirect_atomic_and_no_mask_uint64_t_int64_t	SIMT/Atomic/arithmetic/indirect_atomic_and_no_mask_uint64_t_int64_t.mlir	1	SIMT	Vector/SIMTIndirectAtomic.aiv.c310.bc	meta_op.aiv.c310.bc
3	SIMT/Atomic/arithmetic	indirect_atomic_and_uint32_t_int32_t	SIMT/Atomic/arithmetic/indirect_atomic_and_uint32_t_int32_t.mlir	1	SIMT	Vector/SIMTIndirectAtomic.aiv.c310.bc	meta_op.aiv.c310.bc
3	SIMT/Atomic/arithmetic	indirect_atomic_and_uint32_t_int64_t	SIMT/Atomic/arithmetic/indirect_atomic_and_uint32_t_int64_t.mlir	1	SIMT	Vector/SIMTIndirectAtomic.aiv.c310.bc	meta_op.aiv.c310.bc
3	SIMT/Atomic/arithmetic	indirect_atomic_and_uint64_t_int32_t	SIMT/Atomic/arithmetic/indirect_atomic_and_uint64_t_int32_t.mlir	1	SIMT	Vector/SIMTIndirectAtomic.aiv.c310.bc	meta_op.aiv.c310.bc
3	SIMT/Atomic/arithmetic	indirect_atomic_and_uint64_t_int64_t	SIMT/Atomic/arithmetic/indirect_atomic_and_uint64_t_int64_t.mlir	1	SIMT	Vector/SIMTIndirectAtomic.aiv.c310.bc	meta_op.aiv.c310.bc
3	SIMT/Atomic/arithmetic	indirect_atomic_or_int32_t_int32_t	SIMT/Atomic/arithmetic/indirect_atomic_or_int32_t_int32_t.mlir	1	SIMT	Vector/SIMTIndirectAtomic.aiv.c310.bc	meta_op.aiv.c310.bc
3	SIMT/Atomic/arithmetic	indirect_atomic_or_int32_t_int64_t	SIMT/Atomic/arithmetic/indirect_atomic_or_int32_t_int64_t.mlir	1	SIMT	Vector/SIMTIndirectAtomic.aiv.c310.bc	meta_op.aiv.c310.bc
3	SIMT/Atomic/arithmetic	indirect_atomic_or_int64_t_int32_t	SIMT/Atomic/arithmetic/indirect_atomic_or_int64_t_int32_t.mlir	1	SIMT	Vector/SIMTIndirectAtomic.aiv.c310.bc	meta_op.aiv.c310.bc
3	SIMT/Atomic/arithmetic	indirect_atomic_or_int64_t_int64_t	SIMT/Atomic/arithmetic/indirect_atomic_or_int64_t_int64_t.mlir	1	SIMT	Vector/SIMTIndirectAtomic.aiv.c310.bc	meta_op.aiv.c310.bc
3	SIMT/Atomic/arithmetic	indirect_atomic_or_no_mask_int32_t_int32_t	SIMT/Atomic/arithmetic/indirect_atomic_or_no_mask_int32_t_int32_t.mlir	1	SIMT	Vector/SIMTIndirectAtomic.aiv.c310.bc	meta_op.aiv.c310.bc
3	SIMT/Atomic/arithmetic	indirect_atomic_or_no_mask_int32_t_int64_t	SIMT/Atomic/arithmetic/indirect_atomic_or_no_mask_int32_t_int64_t.mlir	1	SIMT	Vector/SIMTIndirectAtomic.aiv.c310.bc	meta_op.aiv.c310.bc
3	SIMT/Atomic/arithmetic	indirect_atomic_or_no_mask_int64_t_int32_t	SIMT/Atomic/arithmetic/indirect_atomic_or_no_mask_int64_t_int32_t.mlir	1	SIMT	Vector/SIMTIndirectAtomic.aiv.c310.bc	meta_op.aiv.c310.bc
3	SIMT/Atomic/arithmetic	indirect_atomic_or_no_mask_int64_t_int64_t	SIMT/Atomic/arithmetic/indirect_atomic_or_no_mask_int64_t_int64_t.mlir	1	SIMT	Vector/SIMTIndirectAtomic.aiv.c310.bc	meta_op.aiv.c310.bc
3	SIMT/Atomic/arithmetic	indirect_atomic_or_no_mask_uint32_t_int32_t	SIMT/Atomic/arithmetic/indirect_atomic_or_no_mask_uint32_t_int32_t.mlir	1	SIMT	Vector/SIMTIndirectAtomic.aiv.c310.bc	meta_op.aiv.c310.bc
3	SIMT/Atomic/arithmetic	indirect_atomic_or_no_mask_uint32_t_int64_t	SIMT/Atomic/arithmetic/indirect_atomic_or_no_mask_uint32_t_int64_t.mlir	1	SIMT	Vector/SIMTIndirectAtomic.aiv.c310.bc	meta_op.aiv.c310.bc
3	SIMT/Atomic/arithmetic	indirect_atomic_or_no_mask_uint64_t_int32_t	SIMT/Atomic/arithmetic/indirect_atomic_or_no_mask_uint64_t_int32_t.mlir	1	SIMT	Vector/SIMTIndirectAtomic.aiv.c310.bc	meta_op.aiv.c310.bc
3	SIMT/Atomic/arithmetic	indirect_atomic_or_no_mask_uint64_t_int64_t	SIMT/Atomic/arithmetic/indirect_atomic_or_no_mask_uint64_t_int64_t.mlir	1	SIMT	Vector/SIMTIndirectAtomic.aiv.c310.bc	meta_op.aiv.c310.bc
3	SIMT/Atomic/arithmetic	indirect_atomic_or_uint32_t_int32_t	SIMT/Atomic/arithmetic/indirect_atomic_or_uint32_t_int32_t.mlir	1	SIMT	Vector/SIMTIndirectAtomic.aiv.c310.bc	meta_op.aiv.c310.bc
3	SIMT/Atomic/arithmetic	indirect_atomic_or_uint32_t_int64_t	SIMT/Atomic/arithmetic/indirect_atomic_or_uint32_t_int64_t.mlir	1	SIMT	Vector/SIMTIndirectAtomic.aiv.c310.bc	meta_op.aiv.c310.bc
3	SIMT/Atomic/arithmetic	indirect_atomic_or_uint64_t_int32_t	SIMT/Atomic/arithmetic/indirect_atomic_or_uint64_t_int32_t.mlir	1	SIMT	Vector/SIMTIndirectAtomic.aiv.c310.bc	meta_op.aiv.c310.bc
3	SIMT/Atomic/arithmetic	indirect_atomic_or_uint64_t_int64_t	SIMT/Atomic/arithmetic/indirect_atomic_or_uint64_t_int64_t.mlir	1	SIMT	Vector/SIMTIndirectAtomic.aiv.c310.bc	meta_op.aiv.c310.bc
3	SIMT/Atomic/arithmetic	indirect_atomic_xor_int32_t_int32_t	SIMT/Atomic/arithmetic/indirect_atomic_xor_int32_t_int32_t.mlir	1	SIMT	Vector/SIMTIndirectAtomic.aiv.c310.bc	meta_op.aiv.c310.bc
3	SIMT/Atomic/arithmetic	indirect_atomic_xor_int32_t_int64_t	SIMT/Atomic/arithmetic/indirect_atomic_xor_int32_t_int64_t.mlir	1	SIMT	Vector/SIMTIndirectAtomic.aiv.c310.bc	meta_op.aiv.c310.bc
3	SIMT/Atomic/arithmetic	indirect_atomic_xor_int64_t_int32_t	SIMT/Atomic/arithmetic/indirect_atomic_xor_int64_t_int32_t.mlir	1	SIMT	Vector/SIMTIndirectAtomic.aiv.c310.bc	meta_op.aiv.c310.bc
3	SIMT/Atomic/arithmetic	indirect_atomic_xor_int64_t_int64_t	SIMT/Atomic/arithmetic/indirect_atomic_xor_int64_t_int64_t.mlir	1	SIMT	Vector/SIMTIndirectAtomic.aiv.c310.bc	meta_op.aiv.c310.bc
3	SIMT/Atomic/arithmetic	indirect_atomic_xor_no_mask_int32_t_int32_t	SIMT/Atomic/arithmetic/indirect_atomic_xor_no_mask_int32_t_int32_t.mlir	1	SIMT	Vector/SIMTIndirectAtomic.aiv.c310.bc	meta_op.aiv.c310.bc
3	SIMT/Atomic/arithmetic	indirect_atomic_xor_no_mask_int32_t_int64_t	SIMT/Atomic/arithmetic/indirect_atomic_xor_no_mask_int32_t_int64_t.mlir	1	SIMT	Vector/SIMTIndirectAtomic.aiv.c310.bc	meta_op.aiv.c310.bc
3	SIMT/Atomic/arithmetic	indirect_atomic_xor_no_mask_int64_t_int32_t	SIMT/Atomic/arithmetic/indirect_atomic_xor_no_mask_int64_t_int32_t.mlir	1	SIMT	Vector/SIMTIndirectAtomic.aiv.c310.bc	meta_op.aiv.c310.bc
3	SIMT/Atomic/arithmetic	indirect_atomic_xor_no_mask_int64_t_int64_t	SIMT/Atomic/arithmetic/indirect_atomic_xor_no_mask_int64_t_int64_t.mlir	1	SIMT	Vector/SIMTIndirectAtomic.aiv.c310.bc	meta_op.aiv.c310.bc
3	SIMT/Atomic/arithmetic	indirect_atomic_xor_no_mask_uint32_t_int32_t	SIMT/Atomic/arithmetic/indirect_atomic_xor_no_mask_uint32_t_int32_t.mlir	1	SIMT	Vector/SIMTIndirectAtomic.aiv.c310.bc	meta_op.aiv.c310.bc
3	SIMT/Atomic/arithmetic	indirect_atomic_xor_no_mask_uint32_t_int64_t	SIMT/Atomic/arithmetic/indirect_atomic_xor_no_mask_uint32_t_int64_t.mlir	1	SIMT	Vector/SIMTIndirectAtomic.aiv.c310.bc	meta_op.aiv.c310.bc
3	SIMT/Atomic/arithmetic	indirect_atomic_xor_no_mask_uint64_t_int32_t	SIMT/Atomic/arithmetic/indirect_atomic_xor_no_mask_uint64_t_int32_t.mlir	1	SIMT	Vector/SIMTIndirectAtomic.aiv.c310.bc	meta_op.aiv.c310.bc
3	SIMT/Atomic/arithmetic	indirect_atomic_xor_no_mask_uint64_t_int64_t	SIMT/Atomic/arithmetic/indirect_atomic_xor_no_mask_uint64_t_int64_t.mlir	1	SIMT	Vector/SIMTIndirectAtomic.aiv.c310.bc	meta_op.aiv.c310.bc
3	SIMT/Atomic/arithmetic	indirect_atomic_xor_uint32_t_int32_t	SIMT/Atomic/arithmetic/indirect_atomic_xor_uint32_t_int32_t.mlir	1	SIMT	Vector/SIMTIndirectAtomic.aiv.c310.bc	meta_op.aiv.c310.bc
3	SIMT/Atomic/arithmetic	indirect_atomic_xor_uint32_t_int64_t	SIMT/Atomic/arithmetic/indirect_atomic_xor_uint32_t_int64_t.mlir	1	SIMT	Vector/SIMTIndirectAtomic.aiv.c310.bc	meta_op.aiv.c310.bc
3	SIMT/Atomic/arithmetic	indirect_atomic_xor_uint64_t_int32_t	SIMT/Atomic/arithmetic/indirect_atomic_xor_uint64_t_int32_t.mlir	1	SIMT	Vector/SIMTIndirectAtomic.aiv.c310.bc	meta_op.aiv.c310.bc
3	SIMT/Atomic/arithmetic	indirect_atomic_xor_uint64_t_int64_t	SIMT/Atomic/arithmetic/indirect_atomic_xor_uint64_t_int64_t.mlir	1	SIMT	Vector/SIMTIndirectAtomic.aiv.c310.bc	meta_op.aiv.c310.bc
3	SIMT/Atomic/block	indirect_atomic_block_and_int32_t_int32_t	SIMT/Atomic/block/indirect_atomic_block_and_int32_t_int32_t.mlir	1	SIMT	Vector/SIMTIndirectAtomicBlock.aiv.c310.bc	meta_op.aiv.c310.bc
3	SIMT/Atomic/block	indirect_atomic_block_and_int32_t_int64_t	SIMT/Atomic/block/indirect_atomic_block_and_int32_t_int64_t.mlir	1	SIMT	Vector/SIMTIndirectAtomicBlock.aiv.c310.bc	meta_op.aiv.c310.bc
3	SIMT/Atomic/block	indirect_atomic_block_and_int64_t_int32_t	SIMT/Atomic/block/indirect_atomic_block_and_int64_t_int32_t.mlir	1	SIMT	Vector/SIMTIndirectAtomicBlock.aiv.c310.bc	meta_op.aiv.c310.bc
3	SIMT/Atomic/block	indirect_atomic_block_and_int64_t_int64_t	SIMT/Atomic/block/indirect_atomic_block_and_int64_t_int64_t.mlir	1	SIMT	Vector/SIMTIndirectAtomicBlock.aiv.c310.bc	meta_op.aiv.c310.bc
3	SIMT/Atomic/block	indirect_atomic_block_and_no_mask_int32_t_int32_t	SIMT/Atomic/block/indirect_atomic_block_and_no_mask_int32_t_int32_t.mlir	1	SIMT	Vector/SIMTIndirectAtomicBlock.aiv.c310.bc	meta_op.aiv.c310.bc
3	SIMT/Atomic/block	indirect_atomic_block_and_no_mask_int32_t_int64_t	SIMT/Atomic/block/indirect_atomic_block_and_no_mask_int32_t_int64_t.mlir	1	SIMT	Vector/SIMTIndirectAtomicBlock.aiv.c310.bc	meta_op.aiv.c310.bc
3	SIMT/Atomic/block	indirect_atomic_block_and_no_mask_int64_t_int32_t	SIMT/Atomic/block/indirect_atomic_block_and_no_mask_int64_t_int32_t.mlir	1	SIMT	Vector/SIMTIndirectAtomicBlock.aiv.c310.bc	meta_op.aiv.c310.bc
3	SIMT/Atomic/block	indirect_atomic_block_and_no_mask_int64_t_int64_t	SIMT/Atomic/block/indirect_atomic_block_and_no_mask_int64_t_int64_t.mlir	1	SIMT	Vector/SIMTIndirectAtomicBlock.aiv.c310.bc	meta_op.aiv.c310.bc
3	SIMT/Atomic/block	indirect_atomic_block_and_no_mask_uint32_t_int32_t	SIMT/Atomic/block/indirect_atomic_block_and_no_mask_uint32_t_int32_t.mlir	1	SIMT	Vector/SIMTIndirectAtomicBlock.aiv.c310.bc	meta_op.aiv.c310.bc
3	SIMT/Atomic/block	indirect_atomic_block_and_no_mask_uint32_t_int64_t	SIMT/Atomic/block/indirect_atomic_block_and_no_mask_uint32_t_int64_t.mlir	1	SIMT	Vector/SIMTIndirectAtomicBlock.aiv.c310.bc	meta_op.aiv.c310.bc
3	SIMT/Atomic/block	indirect_atomic_block_and_no_mask_uint64_t_int32_t	SIMT/Atomic/block/indirect_atomic_block_and_no_mask_uint64_t_int32_t.mlir	1	SIMT	Vector/SIMTIndirectAtomicBlock.aiv.c310.bc	meta_op.aiv.c310.bc
3	SIMT/Atomic/block	indirect_atomic_block_and_no_mask_uint64_t_int64_t	SIMT/Atomic/block/indirect_atomic_block_and_no_mask_uint64_t_int64_t.mlir	1	SIMT	Vector/SIMTIndirectAtomicBlock.aiv.c310.bc	meta_op.aiv.c310.bc
3	SIMT/Atomic/block	indirect_atomic_block_and_uint32_t_int32_t	SIMT/Atomic/block/indirect_atomic_block_and_uint32_t_int32_t.mlir	1	SIMT	Vector/SIMTIndirectAtomicBlock.aiv.c310.bc	meta_op.aiv.c310.bc
3	SIMT/Atomic/block	indirect_atomic_block_and_uint32_t_int64_t	SIMT/Atomic/block/indirect_atomic_block_and_uint32_t_int64_t.mlir	1	SIMT	Vector/SIMTIndirectAtomicBlock.aiv.c310.bc	meta_op.aiv.c310.bc
3	SIMT/Atomic/block	indirect_atomic_block_and_uint64_t_int32_t	SIMT/Atomic/block/indirect_atomic_block_and_uint64_t_int32_t.mlir	1	SIMT	Vector/SIMTIndirectAtomicBlock.aiv.c310.bc	meta_op.aiv.c310.bc
3	SIMT/Atomic/block	indirect_atomic_block_and_uint64_t_int64_t	SIMT/Atomic/block/indirect_atomic_block_and_uint64_t_int64_t.mlir	1	SIMT	Vector/SIMTIndirectAtomicBlock.aiv.c310.bc	meta_op.aiv.c310.bc
3	SIMT/Atomic/block	indirect_atomic_block_or_int32_t_int32_t	SIMT/Atomic/block/indirect_atomic_block_or_int32_t_int32_t.mlir	1	SIMT	Vector/SIMTIndirectAtomicBlock.aiv.c310.bc	meta_op.aiv.c310.bc
3	SIMT/Atomic/block	indirect_atomic_block_or_int32_t_int64_t	SIMT/Atomic/block/indirect_atomic_block_or_int32_t_int64_t.mlir	1	SIMT	Vector/SIMTIndirectAtomicBlock.aiv.c310.bc	meta_op.aiv.c310.bc
3	SIMT/Atomic/block	indirect_atomic_block_or_int64_t_int32_t	SIMT/Atomic/block/indirect_atomic_block_or_int64_t_int32_t.mlir	1	SIMT	Vector/SIMTIndirectAtomicBlock.aiv.c310.bc	meta_op.aiv.c310.bc
3	SIMT/Atomic/block	indirect_atomic_block_or_int64_t_int64_t	SIMT/Atomic/block/indirect_atomic_block_or_int64_t_int64_t.mlir	1	SIMT	Vector/SIMTIndirectAtomicBlock.aiv.c310.bc	meta_op.aiv.c310.bc
3	SIMT/Atomic/block	indirect_atomic_block_or_no_mask_int32_t_int32_t	SIMT/Atomic/block/indirect_atomic_block_or_no_mask_int32_t_int32_t.mlir	1	SIMT	Vector/SIMTIndirectAtomicBlock.aiv.c310.bc	meta_op.aiv.c310.bc
3	SIMT/Atomic/block	indirect_atomic_block_or_no_mask_int32_t_int64_t	SIMT/Atomic/block/indirect_atomic_block_or_no_mask_int32_t_int64_t.mlir	1	SIMT	Vector/SIMTIndirectAtomicBlock.aiv.c310.bc	meta_op.aiv.c310.bc
3	SIMT/Atomic/block	indirect_atomic_block_or_no_mask_int64_t_int32_t	SIMT/Atomic/block/indirect_atomic_block_or_no_mask_int64_t_int32_t.mlir	1	SIMT	Vector/SIMTIndirectAtomicBlock.aiv.c310.bc	meta_op.aiv.c310.bc
3	SIMT/Atomic/block	indirect_atomic_block_or_no_mask_int64_t_int64_t	SIMT/Atomic/block/indirect_atomic_block_or_no_mask_int64_t_int64_t.mlir	1	SIMT	Vector/SIMTIndirectAtomicBlock.aiv.c310.bc	meta_op.aiv.c310.bc
3	SIMT/Atomic/block	indirect_atomic_block_or_no_mask_uint32_t_int32_t	SIMT/Atomic/block/indirect_atomic_block_or_no_mask_uint32_t_int32_t.mlir	1	SIMT	Vector/SIMTIndirectAtomicBlock.aiv.c310.bc	meta_op.aiv.c310.bc
3	SIMT/Atomic/block	indirect_atomic_block_or_no_mask_uint32_t_int64_t	SIMT/Atomic/block/indirect_atomic_block_or_no_mask_uint32_t_int64_t.mlir	1	SIMT	Vector/SIMTIndirectAtomicBlock.aiv.c310.bc	meta_op.aiv.c310.bc
3	SIMT/Atomic/block	indirect_atomic_block_or_no_mask_uint64_t_int32_t	SIMT/Atomic/block/indirect_atomic_block_or_no_mask_uint64_t_int32_t.mlir	1	SIMT	Vector/SIMTIndirectAtomicBlock.aiv.c310.bc	meta_op.aiv.c310.bc
3	SIMT/Atomic/block	indirect_atomic_block_or_no_mask_uint64_t_int64_t	SIMT/Atomic/block/indirect_atomic_block_or_no_mask_uint64_t_int64_t.mlir	1	SIMT	Vector/SIMTIndirectAtomicBlock.aiv.c310.bc	meta_op.aiv.c310.bc
3	SIMT/Atomic/block	indirect_atomic_block_or_uint32_t_int32_t	SIMT/Atomic/block/indirect_atomic_block_or_uint32_t_int32_t.mlir	1	SIMT	Vector/SIMTIndirectAtomicBlock.aiv.c310.bc	meta_op.aiv.c310.bc
3	SIMT/Atomic/block	indirect_atomic_block_or_uint32_t_int64_t	SIMT/Atomic/block/indirect_atomic_block_or_uint32_t_int64_t.mlir	1	SIMT	Vector/SIMTIndirectAtomicBlock.aiv.c310.bc	meta_op.aiv.c310.bc
3	SIMT/Atomic/block	indirect_atomic_block_or_uint64_t_int32_t	SIMT/Atomic/block/indirect_atomic_block_or_uint64_t_int32_t.mlir	1	SIMT	Vector/SIMTIndirectAtomicBlock.aiv.c310.bc	meta_op.aiv.c310.bc
3	SIMT/Atomic/block	indirect_atomic_block_or_uint64_t_int64_t	SIMT/Atomic/block/indirect_atomic_block_or_uint64_t_int64_t.mlir	1	SIMT	Vector/SIMTIndirectAtomicBlock.aiv.c310.bc	meta_op.aiv.c310.bc
3	SIMT/Atomic/block	indirect_atomic_block_xor_int32_t_int32_t	SIMT/Atomic/block/indirect_atomic_block_xor_int32_t_int32_t.mlir	1	SIMT	Vector/SIMTIndirectAtomicBlock.aiv.c310.bc	meta_op.aiv.c310.bc
3	SIMT/Atomic/block	indirect_atomic_block_xor_int32_t_int64_t	SIMT/Atomic/block/indirect_atomic_block_xor_int32_t_int64_t.mlir	1	SIMT	Vector/SIMTIndirectAtomicBlock.aiv.c310.bc	meta_op.aiv.c310.bc
3	SIMT/Atomic/block	indirect_atomic_block_xor_int64_t_int32_t	SIMT/Atomic/block/indirect_atomic_block_xor_int64_t_int32_t.mlir	1	SIMT	Vector/SIMTIndirectAtomicBlock.aiv.c310.bc	meta_op.aiv.c310.bc
3	SIMT/Atomic/block	indirect_atomic_block_xor_int64_t_int64_t	SIMT/Atomic/block/indirect_atomic_block_xor_int64_t_int64_t.mlir	1	SIMT	Vector/SIMTIndirectAtomicBlock.aiv.c310.bc	meta_op.aiv.c310.bc
3	SIMT/Atomic/block	indirect_atomic_block_xor_no_mask_int32_t_int32_t	SIMT/Atomic/block/indirect_atomic_block_xor_no_mask_int32_t_int32_t.mlir	1	SIMT	Vector/SIMTIndirectAtomicBlock.aiv.c310.bc	meta_op.aiv.c310.bc
3	SIMT/Atomic/block	indirect_atomic_block_xor_no_mask_int32_t_int64_t	SIMT/Atomic/block/indirect_atomic_block_xor_no_mask_int32_t_int64_t.mlir	1	SIMT	Vector/SIMTIndirectAtomicBlock.aiv.c310.bc	meta_op.aiv.c310.bc
3	SIMT/Atomic/block	indirect_atomic_block_xor_no_mask_int64_t_int32_t	SIMT/Atomic/block/indirect_atomic_block_xor_no_mask_int64_t_int32_t.mlir	1	SIMT	Vector/SIMTIndirectAtomicBlock.aiv.c310.bc	meta_op.aiv.c310.bc
3	SIMT/Atomic/block	indirect_atomic_block_xor_no_mask_int64_t_int64_t	SIMT/Atomic/block/indirect_atomic_block_xor_no_mask_int64_t_int64_t.mlir	1	SIMT	Vector/SIMTIndirectAtomicBlock.aiv.c310.bc	meta_op.aiv.c310.bc
3	SIMT/Atomic/block	indirect_atomic_block_xor_no_mask_uint32_t_int32_t	SIMT/Atomic/block/indirect_atomic_block_xor_no_mask_uint32_t_int32_t.mlir	1	SIMT	Vector/SIMTIndirectAtomicBlock.aiv.c310.bc	meta_op.aiv.c310.bc
3	SIMT/Atomic/block	indirect_atomic_block_xor_no_mask_uint32_t_int64_t	SIMT/Atomic/block/indirect_atomic_block_xor_no_mask_uint32_t_int64_t.mlir	1	SIMT	Vector/SIMTIndirectAtomicBlock.aiv.c310.bc	meta_op.aiv.c310.bc
3	SIMT/Atomic/block	indirect_atomic_block_xor_no_mask_uint64_t_int32_t	SIMT/Atomic/block/indirect_atomic_block_xor_no_mask_uint64_t_int32_t.mlir	1	SIMT	Vector/SIMTIndirectAtomicBlock.aiv.c310.bc	meta_op.aiv.c310.bc
3	SIMT/Atomic/block	indirect_atomic_block_xor_no_mask_uint64_t_int64_t	SIMT/Atomic/block/indirect_atomic_block_xor_no_mask_uint64_t_int64_t.mlir	1	SIMT	Vector/SIMTIndirectAtomicBlock.aiv.c310.bc	meta_op.aiv.c310.bc
3	SIMT/Atomic/block	indirect_atomic_block_xor_uint32_t_int32_t	SIMT/Atomic/block/indirect_atomic_block_xor_uint32_t_int32_t.mlir	1	SIMT	Vector/SIMTIndirectAtomicBlock.aiv.c310.bc	meta_op.aiv.c310.bc
3	SIMT/Atomic/block	indirect_atomic_block_xor_uint32_t_int64_t	SIMT/Atomic/block/indirect_atomic_block_xor_uint32_t_int64_t.mlir	1	SIMT	Vector/SIMTIndirectAtomicBlock.aiv.c310.bc	meta_op.aiv.c310.bc
3	SIMT/Atomic/block	indirect_atomic_block_xor_uint64_t_int32_t	SIMT/Atomic/block/indirect_atomic_block_xor_uint64_t_int32_t.mlir	1	SIMT	Vector/SIMTIndirectAtomicBlock.aiv.c310.bc	meta_op.aiv.c310.bc
3	SIMT/Atomic/block	indirect_atomic_block_xor_uint64_t_int64_t	SIMT/Atomic/block/indirect_atomic_block_xor_uint64_t_int64_t.mlir	1	SIMT	Vector/SIMTIndirectAtomicBlock.aiv.c310.bc	meta_op.aiv.c310.bc
3	SIMT/Atomic/compare-swap	indirect_atomic_cas_bfloat16x2_t_int32_t	SIMT/Atomic/compare-swap/indirect_atomic_cas_bfloat16x2_t_int32_t.mlir	1	SIMT	Vector/SIMTIndirectAtomic.aiv.c310.bc	meta_op.aiv.c310.bc
3	SIMT/Atomic/compare-swap	indirect_atomic_cas_bfloat16x2_t_int64_t	SIMT/Atomic/compare-swap/indirect_atomic_cas_bfloat16x2_t_int64_t.mlir	1	SIMT	Vector/SIMTIndirectAtomic.aiv.c310.bc	meta_op.aiv.c310.bc
3	SIMT/Atomic/compare-swap	indirect_atomic_cas_float_int32_t	SIMT/Atomic/compare-swap/indirect_atomic_cas_float_int32_t.mlir	1	SIMT	Vector/SIMTIndirectAtomic.aiv.c310.bc	meta_op.aiv.c310.bc
3	SIMT/Atomic/compare-swap	indirect_atomic_cas_float_int64_t	SIMT/Atomic/compare-swap/indirect_atomic_cas_float_int64_t.mlir	1	SIMT	Vector/SIMTIndirectAtomic.aiv.c310.bc	meta_op.aiv.c310.bc
3	SIMT/Atomic/compare-swap	indirect_atomic_cas_half2_int32_t	SIMT/Atomic/compare-swap/indirect_atomic_cas_half2_int32_t.mlir	1	SIMT	Vector/SIMTIndirectAtomic.aiv.c310.bc	meta_op.aiv.c310.bc
3	SIMT/Atomic/compare-swap	indirect_atomic_cas_half2_int64_t	SIMT/Atomic/compare-swap/indirect_atomic_cas_half2_int64_t.mlir	1	SIMT	Vector/SIMTIndirectAtomic.aiv.c310.bc	meta_op.aiv.c310.bc
3	SIMT/Atomic/compare-swap	indirect_atomic_cas_int32_t_int32_t	SIMT/Atomic/compare-swap/indirect_atomic_cas_int32_t_int32_t.mlir	1	SIMT	Vector/SIMTIndirectAtomic.aiv.c310.bc	meta_op.aiv.c310.bc
3	SIMT/Atomic/compare-swap	indirect_atomic_cas_int32_t_int64_t	SIMT/Atomic/compare-swap/indirect_atomic_cas_int32_t_int64_t.mlir	1	SIMT	Vector/SIMTIndirectAtomic.aiv.c310.bc	meta_op.aiv.c310.bc
3	SIMT/Atomic/compare-swap	indirect_atomic_cas_int64_t_int32_t	SIMT/Atomic/compare-swap/indirect_atomic_cas_int64_t_int32_t.mlir	1	SIMT	Vector/SIMTIndirectAtomic.aiv.c310.bc	meta_op.aiv.c310.bc
3	SIMT/Atomic/compare-swap	indirect_atomic_cas_int64_t_int64_t	SIMT/Atomic/compare-swap/indirect_atomic_cas_int64_t_int64_t.mlir	1	SIMT	Vector/SIMTIndirectAtomic.aiv.c310.bc	meta_op.aiv.c310.bc
3	SIMT/Atomic/compare-swap	indirect_atomic_cas_uint32_t_int32_t	SIMT/Atomic/compare-swap/indirect_atomic_cas_uint32_t_int32_t.mlir	1	SIMT	Vector/SIMTIndirectAtomic.aiv.c310.bc	meta_op.aiv.c310.bc
3	SIMT/Atomic/compare-swap	indirect_atomic_cas_uint32_t_int64_t	SIMT/Atomic/compare-swap/indirect_atomic_cas_uint32_t_int64_t.mlir	1	SIMT	Vector/SIMTIndirectAtomic.aiv.c310.bc	meta_op.aiv.c310.bc
3	SIMT/Atomic/compare-swap	indirect_atomic_cas_uint64_t_int32_t	SIMT/Atomic/compare-swap/indirect_atomic_cas_uint64_t_int32_t.mlir	1	SIMT	Vector/SIMTIndirectAtomic.aiv.c310.bc	meta_op.aiv.c310.bc
3	SIMT/Atomic/compare-swap	indirect_atomic_cas_uint64_t_int64_t	SIMT/Atomic/compare-swap/indirect_atomic_cas_uint64_t_int64_t.mlir	1	SIMT	Vector/SIMTIndirectAtomic.aiv.c310.bc	meta_op.aiv.c310.bc
3	SIMT/Atomic/compare-swap	indirect_atomic_xchg_bfloat16x2_t_int32_t	SIMT/Atomic/compare-swap/indirect_atomic_xchg_bfloat16x2_t_int32_t.mlir	1	SIMT	Vector/SIMTIndirectAtomic.aiv.c310.bc	meta_op.aiv.c310.bc
3	SIMT/Atomic/compare-swap	indirect_atomic_xchg_bfloat16x2_t_int64_t	SIMT/Atomic/compare-swap/indirect_atomic_xchg_bfloat16x2_t_int64_t.mlir	1	SIMT	Vector/SIMTIndirectAtomic.aiv.c310.bc	meta_op.aiv.c310.bc
3	SIMT/Atomic/compare-swap	indirect_atomic_xchg_float_int32_t	SIMT/Atomic/compare-swap/indirect_atomic_xchg_float_int32_t.mlir	1	SIMT	Vector/SIMTIndirectAtomic.aiv.c310.bc	meta_op.aiv.c310.bc
3	SIMT/Atomic/compare-swap	indirect_atomic_xchg_float_int64_t	SIMT/Atomic/compare-swap/indirect_atomic_xchg_float_int64_t.mlir	1	SIMT	Vector/SIMTIndirectAtomic.aiv.c310.bc	meta_op.aiv.c310.bc
3	SIMT/Atomic/compare-swap	indirect_atomic_xchg_half2_int32_t	SIMT/Atomic/compare-swap/indirect_atomic_xchg_half2_int32_t.mlir	1	SIMT	Vector/SIMTIndirectAtomic.aiv.c310.bc	meta_op.aiv.c310.bc
3	SIMT/Atomic/compare-swap	indirect_atomic_xchg_half2_int64_t	SIMT/Atomic/compare-swap/indirect_atomic_xchg_half2_int64_t.mlir	1	SIMT	Vector/SIMTIndirectAtomic.aiv.c310.bc	meta_op.aiv.c310.bc
3	SIMT/Atomic/compare-swap	indirect_atomic_xchg_int32_t_int32_t	SIMT/Atomic/compare-swap/indirect_atomic_xchg_int32_t_int32_t.mlir	1	SIMT	Vector/SIMTIndirectAtomic.aiv.c310.bc	meta_op.aiv.c310.bc
3	SIMT/Atomic/compare-swap	indirect_atomic_xchg_int32_t_int64_t	SIMT/Atomic/compare-swap/indirect_atomic_xchg_int32_t_int64_t.mlir	1	SIMT	Vector/SIMTIndirectAtomic.aiv.c310.bc	meta_op.aiv.c310.bc
3	SIMT/Atomic/compare-swap	indirect_atomic_xchg_int64_t_int32_t	SIMT/Atomic/compare-swap/indirect_atomic_xchg_int64_t_int32_t.mlir	1	SIMT	Vector/SIMTIndirectAtomic.aiv.c310.bc	meta_op.aiv.c310.bc
3	SIMT/Atomic/compare-swap	indirect_atomic_xchg_int64_t_int64_t	SIMT/Atomic/compare-swap/indirect_atomic_xchg_int64_t_int64_t.mlir	1	SIMT	Vector/SIMTIndirectAtomic.aiv.c310.bc	meta_op.aiv.c310.bc
3	SIMT/Atomic/compare-swap	indirect_atomic_xchg_no_mask_bfloat16x2_t_int32_t	SIMT/Atomic/compare-swap/indirect_atomic_xchg_no_mask_bfloat16x2_t_int32_t.mlir	1	SIMT	Vector/SIMTIndirectAtomic.aiv.c310.bc	meta_op.aiv.c310.bc
3	SIMT/Atomic/compare-swap	indirect_atomic_xchg_no_mask_bfloat16x2_t_int64_t	SIMT/Atomic/compare-swap/indirect_atomic_xchg_no_mask_bfloat16x2_t_int64_t.mlir	1	SIMT	Vector/SIMTIndirectAtomic.aiv.c310.bc	meta_op.aiv.c310.bc
3	SIMT/Atomic/compare-swap	indirect_atomic_xchg_no_mask_float_int32_t	SIMT/Atomic/compare-swap/indirect_atomic_xchg_no_mask_float_int32_t.mlir	1	SIMT	Vector/SIMTIndirectAtomic.aiv.c310.bc	meta_op.aiv.c310.bc
3	SIMT/Atomic/compare-swap	indirect_atomic_xchg_no_mask_float_int64_t	SIMT/Atomic/compare-swap/indirect_atomic_xchg_no_mask_float_int64_t.mlir	1	SIMT	Vector/SIMTIndirectAtomic.aiv.c310.bc	meta_op.aiv.c310.bc
3	SIMT/Atomic/compare-swap	indirect_atomic_xchg_no_mask_half2_int32_t	SIMT/Atomic/compare-swap/indirect_atomic_xchg_no_mask_half2_int32_t.mlir	1	SIMT	Vector/SIMTIndirectAtomic.aiv.c310.bc	meta_op.aiv.c310.bc
3	SIMT/Atomic/compare-swap	indirect_atomic_xchg_no_mask_half2_int64_t	SIMT/Atomic/compare-swap/indirect_atomic_xchg_no_mask_half2_int64_t.mlir	1	SIMT	Vector/SIMTIndirectAtomic.aiv.c310.bc	meta_op.aiv.c310.bc
3	SIMT/Atomic/compare-swap	indirect_atomic_xchg_no_mask_int32_t_int32_t	SIMT/Atomic/compare-swap/indirect_atomic_xchg_no_mask_int32_t_int32_t.mlir	1	SIMT	Vector/SIMTIndirectAtomic.aiv.c310.bc	meta_op.aiv.c310.bc
3	SIMT/Atomic/compare-swap	indirect_atomic_xchg_no_mask_int32_t_int64_t	SIMT/Atomic/compare-swap/indirect_atomic_xchg_no_mask_int32_t_int64_t.mlir	1	SIMT	Vector/SIMTIndirectAtomic.aiv.c310.bc	meta_op.aiv.c310.bc
3	SIMT/Atomic/compare-swap	indirect_atomic_xchg_no_mask_int64_t_int32_t	SIMT/Atomic/compare-swap/indirect_atomic_xchg_no_mask_int64_t_int32_t.mlir	1	SIMT	Vector/SIMTIndirectAtomic.aiv.c310.bc	meta_op.aiv.c310.bc
3	SIMT/Atomic/compare-swap	indirect_atomic_xchg_no_mask_int64_t_int64_t	SIMT/Atomic/compare-swap/indirect_atomic_xchg_no_mask_int64_t_int64_t.mlir	1	SIMT	Vector/SIMTIndirectAtomic.aiv.c310.bc	meta_op.aiv.c310.bc
3	SIMT/Atomic/compare-swap	indirect_atomic_xchg_no_mask_uint32_t_int32_t	SIMT/Atomic/compare-swap/indirect_atomic_xchg_no_mask_uint32_t_int32_t.mlir	1	SIMT	Vector/SIMTIndirectAtomic.aiv.c310.bc	meta_op.aiv.c310.bc
3	SIMT/Atomic/compare-swap	indirect_atomic_xchg_no_mask_uint32_t_int64_t	SIMT/Atomic/compare-swap/indirect_atomic_xchg_no_mask_uint32_t_int64_t.mlir	1	SIMT	Vector/SIMTIndirectAtomic.aiv.c310.bc	meta_op.aiv.c310.bc
3	SIMT/Atomic/compare-swap	indirect_atomic_xchg_no_mask_uint64_t_int32_t	SIMT/Atomic/compare-swap/indirect_atomic_xchg_no_mask_uint64_t_int32_t.mlir	1	SIMT	Vector/SIMTIndirectAtomic.aiv.c310.bc	meta_op.aiv.c310.bc
3	SIMT/Atomic/compare-swap	indirect_atomic_xchg_no_mask_uint64_t_int64_t	SIMT/Atomic/compare-swap/indirect_atomic_xchg_no_mask_uint64_t_int64_t.mlir	1	SIMT	Vector/SIMTIndirectAtomic.aiv.c310.bc	meta_op.aiv.c310.bc
3	SIMT/Atomic/compare-swap	indirect_atomic_xchg_uint32_t_int32_t	SIMT/Atomic/compare-swap/indirect_atomic_xchg_uint32_t_int32_t.mlir	1	SIMT	Vector/SIMTIndirectAtomic.aiv.c310.bc	meta_op.aiv.c310.bc
3	SIMT/Atomic/compare-swap	indirect_atomic_xchg_uint32_t_int64_t	SIMT/Atomic/compare-swap/indirect_atomic_xchg_uint32_t_int64_t.mlir	1	SIMT	Vector/SIMTIndirectAtomic.aiv.c310.bc	meta_op.aiv.c310.bc
3	SIMT/Atomic/compare-swap	indirect_atomic_xchg_uint64_t_int32_t	SIMT/Atomic/compare-swap/indirect_atomic_xchg_uint64_t_int32_t.mlir	1	SIMT	Vector/SIMTIndirectAtomic.aiv.c310.bc	meta_op.aiv.c310.bc
3	SIMT/Atomic/compare-swap	indirect_atomic_xchg_uint64_t_int64_t	SIMT/Atomic/compare-swap/indirect_atomic_xchg_uint64_t_int64_t.mlir	1	SIMT	Vector/SIMTIndirectAtomic.aiv.c310.bc	meta_op.aiv.c310.bc
3	SIMT/Atomic/minmax	indirect_atomic_max_bfloat16_t_int32_t	SIMT/Atomic/minmax/indirect_atomic_max_bfloat16_t_int32_t.mlir	1	SIMT	Vector/SIMTIndirectAtomic.aiv.c310.bc	meta_op.aiv.c310.bc
3	SIMT/Atomic/minmax	indirect_atomic_max_bfloat16_t_int64_t	SIMT/Atomic/minmax/indirect_atomic_max_bfloat16_t_int64_t.mlir	1	SIMT	Vector/SIMTIndirectAtomic.aiv.c310.bc	meta_op.aiv.c310.bc
3	SIMT/Atomic/minmax	indirect_atomic_max_bfloat16x2_t_int32_t	SIMT/Atomic/minmax/indirect_atomic_max_bfloat16x2_t_int32_t.mlir	1	SIMT	Vector/SIMTIndirectAtomic.aiv.c310.bc	meta_op.aiv.c310.bc
3	SIMT/Atomic/minmax	indirect_atomic_max_bfloat16x2_t_int64_t	SIMT/Atomic/minmax/indirect_atomic_max_bfloat16x2_t_int64_t.mlir	1	SIMT	Vector/SIMTIndirectAtomic.aiv.c310.bc	meta_op.aiv.c310.bc
3	SIMT/Atomic/minmax	indirect_atomic_max_float_int32_t	SIMT/Atomic/minmax/indirect_atomic_max_float_int32_t.mlir	1	SIMT	Vector/SIMTIndirectAtomic.aiv.c310.bc	meta_op.aiv.c310.bc
3	SIMT/Atomic/minmax	indirect_atomic_max_float_int64_t	SIMT/Atomic/minmax/indirect_atomic_max_float_int64_t.mlir	1	SIMT	Vector/SIMTIndirectAtomic.aiv.c310.bc	meta_op.aiv.c310.bc
3	SIMT/Atomic/minmax	indirect_atomic_max_half2_int32_t	SIMT/Atomic/minmax/indirect_atomic_max_half2_int32_t.mlir	1	SIMT	Vector/SIMTIndirectAtomic.aiv.c310.bc	meta_op.aiv.c310.bc
3	SIMT/Atomic/minmax	indirect_atomic_max_half2_int64_t	SIMT/Atomic/minmax/indirect_atomic_max_half2_int64_t.mlir	1	SIMT	Vector/SIMTIndirectAtomic.aiv.c310.bc	meta_op.aiv.c310.bc
3	SIMT/Atomic/minmax	indirect_atomic_max_half_int32_t	SIMT/Atomic/minmax/indirect_atomic_max_half_int32_t.mlir	1	SIMT	Vector/SIMTIndirectAtomic.aiv.c310.bc	meta_op.aiv.c310.bc
3	SIMT/Atomic/minmax	indirect_atomic_max_half_int64_t	SIMT/Atomic/minmax/indirect_atomic_max_half_int64_t.mlir	1	SIMT	Vector/SIMTIndirectAtomic.aiv.c310.bc	meta_op.aiv.c310.bc
3	SIMT/Atomic/minmax	indirect_atomic_max_int32_t_int32_t	SIMT/Atomic/minmax/indirect_atomic_max_int32_t_int32_t.mlir	1	SIMT	Vector/SIMTIndirectAtomic.aiv.c310.bc	meta_op.aiv.c310.bc
3	SIMT/Atomic/minmax	indirect_atomic_max_int32_t_int64_t	SIMT/Atomic/minmax/indirect_atomic_max_int32_t_int64_t.mlir	1	SIMT	Vector/SIMTIndirectAtomic.aiv.c310.bc	meta_op.aiv.c310.bc
3	SIMT/Atomic/minmax	indirect_atomic_max_int64_t_int32_t	SIMT/Atomic/minmax/indirect_atomic_max_int64_t_int32_t.mlir	1	SIMT	Vector/SIMTIndirectAtomic.aiv.c310.bc	meta_op.aiv.c310.bc
3	SIMT/Atomic/minmax	indirect_atomic_max_int64_t_int64_t	SIMT/Atomic/minmax/indirect_atomic_max_int64_t_int64_t.mlir	1	SIMT	Vector/SIMTIndirectAtomic.aiv.c310.bc	meta_op.aiv.c310.bc
3	SIMT/Atomic/minmax	indirect_atomic_max_no_mask_bfloat16_t_int32_t	SIMT/Atomic/minmax/indirect_atomic_max_no_mask_bfloat16_t_int32_t.mlir	1	SIMT	Vector/SIMTIndirectAtomic.aiv.c310.bc	meta_op.aiv.c310.bc
3	SIMT/Atomic/minmax	indirect_atomic_max_no_mask_bfloat16_t_int64_t	SIMT/Atomic/minmax/indirect_atomic_max_no_mask_bfloat16_t_int64_t.mlir	1	SIMT	Vector/SIMTIndirectAtomic.aiv.c310.bc	meta_op.aiv.c310.bc
3	SIMT/Atomic/minmax	indirect_atomic_max_no_mask_bfloat16x2_t_int32_t	SIMT/Atomic/minmax/indirect_atomic_max_no_mask_bfloat16x2_t_int32_t.mlir	1	SIMT	Vector/SIMTIndirectAtomic.aiv.c310.bc	meta_op.aiv.c310.bc
3	SIMT/Atomic/minmax	indirect_atomic_max_no_mask_bfloat16x2_t_int64_t	SIMT/Atomic/minmax/indirect_atomic_max_no_mask_bfloat16x2_t_int64_t.mlir	1	SIMT	Vector/SIMTIndirectAtomic.aiv.c310.bc	meta_op.aiv.c310.bc
3	SIMT/Atomic/minmax	indirect_atomic_max_no_mask_float_int32_t	SIMT/Atomic/minmax/indirect_atomic_max_no_mask_float_int32_t.mlir	1	SIMT	Vector/SIMTIndirectAtomic.aiv.c310.bc	meta_op.aiv.c310.bc
3	SIMT/Atomic/minmax	indirect_atomic_max_no_mask_float_int64_t	SIMT/Atomic/minmax/indirect_atomic_max_no_mask_float_int64_t.mlir	1	SIMT	Vector/SIMTIndirectAtomic.aiv.c310.bc	meta_op.aiv.c310.bc
3	SIMT/Atomic/minmax	indirect_atomic_max_no_mask_half2_int32_t	SIMT/Atomic/minmax/indirect_atomic_max_no_mask_half2_int32_t.mlir	1	SIMT	Vector/SIMTIndirectAtomic.aiv.c310.bc	meta_op.aiv.c310.bc
3	SIMT/Atomic/minmax	indirect_atomic_max_no_mask_half2_int64_t	SIMT/Atomic/minmax/indirect_atomic_max_no_mask_half2_int64_t.mlir	1	SIMT	Vector/SIMTIndirectAtomic.aiv.c310.bc	meta_op.aiv.c310.bc
3	SIMT/Atomic/minmax	indirect_atomic_max_no_mask_half_int32_t	SIMT/Atomic/minmax/indirect_atomic_max_no_mask_half_int32_t.mlir	1	SIMT	Vector/SIMTIndirectAtomic.aiv.c310.bc	meta_op.aiv.c310.bc
3	SIMT/Atomic/minmax	indirect_atomic_max_no_mask_half_int64_t	SIMT/Atomic/minmax/indirect_atomic_max_no_mask_half_int64_t.mlir	1	SIMT	Vector/SIMTIndirectAtomic.aiv.c310.bc	meta_op.aiv.c310.bc
3	SIMT/Atomic/minmax	indirect_atomic_max_no_mask_int32_t_int32_t	SIMT/Atomic/minmax/indirect_atomic_max_no_mask_int32_t_int32_t.mlir	1	SIMT	Vector/SIMTIndirectAtomic.aiv.c310.bc	meta_op.aiv.c310.bc
3	SIMT/Atomic/minmax	indirect_atomic_max_no_mask_int32_t_int64_t	SIMT/Atomic/minmax/indirect_atomic_max_no_mask_int32_t_int64_t.mlir	1	SIMT	Vector/SIMTIndirectAtomic.aiv.c310.bc	meta_op.aiv.c310.bc
3	SIMT/Atomic/minmax	indirect_atomic_max_no_mask_int64_t_int32_t	SIMT/Atomic/minmax/indirect_atomic_max_no_mask_int64_t_int32_t.mlir	1	SIMT	Vector/SIMTIndirectAtomic.aiv.c310.bc	meta_op.aiv.c310.bc
3	SIMT/Atomic/minmax	indirect_atomic_max_no_mask_int64_t_int64_t	SIMT/Atomic/minmax/indirect_atomic_max_no_mask_int64_t_int64_t.mlir	1	SIMT	Vector/SIMTIndirectAtomic.aiv.c310.bc	meta_op.aiv.c310.bc
3	SIMT/Atomic/minmax	indirect_atomic_max_no_mask_uint32_t_int32_t	SIMT/Atomic/minmax/indirect_atomic_max_no_mask_uint32_t_int32_t.mlir	1	SIMT	Vector/SIMTIndirectAtomic.aiv.c310.bc	meta_op.aiv.c310.bc
3	SIMT/Atomic/minmax	indirect_atomic_max_no_mask_uint32_t_int64_t	SIMT/Atomic/minmax/indirect_atomic_max_no_mask_uint32_t_int64_t.mlir	1	SIMT	Vector/SIMTIndirectAtomic.aiv.c310.bc	meta_op.aiv.c310.bc
3	SIMT/Atomic/minmax	indirect_atomic_max_no_mask_uint64_t_int32_t	SIMT/Atomic/minmax/indirect_atomic_max_no_mask_uint64_t_int32_t.mlir	1	SIMT	Vector/SIMTIndirectAtomic.aiv.c310.bc	meta_op.aiv.c310.bc
3	SIMT/Atomic/minmax	indirect_atomic_max_no_mask_uint64_t_int64_t	SIMT/Atomic/minmax/indirect_atomic_max_no_mask_uint64_t_int64_t.mlir	1	SIMT	Vector/SIMTIndirectAtomic.aiv.c310.bc	meta_op.aiv.c310.bc
3	SIMT/Atomic/minmax	indirect_atomic_max_uint32_t_int32_t	SIMT/Atomic/minmax/indirect_atomic_max_uint32_t_int32_t.mlir	1	SIMT	Vector/SIMTIndirectAtomic.aiv.c310.bc	meta_op.aiv.c310.bc
3	SIMT/Atomic/minmax	indirect_atomic_max_uint32_t_int64_t	SIMT/Atomic/minmax/indirect_atomic_max_uint32_t_int64_t.mlir	1	SIMT	Vector/SIMTIndirectAtomic.aiv.c310.bc	meta_op.aiv.c310.bc
3	SIMT/Atomic/minmax	indirect_atomic_max_uint64_t_int32_t	SIMT/Atomic/minmax/indirect_atomic_max_uint64_t_int32_t.mlir	1	SIMT	Vector/SIMTIndirectAtomic.aiv.c310.bc	meta_op.aiv.c310.bc
3	SIMT/Atomic/minmax	indirect_atomic_max_uint64_t_int64_t	SIMT/Atomic/minmax/indirect_atomic_max_uint64_t_int64_t.mlir	1	SIMT	Vector/SIMTIndirectAtomic.aiv.c310.bc	meta_op.aiv.c310.bc
3	SIMT/Atomic/minmax	indirect_atomic_min_bfloat16_t_int32_t	SIMT/Atomic/minmax/indirect_atomic_min_bfloat16_t_int32_t.mlir	1	SIMT	Vector/SIMTIndirectAtomic.aiv.c310.bc	meta_op.aiv.c310.bc
3	SIMT/Atomic/minmax	indirect_atomic_min_bfloat16_t_int64_t	SIMT/Atomic/minmax/indirect_atomic_min_bfloat16_t_int64_t.mlir	1	SIMT	Vector/SIMTIndirectAtomic.aiv.c310.bc	meta_op.aiv.c310.bc
3	SIMT/Atomic/minmax	indirect_atomic_min_bfloat16x2_t_int32_t	SIMT/Atomic/minmax/indirect_atomic_min_bfloat16x2_t_int32_t.mlir	1	SIMT	Vector/SIMTIndirectAtomic.aiv.c310.bc	meta_op.aiv.c310.bc
3	SIMT/Atomic/minmax	indirect_atomic_min_bfloat16x2_t_int64_t	SIMT/Atomic/minmax/indirect_atomic_min_bfloat16x2_t_int64_t.mlir	1	SIMT	Vector/SIMTIndirectAtomic.aiv.c310.bc	meta_op.aiv.c310.bc
3	SIMT/Atomic/minmax	indirect_atomic_min_float_int32_t	SIMT/Atomic/minmax/indirect_atomic_min_float_int32_t.mlir	1	SIMT	Vector/SIMTIndirectAtomic.aiv.c310.bc	meta_op.aiv.c310.bc
3	SIMT/Atomic/minmax	indirect_atomic_min_float_int64_t	SIMT/Atomic/minmax/indirect_atomic_min_float_int64_t.mlir	1	SIMT	Vector/SIMTIndirectAtomic.aiv.c310.bc	meta_op.aiv.c310.bc
3	SIMT/Atomic/minmax	indirect_atomic_min_half2_int32_t	SIMT/Atomic/minmax/indirect_atomic_min_half2_int32_t.mlir	1	SIMT	Vector/SIMTIndirectAtomic.aiv.c310.bc	meta_op.aiv.c310.bc
3	SIMT/Atomic/minmax	indirect_atomic_min_half2_int64_t	SIMT/Atomic/minmax/indirect_atomic_min_half2_int64_t.mlir	1	SIMT	Vector/SIMTIndirectAtomic.aiv.c310.bc	meta_op.aiv.c310.bc
3	SIMT/Atomic/minmax	indirect_atomic_min_half_int32_t	SIMT/Atomic/minmax/indirect_atomic_min_half_int32_t.mlir	1	SIMT	Vector/SIMTIndirectAtomic.aiv.c310.bc	meta_op.aiv.c310.bc
3	SIMT/Atomic/minmax	indirect_atomic_min_half_int64_t	SIMT/Atomic/minmax/indirect_atomic_min_half_int64_t.mlir	1	SIMT	Vector/SIMTIndirectAtomic.aiv.c310.bc	meta_op.aiv.c310.bc
3	SIMT/Atomic/minmax	indirect_atomic_min_int32_t_int32_t	SIMT/Atomic/minmax/indirect_atomic_min_int32_t_int32_t.mlir	1	SIMT	Vector/SIMTIndirectAtomic.aiv.c310.bc	meta_op.aiv.c310.bc
3	SIMT/Atomic/minmax	indirect_atomic_min_int32_t_int64_t	SIMT/Atomic/minmax/indirect_atomic_min_int32_t_int64_t.mlir	1	SIMT	Vector/SIMTIndirectAtomic.aiv.c310.bc	meta_op.aiv.c310.bc
3	SIMT/Atomic/minmax	indirect_atomic_min_int64_t_int32_t	SIMT/Atomic/minmax/indirect_atomic_min_int64_t_int32_t.mlir	1	SIMT	Vector/SIMTIndirectAtomic.aiv.c310.bc	meta_op.aiv.c310.bc
3	SIMT/Atomic/minmax	indirect_atomic_min_int64_t_int64_t	SIMT/Atomic/minmax/indirect_atomic_min_int64_t_int64_t.mlir	1	SIMT	Vector/SIMTIndirectAtomic.aiv.c310.bc	meta_op.aiv.c310.bc
3	SIMT/Atomic/minmax	indirect_atomic_min_no_mask_bfloat16_t_int32_t	SIMT/Atomic/minmax/indirect_atomic_min_no_mask_bfloat16_t_int32_t.mlir	1	SIMT	Vector/SIMTIndirectAtomic.aiv.c310.bc	meta_op.aiv.c310.bc
3	SIMT/Atomic/minmax	indirect_atomic_min_no_mask_bfloat16_t_int64_t	SIMT/Atomic/minmax/indirect_atomic_min_no_mask_bfloat16_t_int64_t.mlir	1	SIMT	Vector/SIMTIndirectAtomic.aiv.c310.bc	meta_op.aiv.c310.bc
3	SIMT/Atomic/minmax	indirect_atomic_min_no_mask_bfloat16x2_t_int32_t	SIMT/Atomic/minmax/indirect_atomic_min_no_mask_bfloat16x2_t_int32_t.mlir	1	SIMT	Vector/SIMTIndirectAtomic.aiv.c310.bc	meta_op.aiv.c310.bc
3	SIMT/Atomic/minmax	indirect_atomic_min_no_mask_bfloat16x2_t_int64_t	SIMT/Atomic/minmax/indirect_atomic_min_no_mask_bfloat16x2_t_int64_t.mlir	1	SIMT	Vector/SIMTIndirectAtomic.aiv.c310.bc	meta_op.aiv.c310.bc
3	SIMT/Atomic/minmax	indirect_atomic_min_no_mask_float_int32_t	SIMT/Atomic/minmax/indirect_atomic_min_no_mask_float_int32_t.mlir	1	SIMT	Vector/SIMTIndirectAtomic.aiv.c310.bc	meta_op.aiv.c310.bc
3	SIMT/Atomic/minmax	indirect_atomic_min_no_mask_float_int64_t	SIMT/Atomic/minmax/indirect_atomic_min_no_mask_float_int64_t.mlir	1	SIMT	Vector/SIMTIndirectAtomic.aiv.c310.bc	meta_op.aiv.c310.bc
3	SIMT/Atomic/minmax	indirect_atomic_min_no_mask_half2_int32_t	SIMT/Atomic/minmax/indirect_atomic_min_no_mask_half2_int32_t.mlir	1	SIMT	Vector/SIMTIndirectAtomic.aiv.c310.bc	meta_op.aiv.c310.bc
3	SIMT/Atomic/minmax	indirect_atomic_min_no_mask_half2_int64_t	SIMT/Atomic/minmax/indirect_atomic_min_no_mask_half2_int64_t.mlir	1	SIMT	Vector/SIMTIndirectAtomic.aiv.c310.bc	meta_op.aiv.c310.bc
3	SIMT/Atomic/minmax	indirect_atomic_min_no_mask_half_int32_t	SIMT/Atomic/minmax/indirect_atomic_min_no_mask_half_int32_t.mlir	1	SIMT	Vector/SIMTIndirectAtomic.aiv.c310.bc	meta_op.aiv.c310.bc
3	SIMT/Atomic/minmax	indirect_atomic_min_no_mask_half_int64_t	SIMT/Atomic/minmax/indirect_atomic_min_no_mask_half_int64_t.mlir	1	SIMT	Vector/SIMTIndirectAtomic.aiv.c310.bc	meta_op.aiv.c310.bc
3	SIMT/Atomic/minmax	indirect_atomic_min_no_mask_int32_t_int32_t	SIMT/Atomic/minmax/indirect_atomic_min_no_mask_int32_t_int32_t.mlir	1	SIMT	Vector/SIMTIndirectAtomic.aiv.c310.bc	meta_op.aiv.c310.bc
3	SIMT/Atomic/minmax	indirect_atomic_min_no_mask_int32_t_int64_t	SIMT/Atomic/minmax/indirect_atomic_min_no_mask_int32_t_int64_t.mlir	1	SIMT	Vector/SIMTIndirectAtomic.aiv.c310.bc	meta_op.aiv.c310.bc
3	SIMT/Atomic/minmax	indirect_atomic_min_no_mask_int64_t_int32_t	SIMT/Atomic/minmax/indirect_atomic_min_no_mask_int64_t_int32_t.mlir	1	SIMT	Vector/SIMTIndirectAtomic.aiv.c310.bc	meta_op.aiv.c310.bc
3	SIMT/Atomic/minmax	indirect_atomic_min_no_mask_int64_t_int64_t	SIMT/Atomic/minmax/indirect_atomic_min_no_mask_int64_t_int64_t.mlir	1	SIMT	Vector/SIMTIndirectAtomic.aiv.c310.bc	meta_op.aiv.c310.bc
3	SIMT/Atomic/minmax	indirect_atomic_min_no_mask_uint32_t_int32_t	SIMT/Atomic/minmax/indirect_atomic_min_no_mask_uint32_t_int32_t.mlir	1	SIMT	Vector/SIMTIndirectAtomic.aiv.c310.bc	meta_op.aiv.c310.bc
3	SIMT/Atomic/minmax	indirect_atomic_min_no_mask_uint32_t_int64_t	SIMT/Atomic/minmax/indirect_atomic_min_no_mask_uint32_t_int64_t.mlir	1	SIMT	Vector/SIMTIndirectAtomic.aiv.c310.bc	meta_op.aiv.c310.bc
3	SIMT/Atomic/minmax	indirect_atomic_min_no_mask_uint64_t_int32_t	SIMT/Atomic/minmax/indirect_atomic_min_no_mask_uint64_t_int32_t.mlir	1	SIMT	Vector/SIMTIndirectAtomic.aiv.c310.bc	meta_op.aiv.c310.bc
3	SIMT/Atomic/minmax	indirect_atomic_min_no_mask_uint64_t_int64_t	SIMT/Atomic/minmax/indirect_atomic_min_no_mask_uint64_t_int64_t.mlir	1	SIMT	Vector/SIMTIndirectAtomic.aiv.c310.bc	meta_op.aiv.c310.bc
3	SIMT/Atomic/minmax	indirect_atomic_min_uint32_t_int32_t	SIMT/Atomic/minmax/indirect_atomic_min_uint32_t_int32_t.mlir	1	SIMT	Vector/SIMTIndirectAtomic.aiv.c310.bc	meta_op.aiv.c310.bc
3	SIMT/Atomic/minmax	indirect_atomic_min_uint32_t_int64_t	SIMT/Atomic/minmax/indirect_atomic_min_uint32_t_int64_t.mlir	1	SIMT	Vector/SIMTIndirectAtomic.aiv.c310.bc	meta_op.aiv.c310.bc
3	SIMT/Atomic/minmax	indirect_atomic_min_uint64_t_int32_t	SIMT/Atomic/minmax/indirect_atomic_min_uint64_t_int32_t.mlir	1	SIMT	Vector/SIMTIndirectAtomic.aiv.c310.bc	meta_op.aiv.c310.bc
3	SIMT/Atomic/minmax	indirect_atomic_min_uint64_t_int64_t	SIMT/Atomic/minmax/indirect_atomic_min_uint64_t_int64_t.mlir	1	SIMT	Vector/SIMTIndirectAtomic.aiv.c310.bc	meta_op.aiv.c310.bc
3	SIMT/Atomic/software	indirect_atomic_soft_and_int32_t_int32_t	SIMT/Atomic/software/indirect_atomic_soft_and_int32_t_int32_t.mlir	1	SIMT	Vector/SIMTIndirectAtomicSoftAccel.aiv.c310.bc	meta_op.aiv.c310.bc
3	SIMT/Atomic/software	indirect_atomic_soft_and_int32_t_int64_t	SIMT/Atomic/software/indirect_atomic_soft_and_int32_t_int64_t.mlir	1	SIMT	Vector/SIMTIndirectAtomicSoftAccel.aiv.c310.bc	meta_op.aiv.c310.bc
3	SIMT/Atomic/software	indirect_atomic_soft_and_int64_t_int32_t	SIMT/Atomic/software/indirect_atomic_soft_and_int64_t_int32_t.mlir	1	SIMT	Vector/SIMTIndirectAtomicSoftAccel.aiv.c310.bc	meta_op.aiv.c310.bc
3	SIMT/Atomic/software	indirect_atomic_soft_and_int64_t_int64_t	SIMT/Atomic/software/indirect_atomic_soft_and_int64_t_int64_t.mlir	1	SIMT	Vector/SIMTIndirectAtomicSoftAccel.aiv.c310.bc	meta_op.aiv.c310.bc
3	SIMT/Atomic/software	indirect_atomic_soft_and_no_mask_int32_t_int32_t	SIMT/Atomic/software/indirect_atomic_soft_and_no_mask_int32_t_int32_t.mlir	1	SIMT	Vector/SIMTIndirectAtomicSoftAccel.aiv.c310.bc	meta_op.aiv.c310.bc
3	SIMT/Atomic/software	indirect_atomic_soft_and_no_mask_int32_t_int64_t	SIMT/Atomic/software/indirect_atomic_soft_and_no_mask_int32_t_int64_t.mlir	1	SIMT	Vector/SIMTIndirectAtomicSoftAccel.aiv.c310.bc	meta_op.aiv.c310.bc
3	SIMT/Atomic/software	indirect_atomic_soft_and_no_mask_int64_t_int32_t	SIMT/Atomic/software/indirect_atomic_soft_and_no_mask_int64_t_int32_t.mlir	1	SIMT	Vector/SIMTIndirectAtomicSoftAccel.aiv.c310.bc	meta_op.aiv.c310.bc
3	SIMT/Atomic/software	indirect_atomic_soft_and_no_mask_int64_t_int64_t	SIMT/Atomic/software/indirect_atomic_soft_and_no_mask_int64_t_int64_t.mlir	1	SIMT	Vector/SIMTIndirectAtomicSoftAccel.aiv.c310.bc	meta_op.aiv.c310.bc
3	SIMT/Atomic/software	indirect_atomic_soft_and_no_mask_uint32_t_int32_t	SIMT/Atomic/software/indirect_atomic_soft_and_no_mask_uint32_t_int32_t.mlir	1	SIMT	Vector/SIMTIndirectAtomicSoftAccel.aiv.c310.bc	meta_op.aiv.c310.bc
3	SIMT/Atomic/software	indirect_atomic_soft_and_no_mask_uint32_t_int64_t	SIMT/Atomic/software/indirect_atomic_soft_and_no_mask_uint32_t_int64_t.mlir	1	SIMT	Vector/SIMTIndirectAtomicSoftAccel.aiv.c310.bc	meta_op.aiv.c310.bc
3	SIMT/Atomic/software	indirect_atomic_soft_and_no_mask_uint64_t_int32_t	SIMT/Atomic/software/indirect_atomic_soft_and_no_mask_uint64_t_int32_t.mlir	1	SIMT	Vector/SIMTIndirectAtomicSoftAccel.aiv.c310.bc	meta_op.aiv.c310.bc
3	SIMT/Atomic/software	indirect_atomic_soft_and_no_mask_uint64_t_int64_t	SIMT/Atomic/software/indirect_atomic_soft_and_no_mask_uint64_t_int64_t.mlir	1	SIMT	Vector/SIMTIndirectAtomicSoftAccel.aiv.c310.bc	meta_op.aiv.c310.bc
3	SIMT/Atomic/software	indirect_atomic_soft_and_uint32_t_int32_t	SIMT/Atomic/software/indirect_atomic_soft_and_uint32_t_int32_t.mlir	1	SIMT	Vector/SIMTIndirectAtomicSoftAccel.aiv.c310.bc	meta_op.aiv.c310.bc
3	SIMT/Atomic/software	indirect_atomic_soft_and_uint32_t_int64_t	SIMT/Atomic/software/indirect_atomic_soft_and_uint32_t_int64_t.mlir	1	SIMT	Vector/SIMTIndirectAtomicSoftAccel.aiv.c310.bc	meta_op.aiv.c310.bc
3	SIMT/Atomic/software	indirect_atomic_soft_and_uint64_t_int32_t	SIMT/Atomic/software/indirect_atomic_soft_and_uint64_t_int32_t.mlir	1	SIMT	Vector/SIMTIndirectAtomicSoftAccel.aiv.c310.bc	meta_op.aiv.c310.bc
3	SIMT/Atomic/software	indirect_atomic_soft_and_uint64_t_int64_t	SIMT/Atomic/software/indirect_atomic_soft_and_uint64_t_int64_t.mlir	1	SIMT	Vector/SIMTIndirectAtomicSoftAccel.aiv.c310.bc	meta_op.aiv.c310.bc
3	SIMT/Atomic/software	indirect_atomic_soft_or_int32_t_int32_t	SIMT/Atomic/software/indirect_atomic_soft_or_int32_t_int32_t.mlir	1	SIMT	Vector/SIMTIndirectAtomicSoftAccel.aiv.c310.bc	meta_op.aiv.c310.bc
3	SIMT/Atomic/software	indirect_atomic_soft_or_int32_t_int64_t	SIMT/Atomic/software/indirect_atomic_soft_or_int32_t_int64_t.mlir	1	SIMT	Vector/SIMTIndirectAtomicSoftAccel.aiv.c310.bc	meta_op.aiv.c310.bc
3	SIMT/Atomic/software	indirect_atomic_soft_or_int64_t_int32_t	SIMT/Atomic/software/indirect_atomic_soft_or_int64_t_int32_t.mlir	1	SIMT	Vector/SIMTIndirectAtomicSoftAccel.aiv.c310.bc	meta_op.aiv.c310.bc
3	SIMT/Atomic/software	indirect_atomic_soft_or_int64_t_int64_t	SIMT/Atomic/software/indirect_atomic_soft_or_int64_t_int64_t.mlir	1	SIMT	Vector/SIMTIndirectAtomicSoftAccel.aiv.c310.bc	meta_op.aiv.c310.bc
3	SIMT/Atomic/software	indirect_atomic_soft_or_no_mask_int32_t_int32_t	SIMT/Atomic/software/indirect_atomic_soft_or_no_mask_int32_t_int32_t.mlir	1	SIMT	Vector/SIMTIndirectAtomicSoftAccel.aiv.c310.bc	meta_op.aiv.c310.bc
3	SIMT/Atomic/software	indirect_atomic_soft_or_no_mask_int32_t_int64_t	SIMT/Atomic/software/indirect_atomic_soft_or_no_mask_int32_t_int64_t.mlir	1	SIMT	Vector/SIMTIndirectAtomicSoftAccel.aiv.c310.bc	meta_op.aiv.c310.bc
3	SIMT/Atomic/software	indirect_atomic_soft_or_no_mask_int64_t_int32_t	SIMT/Atomic/software/indirect_atomic_soft_or_no_mask_int64_t_int32_t.mlir	1	SIMT	Vector/SIMTIndirectAtomicSoftAccel.aiv.c310.bc	meta_op.aiv.c310.bc
3	SIMT/Atomic/software	indirect_atomic_soft_or_no_mask_int64_t_int64_t	SIMT/Atomic/software/indirect_atomic_soft_or_no_mask_int64_t_int64_t.mlir	1	SIMT	Vector/SIMTIndirectAtomicSoftAccel.aiv.c310.bc	meta_op.aiv.c310.bc
3	SIMT/Atomic/software	indirect_atomic_soft_or_no_mask_uint32_t_int32_t	SIMT/Atomic/software/indirect_atomic_soft_or_no_mask_uint32_t_int32_t.mlir	1	SIMT	Vector/SIMTIndirectAtomicSoftAccel.aiv.c310.bc	meta_op.aiv.c310.bc
3	SIMT/Atomic/software	indirect_atomic_soft_or_no_mask_uint32_t_int64_t	SIMT/Atomic/software/indirect_atomic_soft_or_no_mask_uint32_t_int64_t.mlir	1	SIMT	Vector/SIMTIndirectAtomicSoftAccel.aiv.c310.bc	meta_op.aiv.c310.bc
3	SIMT/Atomic/software	indirect_atomic_soft_or_no_mask_uint64_t_int32_t	SIMT/Atomic/software/indirect_atomic_soft_or_no_mask_uint64_t_int32_t.mlir	1	SIMT	Vector/SIMTIndirectAtomicSoftAccel.aiv.c310.bc	meta_op.aiv.c310.bc
3	SIMT/Atomic/software	indirect_atomic_soft_or_no_mask_uint64_t_int64_t	SIMT/Atomic/software/indirect_atomic_soft_or_no_mask_uint64_t_int64_t.mlir	1	SIMT	Vector/SIMTIndirectAtomicSoftAccel.aiv.c310.bc	meta_op.aiv.c310.bc
3	SIMT/Atomic/software	indirect_atomic_soft_or_uint32_t_int32_t	SIMT/Atomic/software/indirect_atomic_soft_or_uint32_t_int32_t.mlir	1	SIMT	Vector/SIMTIndirectAtomicSoftAccel.aiv.c310.bc	meta_op.aiv.c310.bc
3	SIMT/Atomic/software	indirect_atomic_soft_or_uint32_t_int64_t	SIMT/Atomic/software/indirect_atomic_soft_or_uint32_t_int64_t.mlir	1	SIMT	Vector/SIMTIndirectAtomicSoftAccel.aiv.c310.bc	meta_op.aiv.c310.bc
3	SIMT/Atomic/software	indirect_atomic_soft_or_uint64_t_int32_t	SIMT/Atomic/software/indirect_atomic_soft_or_uint64_t_int32_t.mlir	1	SIMT	Vector/SIMTIndirectAtomicSoftAccel.aiv.c310.bc	meta_op.aiv.c310.bc
3	SIMT/Atomic/software	indirect_atomic_soft_or_uint64_t_int64_t	SIMT/Atomic/software/indirect_atomic_soft_or_uint64_t_int64_t.mlir	1	SIMT	Vector/SIMTIndirectAtomicSoftAccel.aiv.c310.bc	meta_op.aiv.c310.bc
3	SIMT/Atomic/software	indirect_atomic_soft_xor_int32_t_int32_t	SIMT/Atomic/software/indirect_atomic_soft_xor_int32_t_int32_t.mlir	1	SIMT	Vector/SIMTIndirectAtomicSoftAccel.aiv.c310.bc	meta_op.aiv.c310.bc
3	SIMT/Atomic/software	indirect_atomic_soft_xor_int32_t_int64_t	SIMT/Atomic/software/indirect_atomic_soft_xor_int32_t_int64_t.mlir	1	SIMT	Vector/SIMTIndirectAtomicSoftAccel.aiv.c310.bc	meta_op.aiv.c310.bc
3	SIMT/Atomic/software	indirect_atomic_soft_xor_int64_t_int32_t	SIMT/Atomic/software/indirect_atomic_soft_xor_int64_t_int32_t.mlir	1	SIMT	Vector/SIMTIndirectAtomicSoftAccel.aiv.c310.bc	meta_op.aiv.c310.bc
3	SIMT/Atomic/software	indirect_atomic_soft_xor_int64_t_int64_t	SIMT/Atomic/software/indirect_atomic_soft_xor_int64_t_int64_t.mlir	1	SIMT	Vector/SIMTIndirectAtomicSoftAccel.aiv.c310.bc	meta_op.aiv.c310.bc
3	SIMT/Atomic/software	indirect_atomic_soft_xor_no_mask_int32_t_int32_t	SIMT/Atomic/software/indirect_atomic_soft_xor_no_mask_int32_t_int32_t.mlir	1	SIMT	Vector/SIMTIndirectAtomicSoftAccel.aiv.c310.bc	meta_op.aiv.c310.bc
3	SIMT/Atomic/software	indirect_atomic_soft_xor_no_mask_int32_t_int64_t	SIMT/Atomic/software/indirect_atomic_soft_xor_no_mask_int32_t_int64_t.mlir	1	SIMT	Vector/SIMTIndirectAtomicSoftAccel.aiv.c310.bc	meta_op.aiv.c310.bc
3	SIMT/Atomic/software	indirect_atomic_soft_xor_no_mask_int64_t_int32_t	SIMT/Atomic/software/indirect_atomic_soft_xor_no_mask_int64_t_int32_t.mlir	1	SIMT	Vector/SIMTIndirectAtomicSoftAccel.aiv.c310.bc	meta_op.aiv.c310.bc
3	SIMT/Atomic/software	indirect_atomic_soft_xor_no_mask_int64_t_int64_t	SIMT/Atomic/software/indirect_atomic_soft_xor_no_mask_int64_t_int64_t.mlir	1	SIMT	Vector/SIMTIndirectAtomicSoftAccel.aiv.c310.bc	meta_op.aiv.c310.bc
3	SIMT/Atomic/software	indirect_atomic_soft_xor_no_mask_uint32_t_int32_t	SIMT/Atomic/software/indirect_atomic_soft_xor_no_mask_uint32_t_int32_t.mlir	1	SIMT	Vector/SIMTIndirectAtomicSoftAccel.aiv.c310.bc	meta_op.aiv.c310.bc
3	SIMT/Atomic/software	indirect_atomic_soft_xor_no_mask_uint32_t_int64_t	SIMT/Atomic/software/indirect_atomic_soft_xor_no_mask_uint32_t_int64_t.mlir	1	SIMT	Vector/SIMTIndirectAtomicSoftAccel.aiv.c310.bc	meta_op.aiv.c310.bc
3	SIMT/Atomic/software	indirect_atomic_soft_xor_no_mask_uint64_t_int32_t	SIMT/Atomic/software/indirect_atomic_soft_xor_no_mask_uint64_t_int32_t.mlir	1	SIMT	Vector/SIMTIndirectAtomicSoftAccel.aiv.c310.bc	meta_op.aiv.c310.bc
3	SIMT/Atomic/software	indirect_atomic_soft_xor_no_mask_uint64_t_int64_t	SIMT/Atomic/software/indirect_atomic_soft_xor_no_mask_uint64_t_int64_t.mlir	1	SIMT	Vector/SIMTIndirectAtomicSoftAccel.aiv.c310.bc	meta_op.aiv.c310.bc
3	SIMT/Atomic/software	indirect_atomic_soft_xor_uint32_t_int32_t	SIMT/Atomic/software/indirect_atomic_soft_xor_uint32_t_int32_t.mlir	1	SIMT	Vector/SIMTIndirectAtomicSoftAccel.aiv.c310.bc	meta_op.aiv.c310.bc
3	SIMT/Atomic/software	indirect_atomic_soft_xor_uint32_t_int64_t	SIMT/Atomic/software/indirect_atomic_soft_xor_uint32_t_int64_t.mlir	1	SIMT	Vector/SIMTIndirectAtomicSoftAccel.aiv.c310.bc	meta_op.aiv.c310.bc
3	SIMT/Atomic/software	indirect_atomic_soft_xor_uint64_t_int32_t	SIMT/Atomic/software/indirect_atomic_soft_xor_uint64_t_int32_t.mlir	1	SIMT	Vector/SIMTIndirectAtomicSoftAccel.aiv.c310.bc	meta_op.aiv.c310.bc
3	SIMT/Atomic/software	indirect_atomic_soft_xor_uint64_t_int64_t	SIMT/Atomic/software/indirect_atomic_soft_xor_uint64_t_int64_t.mlir	1	SIMT	Vector/SIMTIndirectAtomicSoftAccel.aiv.c310.bc	meta_op.aiv.c310.bc
3	SIMT/Collective/histogram	histogram_1d_int16_t	SIMT/Collective/histogram/histogram_1d_int16_t.mlir	1	SIMT	Vector/SIMTHistogram1D.aiv.c310.bc	meta_op.aiv.c310.bc
3	SIMT/Collective/histogram	histogram_1d_int32_t	SIMT/Collective/histogram/histogram_1d_int32_t.mlir	1	SIMT	Vector/SIMTHistogram1D.aiv.c310.bc	meta_op.aiv.c310.bc
3	SIMT/Collective/histogram	histogram_1d_int64_t	SIMT/Collective/histogram/histogram_1d_int64_t.mlir	1	SIMT	Vector/SIMTHistogram1D.aiv.c310.bc	meta_op.aiv.c310.bc
3	SIMT/Collective/histogram	histogram_1d_int8_t	SIMT/Collective/histogram/histogram_1d_int8_t.mlir	1	SIMT	Vector/SIMTHistogram1D.aiv.c310.bc	meta_op.aiv.c310.bc
3	SIMT/Collective/histogram	histogram_1d_masked_int16_t	SIMT/Collective/histogram/histogram_1d_masked_int16_t.mlir	1	SIMT	Vector/SIMTHistogram1D.aiv.c310.bc	meta_op.aiv.c310.bc
3	SIMT/Collective/histogram	histogram_1d_masked_int32_t	SIMT/Collective/histogram/histogram_1d_masked_int32_t.mlir	1	SIMT	Vector/SIMTHistogram1D.aiv.c310.bc	meta_op.aiv.c310.bc
3	SIMT/Collective/histogram	histogram_1d_masked_int64_t	SIMT/Collective/histogram/histogram_1d_masked_int64_t.mlir	1	SIMT	Vector/SIMTHistogram1D.aiv.c310.bc	meta_op.aiv.c310.bc
3	SIMT/Collective/histogram	histogram_1d_masked_int8_t	SIMT/Collective/histogram/histogram_1d_masked_int8_t.mlir	1	SIMT	Vector/SIMTHistogram1D.aiv.c310.bc	meta_op.aiv.c310.bc
3	SIMT/Collective/histogram	histogram_1d_masked_uint16_t	SIMT/Collective/histogram/histogram_1d_masked_uint16_t.mlir	1	SIMT	Vector/SIMTHistogram1D.aiv.c310.bc	meta_op.aiv.c310.bc
3	SIMT/Collective/histogram	histogram_1d_masked_uint32_t	SIMT/Collective/histogram/histogram_1d_masked_uint32_t.mlir	1	SIMT	Vector/SIMTHistogram1D.aiv.c310.bc	meta_op.aiv.c310.bc
3	SIMT/Collective/histogram	histogram_1d_masked_uint64_t	SIMT/Collective/histogram/histogram_1d_masked_uint64_t.mlir	1	SIMT	Vector/SIMTHistogram1D.aiv.c310.bc	meta_op.aiv.c310.bc
3	SIMT/Collective/histogram	histogram_1d_masked_uint8_t	SIMT/Collective/histogram/histogram_1d_masked_uint8_t.mlir	1	SIMT	Vector/SIMTHistogram1D.aiv.c310.bc	meta_op.aiv.c310.bc
3	SIMT/Collective/histogram	histogram_1d_uint16_t	SIMT/Collective/histogram/histogram_1d_uint16_t.mlir	1	SIMT	Vector/SIMTHistogram1D.aiv.c310.bc	meta_op.aiv.c310.bc
3	SIMT/Collective/histogram	histogram_1d_uint32_t	SIMT/Collective/histogram/histogram_1d_uint32_t.mlir	1	SIMT	Vector/SIMTHistogram1D.aiv.c310.bc	meta_op.aiv.c310.bc
3	SIMT/Collective/histogram	histogram_1d_uint64_t	SIMT/Collective/histogram/histogram_1d_uint64_t.mlir	1	SIMT	Vector/SIMTHistogram1D.aiv.c310.bc	meta_op.aiv.c310.bc
3	SIMT/Collective/histogram	histogram_1d_uint8_t	SIMT/Collective/histogram/histogram_1d_uint8_t.mlir	1	SIMT	Vector/SIMTHistogram1D.aiv.c310.bc	meta_op.aiv.c310.bc
3	SIMT/Direct/load-store	embedding_gather_1d_float_int32_t	SIMT/Direct/load-store/embedding_gather_1d_float_int32_t.mlir	1	SIMT	Vector/SIMTLoadStore.aiv.c310.bc	meta_op.aiv.c310.bc
3	SIMT/Direct/load-store	embedding_gather_1d_float_int64_t	SIMT/Direct/load-store/embedding_gather_1d_float_int64_t.mlir	1	SIMT	Vector/SIMTLoadStore.aiv.c310.bc	meta_op.aiv.c310.bc
3	SIMT/Direct/load-store	embedding_gather_2d_float_int32_t	SIMT/Direct/load-store/embedding_gather_2d_float_int32_t.mlir	1	SIMT	Vector/SIMTLoadStore.aiv.c310.bc	meta_op.aiv.c310.bc
3	SIMT/Direct/load-store	embedding_gather_2d_float_int64_t	SIMT/Direct/load-store/embedding_gather_2d_float_int64_t.mlir	1	SIMT	Vector/SIMTLoadStore.aiv.c310.bc	meta_op.aiv.c310.bc
3	SIMT/Direct/strided-rank1	stride_load_1d_bfloat16_t_int32_t	SIMT/Direct/strided-rank1/stride_load_1d_bfloat16_t_int32_t.mlir	1	SIMT	Vector/SIMTStrideLoad.aiv.c310.bc	meta_op.aiv.c310.bc
3	SIMT/Direct/strided-rank1	stride_load_1d_bfloat16_t_int64_t	SIMT/Direct/strided-rank1/stride_load_1d_bfloat16_t_int64_t.mlir	1	SIMT	Vector/SIMTStrideLoad.aiv.c310.bc	meta_op.aiv.c310.bc
3	SIMT/Direct/strided-rank1	stride_load_1d_float_int32_t	SIMT/Direct/strided-rank1/stride_load_1d_float_int32_t.mlir	1	SIMT	Vector/SIMTStrideLoad.aiv.c310.bc	meta_op.aiv.c310.bc
3	SIMT/Direct/strided-rank1	stride_load_1d_float_int64_t	SIMT/Direct/strided-rank1/stride_load_1d_float_int64_t.mlir	1	SIMT	Vector/SIMTStrideLoad.aiv.c310.bc	meta_op.aiv.c310.bc
3	SIMT/Direct/strided-rank1	stride_load_1d_half_int32_t	SIMT/Direct/strided-rank1/stride_load_1d_half_int32_t.mlir	1	SIMT	Vector/SIMTStrideLoad.aiv.c310.bc	meta_op.aiv.c310.bc
3	SIMT/Direct/strided-rank1	stride_load_1d_half_int64_t	SIMT/Direct/strided-rank1/stride_load_1d_half_int64_t.mlir	1	SIMT	Vector/SIMTStrideLoad.aiv.c310.bc	meta_op.aiv.c310.bc
3	SIMT/Direct/strided-rank1	stride_load_1d_int16_t_int32_t	SIMT/Direct/strided-rank1/stride_load_1d_int16_t_int32_t.mlir	1	SIMT	Vector/SIMTStrideLoad.aiv.c310.bc	meta_op.aiv.c310.bc
3	SIMT/Direct/strided-rank1	stride_load_1d_int16_t_int64_t	SIMT/Direct/strided-rank1/stride_load_1d_int16_t_int64_t.mlir	1	SIMT	Vector/SIMTStrideLoad.aiv.c310.bc	meta_op.aiv.c310.bc
3	SIMT/Direct/strided-rank1	stride_load_1d_int32_t_int32_t	SIMT/Direct/strided-rank1/stride_load_1d_int32_t_int32_t.mlir	1	SIMT	Vector/SIMTStrideLoad.aiv.c310.bc	meta_op.aiv.c310.bc
3	SIMT/Direct/strided-rank1	stride_load_1d_int32_t_int64_t	SIMT/Direct/strided-rank1/stride_load_1d_int32_t_int64_t.mlir	1	SIMT	Vector/SIMTStrideLoad.aiv.c310.bc	meta_op.aiv.c310.bc
3	SIMT/Direct/strided-rank1	stride_load_1d_int64_t_int32_t	SIMT/Direct/strided-rank1/stride_load_1d_int64_t_int32_t.mlir	1	SIMT	Vector/SIMTStrideLoad.aiv.c310.bc	meta_op.aiv.c310.bc
3	SIMT/Direct/strided-rank1	stride_load_1d_int64_t_int64_t	SIMT/Direct/strided-rank1/stride_load_1d_int64_t_int64_t.mlir	1	SIMT	Vector/SIMTStrideLoad.aiv.c310.bc	meta_op.aiv.c310.bc
3	SIMT/Direct/strided-rank1	stride_load_1d_int8_t_int32_t	SIMT/Direct/strided-rank1/stride_load_1d_int8_t_int32_t.mlir	1	SIMT	Vector/SIMTStrideLoad.aiv.c310.bc	meta_op.aiv.c310.bc
3	SIMT/Direct/strided-rank1	stride_load_1d_int8_t_int64_t	SIMT/Direct/strided-rank1/stride_load_1d_int8_t_int64_t.mlir	1	SIMT	Vector/SIMTStrideLoad.aiv.c310.bc	meta_op.aiv.c310.bc
3	SIMT/Direct/strided-rank1	stride_load_1d_uint16_t_int32_t	SIMT/Direct/strided-rank1/stride_load_1d_uint16_t_int32_t.mlir	1	SIMT	Vector/SIMTStrideLoad.aiv.c310.bc	meta_op.aiv.c310.bc
3	SIMT/Direct/strided-rank1	stride_load_1d_uint16_t_int64_t	SIMT/Direct/strided-rank1/stride_load_1d_uint16_t_int64_t.mlir	1	SIMT	Vector/SIMTStrideLoad.aiv.c310.bc	meta_op.aiv.c310.bc
3	SIMT/Direct/strided-rank1	stride_load_1d_uint32_t_int32_t	SIMT/Direct/strided-rank1/stride_load_1d_uint32_t_int32_t.mlir	1	SIMT	Vector/SIMTStrideLoad.aiv.c310.bc	meta_op.aiv.c310.bc
3	SIMT/Direct/strided-rank1	stride_load_1d_uint32_t_int64_t	SIMT/Direct/strided-rank1/stride_load_1d_uint32_t_int64_t.mlir	1	SIMT	Vector/SIMTStrideLoad.aiv.c310.bc	meta_op.aiv.c310.bc
3	SIMT/Direct/strided-rank1	stride_load_1d_uint64_t_int32_t	SIMT/Direct/strided-rank1/stride_load_1d_uint64_t_int32_t.mlir	1	SIMT	Vector/SIMTStrideLoad.aiv.c310.bc	meta_op.aiv.c310.bc
3	SIMT/Direct/strided-rank1	stride_load_1d_uint64_t_int64_t	SIMT/Direct/strided-rank1/stride_load_1d_uint64_t_int64_t.mlir	1	SIMT	Vector/SIMTStrideLoad.aiv.c310.bc	meta_op.aiv.c310.bc
3	SIMT/Direct/strided-rank1	stride_load_1d_uint8_t_int32_t	SIMT/Direct/strided-rank1/stride_load_1d_uint8_t_int32_t.mlir	1	SIMT	Vector/SIMTStrideLoad.aiv.c310.bc	meta_op.aiv.c310.bc
3	SIMT/Direct/strided-rank1	stride_load_1d_uint8_t_int64_t	SIMT/Direct/strided-rank1/stride_load_1d_uint8_t_int64_t.mlir	1	SIMT	Vector/SIMTStrideLoad.aiv.c310.bc	meta_op.aiv.c310.bc
3	SIMT/Direct/strided-rank1	stride_store_1d_bfloat16_t_int32_t	SIMT/Direct/strided-rank1/stride_store_1d_bfloat16_t_int32_t.mlir	1	SIMT	Vector/SIMTStrideStore.aiv.c310.bc	meta_op.aiv.c310.bc
3	SIMT/Direct/strided-rank1	stride_store_1d_bfloat16_t_int64_t	SIMT/Direct/strided-rank1/stride_store_1d_bfloat16_t_int64_t.mlir	1	SIMT	Vector/SIMTStrideStore.aiv.c310.bc	meta_op.aiv.c310.bc
3	SIMT/Direct/strided-rank1	stride_store_1d_float_int32_t	SIMT/Direct/strided-rank1/stride_store_1d_float_int32_t.mlir	1	SIMT	Vector/SIMTStrideStore.aiv.c310.bc	meta_op.aiv.c310.bc
3	SIMT/Direct/strided-rank1	stride_store_1d_float_int64_t	SIMT/Direct/strided-rank1/stride_store_1d_float_int64_t.mlir	1	SIMT	Vector/SIMTStrideStore.aiv.c310.bc	meta_op.aiv.c310.bc
3	SIMT/Direct/strided-rank1	stride_store_1d_half_int32_t	SIMT/Direct/strided-rank1/stride_store_1d_half_int32_t.mlir	1	SIMT	Vector/SIMTStrideStore.aiv.c310.bc	meta_op.aiv.c310.bc
3	SIMT/Direct/strided-rank1	stride_store_1d_half_int64_t	SIMT/Direct/strided-rank1/stride_store_1d_half_int64_t.mlir	1	SIMT	Vector/SIMTStrideStore.aiv.c310.bc	meta_op.aiv.c310.bc
3	SIMT/Direct/strided-rank1	stride_store_1d_int16_t_int32_t	SIMT/Direct/strided-rank1/stride_store_1d_int16_t_int32_t.mlir	1	SIMT	Vector/SIMTStrideStore.aiv.c310.bc	meta_op.aiv.c310.bc
3	SIMT/Direct/strided-rank1	stride_store_1d_int16_t_int64_t	SIMT/Direct/strided-rank1/stride_store_1d_int16_t_int64_t.mlir	1	SIMT	Vector/SIMTStrideStore.aiv.c310.bc	meta_op.aiv.c310.bc
3	SIMT/Direct/strided-rank1	stride_store_1d_int32_t_int32_t	SIMT/Direct/strided-rank1/stride_store_1d_int32_t_int32_t.mlir	1	SIMT	Vector/SIMTStrideStore.aiv.c310.bc	meta_op.aiv.c310.bc
3	SIMT/Direct/strided-rank1	stride_store_1d_int32_t_int64_t	SIMT/Direct/strided-rank1/stride_store_1d_int32_t_int64_t.mlir	1	SIMT	Vector/SIMTStrideStore.aiv.c310.bc	meta_op.aiv.c310.bc
3	SIMT/Direct/strided-rank1	stride_store_1d_int64_t_int32_t	SIMT/Direct/strided-rank1/stride_store_1d_int64_t_int32_t.mlir	1	SIMT	Vector/SIMTStrideStore.aiv.c310.bc	meta_op.aiv.c310.bc
3	SIMT/Direct/strided-rank1	stride_store_1d_int64_t_int64_t	SIMT/Direct/strided-rank1/stride_store_1d_int64_t_int64_t.mlir	1	SIMT	Vector/SIMTStrideStore.aiv.c310.bc	meta_op.aiv.c310.bc
3	SIMT/Direct/strided-rank1	stride_store_1d_int8_t_int32_t	SIMT/Direct/strided-rank1/stride_store_1d_int8_t_int32_t.mlir	1	SIMT	Vector/SIMTStrideStore.aiv.c310.bc	meta_op.aiv.c310.bc
3	SIMT/Direct/strided-rank1	stride_store_1d_int8_t_int64_t	SIMT/Direct/strided-rank1/stride_store_1d_int8_t_int64_t.mlir	1	SIMT	Vector/SIMTStrideStore.aiv.c310.bc	meta_op.aiv.c310.bc
3	SIMT/Direct/strided-rank1	stride_store_1d_uint16_t_int32_t	SIMT/Direct/strided-rank1/stride_store_1d_uint16_t_int32_t.mlir	1	SIMT	Vector/SIMTStrideStore.aiv.c310.bc	meta_op.aiv.c310.bc
3	SIMT/Direct/strided-rank1	stride_store_1d_uint16_t_int64_t	SIMT/Direct/strided-rank1/stride_store_1d_uint16_t_int64_t.mlir	1	SIMT	Vector/SIMTStrideStore.aiv.c310.bc	meta_op.aiv.c310.bc
3	SIMT/Direct/strided-rank1	stride_store_1d_uint32_t_int32_t	SIMT/Direct/strided-rank1/stride_store_1d_uint32_t_int32_t.mlir	1	SIMT	Vector/SIMTStrideStore.aiv.c310.bc	meta_op.aiv.c310.bc
3	SIMT/Direct/strided-rank1	stride_store_1d_uint32_t_int64_t	SIMT/Direct/strided-rank1/stride_store_1d_uint32_t_int64_t.mlir	1	SIMT	Vector/SIMTStrideStore.aiv.c310.bc	meta_op.aiv.c310.bc
3	SIMT/Direct/strided-rank1	stride_store_1d_uint64_t_int32_t	SIMT/Direct/strided-rank1/stride_store_1d_uint64_t_int32_t.mlir	1	SIMT	Vector/SIMTStrideStore.aiv.c310.bc	meta_op.aiv.c310.bc
3	SIMT/Direct/strided-rank1	stride_store_1d_uint64_t_int64_t	SIMT/Direct/strided-rank1/stride_store_1d_uint64_t_int64_t.mlir	1	SIMT	Vector/SIMTStrideStore.aiv.c310.bc	meta_op.aiv.c310.bc
3	SIMT/Direct/strided-rank1	stride_store_1d_uint8_t_int32_t	SIMT/Direct/strided-rank1/stride_store_1d_uint8_t_int32_t.mlir	1	SIMT	Vector/SIMTStrideStore.aiv.c310.bc	meta_op.aiv.c310.bc
3	SIMT/Direct/strided-rank1	stride_store_1d_uint8_t_int64_t	SIMT/Direct/strided-rank1/stride_store_1d_uint8_t_int64_t.mlir	1	SIMT	Vector/SIMTStrideStore.aiv.c310.bc	meta_op.aiv.c310.bc
3	SIMT/Direct/strided-rank2	stride_load_2d_bfloat16_t_int32_t	SIMT/Direct/strided-rank2/stride_load_2d_bfloat16_t_int32_t.mlir	1	SIMT	Vector/SIMTStrideLoad.aiv.c310.bc	meta_op.aiv.c310.bc
3	SIMT/Direct/strided-rank2	stride_load_2d_bfloat16_t_int64_t	SIMT/Direct/strided-rank2/stride_load_2d_bfloat16_t_int64_t.mlir	1	SIMT	Vector/SIMTStrideLoad.aiv.c310.bc	meta_op.aiv.c310.bc
3	SIMT/Direct/strided-rank2	stride_load_2d_float_int32_t	SIMT/Direct/strided-rank2/stride_load_2d_float_int32_t.mlir	1	SIMT	Vector/SIMTStrideLoad.aiv.c310.bc	meta_op.aiv.c310.bc
3	SIMT/Direct/strided-rank2	stride_load_2d_float_int64_t	SIMT/Direct/strided-rank2/stride_load_2d_float_int64_t.mlir	1	SIMT	Vector/SIMTStrideLoad.aiv.c310.bc	meta_op.aiv.c310.bc
3	SIMT/Direct/strided-rank2	stride_load_2d_half_int32_t	SIMT/Direct/strided-rank2/stride_load_2d_half_int32_t.mlir	1	SIMT	Vector/SIMTStrideLoad.aiv.c310.bc	meta_op.aiv.c310.bc
3	SIMT/Direct/strided-rank2	stride_load_2d_half_int64_t	SIMT/Direct/strided-rank2/stride_load_2d_half_int64_t.mlir	1	SIMT	Vector/SIMTStrideLoad.aiv.c310.bc	meta_op.aiv.c310.bc
3	SIMT/Direct/strided-rank2	stride_load_2d_int16_t_int32_t	SIMT/Direct/strided-rank2/stride_load_2d_int16_t_int32_t.mlir	1	SIMT	Vector/SIMTStrideLoad.aiv.c310.bc	meta_op.aiv.c310.bc
3	SIMT/Direct/strided-rank2	stride_load_2d_int16_t_int64_t	SIMT/Direct/strided-rank2/stride_load_2d_int16_t_int64_t.mlir	1	SIMT	Vector/SIMTStrideLoad.aiv.c310.bc	meta_op.aiv.c310.bc
3	SIMT/Direct/strided-rank2	stride_load_2d_int32_t_int32_t	SIMT/Direct/strided-rank2/stride_load_2d_int32_t_int32_t.mlir	1	SIMT	Vector/SIMTStrideLoad.aiv.c310.bc	meta_op.aiv.c310.bc
3	SIMT/Direct/strided-rank2	stride_load_2d_int32_t_int64_t	SIMT/Direct/strided-rank2/stride_load_2d_int32_t_int64_t.mlir	1	SIMT	Vector/SIMTStrideLoad.aiv.c310.bc	meta_op.aiv.c310.bc
3	SIMT/Direct/strided-rank2	stride_load_2d_int64_t_int32_t	SIMT/Direct/strided-rank2/stride_load_2d_int64_t_int32_t.mlir	1	SIMT	Vector/SIMTStrideLoad.aiv.c310.bc	meta_op.aiv.c310.bc
3	SIMT/Direct/strided-rank2	stride_load_2d_int64_t_int64_t	SIMT/Direct/strided-rank2/stride_load_2d_int64_t_int64_t.mlir	1	SIMT	Vector/SIMTStrideLoad.aiv.c310.bc	meta_op.aiv.c310.bc
3	SIMT/Direct/strided-rank2	stride_load_2d_int8_t_int32_t	SIMT/Direct/strided-rank2/stride_load_2d_int8_t_int32_t.mlir	1	SIMT	Vector/SIMTStrideLoad.aiv.c310.bc	meta_op.aiv.c310.bc
3	SIMT/Direct/strided-rank2	stride_load_2d_int8_t_int64_t	SIMT/Direct/strided-rank2/stride_load_2d_int8_t_int64_t.mlir	1	SIMT	Vector/SIMTStrideLoad.aiv.c310.bc	meta_op.aiv.c310.bc
3	SIMT/Direct/strided-rank2	stride_load_2d_uint16_t_int32_t	SIMT/Direct/strided-rank2/stride_load_2d_uint16_t_int32_t.mlir	1	SIMT	Vector/SIMTStrideLoad.aiv.c310.bc	meta_op.aiv.c310.bc
3	SIMT/Direct/strided-rank2	stride_load_2d_uint16_t_int64_t	SIMT/Direct/strided-rank2/stride_load_2d_uint16_t_int64_t.mlir	1	SIMT	Vector/SIMTStrideLoad.aiv.c310.bc	meta_op.aiv.c310.bc
3	SIMT/Direct/strided-rank2	stride_load_2d_uint32_t_int32_t	SIMT/Direct/strided-rank2/stride_load_2d_uint32_t_int32_t.mlir	1	SIMT	Vector/SIMTStrideLoad.aiv.c310.bc	meta_op.aiv.c310.bc
3	SIMT/Direct/strided-rank2	stride_load_2d_uint32_t_int64_t	SIMT/Direct/strided-rank2/stride_load_2d_uint32_t_int64_t.mlir	1	SIMT	Vector/SIMTStrideLoad.aiv.c310.bc	meta_op.aiv.c310.bc
3	SIMT/Direct/strided-rank2	stride_load_2d_uint64_t_int32_t	SIMT/Direct/strided-rank2/stride_load_2d_uint64_t_int32_t.mlir	1	SIMT	Vector/SIMTStrideLoad.aiv.c310.bc	meta_op.aiv.c310.bc
3	SIMT/Direct/strided-rank2	stride_load_2d_uint64_t_int64_t	SIMT/Direct/strided-rank2/stride_load_2d_uint64_t_int64_t.mlir	1	SIMT	Vector/SIMTStrideLoad.aiv.c310.bc	meta_op.aiv.c310.bc
3	SIMT/Direct/strided-rank2	stride_load_2d_uint8_t_int32_t	SIMT/Direct/strided-rank2/stride_load_2d_uint8_t_int32_t.mlir	1	SIMT	Vector/SIMTStrideLoad.aiv.c310.bc	meta_op.aiv.c310.bc
3	SIMT/Direct/strided-rank2	stride_load_2d_uint8_t_int64_t	SIMT/Direct/strided-rank2/stride_load_2d_uint8_t_int64_t.mlir	1	SIMT	Vector/SIMTStrideLoad.aiv.c310.bc	meta_op.aiv.c310.bc
3	SIMT/Direct/strided-rank2	stride_store_2d_bfloat16_t_int32_t	SIMT/Direct/strided-rank2/stride_store_2d_bfloat16_t_int32_t.mlir	1	SIMT	Vector/SIMTStrideStore.aiv.c310.bc	meta_op.aiv.c310.bc
3	SIMT/Direct/strided-rank2	stride_store_2d_bfloat16_t_int64_t	SIMT/Direct/strided-rank2/stride_store_2d_bfloat16_t_int64_t.mlir	1	SIMT	Vector/SIMTStrideStore.aiv.c310.bc	meta_op.aiv.c310.bc
3	SIMT/Direct/strided-rank2	stride_store_2d_float_int32_t	SIMT/Direct/strided-rank2/stride_store_2d_float_int32_t.mlir	1	SIMT	Vector/SIMTStrideStore.aiv.c310.bc	meta_op.aiv.c310.bc
3	SIMT/Direct/strided-rank2	stride_store_2d_float_int64_t	SIMT/Direct/strided-rank2/stride_store_2d_float_int64_t.mlir	1	SIMT	Vector/SIMTStrideStore.aiv.c310.bc	meta_op.aiv.c310.bc
3	SIMT/Direct/strided-rank2	stride_store_2d_half_int32_t	SIMT/Direct/strided-rank2/stride_store_2d_half_int32_t.mlir	1	SIMT	Vector/SIMTStrideStore.aiv.c310.bc	meta_op.aiv.c310.bc
3	SIMT/Direct/strided-rank2	stride_store_2d_half_int64_t	SIMT/Direct/strided-rank2/stride_store_2d_half_int64_t.mlir	1	SIMT	Vector/SIMTStrideStore.aiv.c310.bc	meta_op.aiv.c310.bc
3	SIMT/Direct/strided-rank2	stride_store_2d_int16_t_int32_t	SIMT/Direct/strided-rank2/stride_store_2d_int16_t_int32_t.mlir	1	SIMT	Vector/SIMTStrideStore.aiv.c310.bc	meta_op.aiv.c310.bc
3	SIMT/Direct/strided-rank2	stride_store_2d_int16_t_int64_t	SIMT/Direct/strided-rank2/stride_store_2d_int16_t_int64_t.mlir	1	SIMT	Vector/SIMTStrideStore.aiv.c310.bc	meta_op.aiv.c310.bc
3	SIMT/Direct/strided-rank2	stride_store_2d_int32_t_int32_t	SIMT/Direct/strided-rank2/stride_store_2d_int32_t_int32_t.mlir	1	SIMT	Vector/SIMTStrideStore.aiv.c310.bc	meta_op.aiv.c310.bc
3	SIMT/Direct/strided-rank2	stride_store_2d_int32_t_int64_t	SIMT/Direct/strided-rank2/stride_store_2d_int32_t_int64_t.mlir	1	SIMT	Vector/SIMTStrideStore.aiv.c310.bc	meta_op.aiv.c310.bc
3	SIMT/Direct/strided-rank2	stride_store_2d_int64_t_int32_t	SIMT/Direct/strided-rank2/stride_store_2d_int64_t_int32_t.mlir	1	SIMT	Vector/SIMTStrideStore.aiv.c310.bc	meta_op.aiv.c310.bc
3	SIMT/Direct/strided-rank2	stride_store_2d_int64_t_int64_t	SIMT/Direct/strided-rank2/stride_store_2d_int64_t_int64_t.mlir	1	SIMT	Vector/SIMTStrideStore.aiv.c310.bc	meta_op.aiv.c310.bc
3	SIMT/Direct/strided-rank2	stride_store_2d_int8_t_int32_t	SIMT/Direct/strided-rank2/stride_store_2d_int8_t_int32_t.mlir	1	SIMT	Vector/SIMTStrideStore.aiv.c310.bc	meta_op.aiv.c310.bc
3	SIMT/Direct/strided-rank2	stride_store_2d_int8_t_int64_t	SIMT/Direct/strided-rank2/stride_store_2d_int8_t_int64_t.mlir	1	SIMT	Vector/SIMTStrideStore.aiv.c310.bc	meta_op.aiv.c310.bc
3	SIMT/Direct/strided-rank2	stride_store_2d_uint16_t_int32_t	SIMT/Direct/strided-rank2/stride_store_2d_uint16_t_int32_t.mlir	1	SIMT	Vector/SIMTStrideStore.aiv.c310.bc	meta_op.aiv.c310.bc
3	SIMT/Direct/strided-rank2	stride_store_2d_uint16_t_int64_t	SIMT/Direct/strided-rank2/stride_store_2d_uint16_t_int64_t.mlir	1	SIMT	Vector/SIMTStrideStore.aiv.c310.bc	meta_op.aiv.c310.bc
3	SIMT/Direct/strided-rank2	stride_store_2d_uint32_t_int32_t	SIMT/Direct/strided-rank2/stride_store_2d_uint32_t_int32_t.mlir	1	SIMT	Vector/SIMTStrideStore.aiv.c310.bc	meta_op.aiv.c310.bc
3	SIMT/Direct/strided-rank2	stride_store_2d_uint32_t_int64_t	SIMT/Direct/strided-rank2/stride_store_2d_uint32_t_int64_t.mlir	1	SIMT	Vector/SIMTStrideStore.aiv.c310.bc	meta_op.aiv.c310.bc
3	SIMT/Direct/strided-rank2	stride_store_2d_uint64_t_int32_t	SIMT/Direct/strided-rank2/stride_store_2d_uint64_t_int32_t.mlir	1	SIMT	Vector/SIMTStrideStore.aiv.c310.bc	meta_op.aiv.c310.bc
3	SIMT/Direct/strided-rank2	stride_store_2d_uint64_t_int64_t	SIMT/Direct/strided-rank2/stride_store_2d_uint64_t_int64_t.mlir	1	SIMT	Vector/SIMTStrideStore.aiv.c310.bc	meta_op.aiv.c310.bc
3	SIMT/Direct/strided-rank2	stride_store_2d_uint8_t_int32_t	SIMT/Direct/strided-rank2/stride_store_2d_uint8_t_int32_t.mlir	1	SIMT	Vector/SIMTStrideStore.aiv.c310.bc	meta_op.aiv.c310.bc
3	SIMT/Direct/strided-rank2	stride_store_2d_uint8_t_int64_t	SIMT/Direct/strided-rank2/stride_store_2d_uint8_t_int64_t.mlir	1	SIMT	Vector/SIMTStrideStore.aiv.c310.bc	meta_op.aiv.c310.bc
3	SIMT/Direct/strided-rank3	stride_load_3d_bfloat16_t_int32_t	SIMT/Direct/strided-rank3/stride_load_3d_bfloat16_t_int32_t.mlir	1	SIMT	Vector/SIMTStrideLoad.aiv.c310.bc	meta_op.aiv.c310.bc
3	SIMT/Direct/strided-rank3	stride_load_3d_bfloat16_t_int64_t	SIMT/Direct/strided-rank3/stride_load_3d_bfloat16_t_int64_t.mlir	1	SIMT	Vector/SIMTStrideLoad.aiv.c310.bc	meta_op.aiv.c310.bc
3	SIMT/Direct/strided-rank3	stride_load_3d_float_int32_t	SIMT/Direct/strided-rank3/stride_load_3d_float_int32_t.mlir	1	SIMT	Vector/SIMTStrideLoad.aiv.c310.bc	meta_op.aiv.c310.bc
3	SIMT/Direct/strided-rank3	stride_load_3d_float_int64_t	SIMT/Direct/strided-rank3/stride_load_3d_float_int64_t.mlir	1	SIMT	Vector/SIMTStrideLoad.aiv.c310.bc	meta_op.aiv.c310.bc
3	SIMT/Direct/strided-rank3	stride_load_3d_half_int32_t	SIMT/Direct/strided-rank3/stride_load_3d_half_int32_t.mlir	1	SIMT	Vector/SIMTStrideLoad.aiv.c310.bc	meta_op.aiv.c310.bc
3	SIMT/Direct/strided-rank3	stride_load_3d_half_int64_t	SIMT/Direct/strided-rank3/stride_load_3d_half_int64_t.mlir	1	SIMT	Vector/SIMTStrideLoad.aiv.c310.bc	meta_op.aiv.c310.bc
3	SIMT/Direct/strided-rank3	stride_load_3d_int16_t_int32_t	SIMT/Direct/strided-rank3/stride_load_3d_int16_t_int32_t.mlir	1	SIMT	Vector/SIMTStrideLoad.aiv.c310.bc	meta_op.aiv.c310.bc
3	SIMT/Direct/strided-rank3	stride_load_3d_int16_t_int64_t	SIMT/Direct/strided-rank3/stride_load_3d_int16_t_int64_t.mlir	1	SIMT	Vector/SIMTStrideLoad.aiv.c310.bc	meta_op.aiv.c310.bc
3	SIMT/Direct/strided-rank3	stride_load_3d_int32_t_int32_t	SIMT/Direct/strided-rank3/stride_load_3d_int32_t_int32_t.mlir	1	SIMT	Vector/SIMTStrideLoad.aiv.c310.bc	meta_op.aiv.c310.bc
3	SIMT/Direct/strided-rank3	stride_load_3d_int32_t_int64_t	SIMT/Direct/strided-rank3/stride_load_3d_int32_t_int64_t.mlir	1	SIMT	Vector/SIMTStrideLoad.aiv.c310.bc	meta_op.aiv.c310.bc
3	SIMT/Direct/strided-rank3	stride_load_3d_int64_t_int32_t	SIMT/Direct/strided-rank3/stride_load_3d_int64_t_int32_t.mlir	1	SIMT	Vector/SIMTStrideLoad.aiv.c310.bc	meta_op.aiv.c310.bc
3	SIMT/Direct/strided-rank3	stride_load_3d_int64_t_int64_t	SIMT/Direct/strided-rank3/stride_load_3d_int64_t_int64_t.mlir	1	SIMT	Vector/SIMTStrideLoad.aiv.c310.bc	meta_op.aiv.c310.bc
3	SIMT/Direct/strided-rank3	stride_load_3d_int8_t_int32_t	SIMT/Direct/strided-rank3/stride_load_3d_int8_t_int32_t.mlir	1	SIMT	Vector/SIMTStrideLoad.aiv.c310.bc	meta_op.aiv.c310.bc
3	SIMT/Direct/strided-rank3	stride_load_3d_int8_t_int64_t	SIMT/Direct/strided-rank3/stride_load_3d_int8_t_int64_t.mlir	1	SIMT	Vector/SIMTStrideLoad.aiv.c310.bc	meta_op.aiv.c310.bc
3	SIMT/Direct/strided-rank3	stride_load_3d_uint16_t_int32_t	SIMT/Direct/strided-rank3/stride_load_3d_uint16_t_int32_t.mlir	1	SIMT	Vector/SIMTStrideLoad.aiv.c310.bc	meta_op.aiv.c310.bc
3	SIMT/Direct/strided-rank3	stride_load_3d_uint16_t_int64_t	SIMT/Direct/strided-rank3/stride_load_3d_uint16_t_int64_t.mlir	1	SIMT	Vector/SIMTStrideLoad.aiv.c310.bc	meta_op.aiv.c310.bc
3	SIMT/Direct/strided-rank3	stride_load_3d_uint32_t_int32_t	SIMT/Direct/strided-rank3/stride_load_3d_uint32_t_int32_t.mlir	1	SIMT	Vector/SIMTStrideLoad.aiv.c310.bc	meta_op.aiv.c310.bc
3	SIMT/Direct/strided-rank3	stride_load_3d_uint32_t_int64_t	SIMT/Direct/strided-rank3/stride_load_3d_uint32_t_int64_t.mlir	1	SIMT	Vector/SIMTStrideLoad.aiv.c310.bc	meta_op.aiv.c310.bc
3	SIMT/Direct/strided-rank3	stride_load_3d_uint64_t_int32_t	SIMT/Direct/strided-rank3/stride_load_3d_uint64_t_int32_t.mlir	1	SIMT	Vector/SIMTStrideLoad.aiv.c310.bc	meta_op.aiv.c310.bc
3	SIMT/Direct/strided-rank3	stride_load_3d_uint64_t_int64_t	SIMT/Direct/strided-rank3/stride_load_3d_uint64_t_int64_t.mlir	1	SIMT	Vector/SIMTStrideLoad.aiv.c310.bc	meta_op.aiv.c310.bc
3	SIMT/Direct/strided-rank3	stride_load_3d_uint8_t_int32_t	SIMT/Direct/strided-rank3/stride_load_3d_uint8_t_int32_t.mlir	1	SIMT	Vector/SIMTStrideLoad.aiv.c310.bc	meta_op.aiv.c310.bc
3	SIMT/Direct/strided-rank3	stride_load_3d_uint8_t_int64_t	SIMT/Direct/strided-rank3/stride_load_3d_uint8_t_int64_t.mlir	1	SIMT	Vector/SIMTStrideLoad.aiv.c310.bc	meta_op.aiv.c310.bc
3	SIMT/Direct/strided-rank3	stride_store_3d_bfloat16_t_int32_t	SIMT/Direct/strided-rank3/stride_store_3d_bfloat16_t_int32_t.mlir	1	SIMT	Vector/SIMTStrideStore.aiv.c310.bc	meta_op.aiv.c310.bc
3	SIMT/Direct/strided-rank3	stride_store_3d_bfloat16_t_int64_t	SIMT/Direct/strided-rank3/stride_store_3d_bfloat16_t_int64_t.mlir	1	SIMT	Vector/SIMTStrideStore.aiv.c310.bc	meta_op.aiv.c310.bc
3	SIMT/Direct/strided-rank3	stride_store_3d_float_int32_t	SIMT/Direct/strided-rank3/stride_store_3d_float_int32_t.mlir	1	SIMT	Vector/SIMTStrideStore.aiv.c310.bc	meta_op.aiv.c310.bc
3	SIMT/Direct/strided-rank3	stride_store_3d_float_int64_t	SIMT/Direct/strided-rank3/stride_store_3d_float_int64_t.mlir	1	SIMT	Vector/SIMTStrideStore.aiv.c310.bc	meta_op.aiv.c310.bc
3	SIMT/Direct/strided-rank3	stride_store_3d_half_int32_t	SIMT/Direct/strided-rank3/stride_store_3d_half_int32_t.mlir	1	SIMT	Vector/SIMTStrideStore.aiv.c310.bc	meta_op.aiv.c310.bc
3	SIMT/Direct/strided-rank3	stride_store_3d_half_int64_t	SIMT/Direct/strided-rank3/stride_store_3d_half_int64_t.mlir	1	SIMT	Vector/SIMTStrideStore.aiv.c310.bc	meta_op.aiv.c310.bc
3	SIMT/Direct/strided-rank3	stride_store_3d_int16_t_int32_t	SIMT/Direct/strided-rank3/stride_store_3d_int16_t_int32_t.mlir	1	SIMT	Vector/SIMTStrideStore.aiv.c310.bc	meta_op.aiv.c310.bc
3	SIMT/Direct/strided-rank3	stride_store_3d_int16_t_int64_t	SIMT/Direct/strided-rank3/stride_store_3d_int16_t_int64_t.mlir	1	SIMT	Vector/SIMTStrideStore.aiv.c310.bc	meta_op.aiv.c310.bc
3	SIMT/Direct/strided-rank3	stride_store_3d_int32_t_int32_t	SIMT/Direct/strided-rank3/stride_store_3d_int32_t_int32_t.mlir	1	SIMT	Vector/SIMTStrideStore.aiv.c310.bc	meta_op.aiv.c310.bc
3	SIMT/Direct/strided-rank3	stride_store_3d_int32_t_int64_t	SIMT/Direct/strided-rank3/stride_store_3d_int32_t_int64_t.mlir	1	SIMT	Vector/SIMTStrideStore.aiv.c310.bc	meta_op.aiv.c310.bc
3	SIMT/Direct/strided-rank3	stride_store_3d_int64_t_int32_t	SIMT/Direct/strided-rank3/stride_store_3d_int64_t_int32_t.mlir	1	SIMT	Vector/SIMTStrideStore.aiv.c310.bc	meta_op.aiv.c310.bc
3	SIMT/Direct/strided-rank3	stride_store_3d_int64_t_int64_t	SIMT/Direct/strided-rank3/stride_store_3d_int64_t_int64_t.mlir	1	SIMT	Vector/SIMTStrideStore.aiv.c310.bc	meta_op.aiv.c310.bc
3	SIMT/Direct/strided-rank3	stride_store_3d_int8_t_int32_t	SIMT/Direct/strided-rank3/stride_store_3d_int8_t_int32_t.mlir	1	SIMT	Vector/SIMTStrideStore.aiv.c310.bc	meta_op.aiv.c310.bc
3	SIMT/Direct/strided-rank3	stride_store_3d_int8_t_int64_t	SIMT/Direct/strided-rank3/stride_store_3d_int8_t_int64_t.mlir	1	SIMT	Vector/SIMTStrideStore.aiv.c310.bc	meta_op.aiv.c310.bc
3	SIMT/Direct/strided-rank3	stride_store_3d_uint16_t_int32_t	SIMT/Direct/strided-rank3/stride_store_3d_uint16_t_int32_t.mlir	1	SIMT	Vector/SIMTStrideStore.aiv.c310.bc	meta_op.aiv.c310.bc
3	SIMT/Direct/strided-rank3	stride_store_3d_uint16_t_int64_t	SIMT/Direct/strided-rank3/stride_store_3d_uint16_t_int64_t.mlir	1	SIMT	Vector/SIMTStrideStore.aiv.c310.bc	meta_op.aiv.c310.bc
3	SIMT/Direct/strided-rank3	stride_store_3d_uint32_t_int32_t	SIMT/Direct/strided-rank3/stride_store_3d_uint32_t_int32_t.mlir	1	SIMT	Vector/SIMTStrideStore.aiv.c310.bc	meta_op.aiv.c310.bc
3	SIMT/Direct/strided-rank3	stride_store_3d_uint32_t_int64_t	SIMT/Direct/strided-rank3/stride_store_3d_uint32_t_int64_t.mlir	1	SIMT	Vector/SIMTStrideStore.aiv.c310.bc	meta_op.aiv.c310.bc
3	SIMT/Direct/strided-rank3	stride_store_3d_uint64_t_int32_t	SIMT/Direct/strided-rank3/stride_store_3d_uint64_t_int32_t.mlir	1	SIMT	Vector/SIMTStrideStore.aiv.c310.bc	meta_op.aiv.c310.bc
3	SIMT/Direct/strided-rank3	stride_store_3d_uint64_t_int64_t	SIMT/Direct/strided-rank3/stride_store_3d_uint64_t_int64_t.mlir	1	SIMT	Vector/SIMTStrideStore.aiv.c310.bc	meta_op.aiv.c310.bc
3	SIMT/Direct/strided-rank3	stride_store_3d_uint8_t_int32_t	SIMT/Direct/strided-rank3/stride_store_3d_uint8_t_int32_t.mlir	1	SIMT	Vector/SIMTStrideStore.aiv.c310.bc	meta_op.aiv.c310.bc
3	SIMT/Direct/strided-rank3	stride_store_3d_uint8_t_int64_t	SIMT/Direct/strided-rank3/stride_store_3d_uint8_t_int64_t.mlir	1	SIMT	Vector/SIMTStrideStore.aiv.c310.bc	meta_op.aiv.c310.bc
3	SIMT/Indexing/gather	gather_out_to_ub_1d_bfloat16_t_int32_t	SIMT/Indexing/gather/gather_out_to_ub_1d_bfloat16_t_int32_t.mlir	1	SIMT	Vector/SIMTGatherOutToUB.aiv.c310.bc	meta_op.aiv.c310.bc
3	SIMT/Indexing/gather	gather_out_to_ub_1d_bfloat16_t_int64_t	SIMT/Indexing/gather/gather_out_to_ub_1d_bfloat16_t_int64_t.mlir	1	SIMT	Vector/SIMTGatherOutToUB.aiv.c310.bc	meta_op.aiv.c310.bc
3	SIMT/Indexing/gather	gather_out_to_ub_1d_float16_t_int32_t	SIMT/Indexing/gather/gather_out_to_ub_1d_float16_t_int32_t.mlir	1	SIMT	Vector/SIMTGatherOutToUB.aiv.c310.bc	meta_op.aiv.c310.bc
3	SIMT/Indexing/gather	gather_out_to_ub_1d_float16_t_int64_t	SIMT/Indexing/gather/gather_out_to_ub_1d_float16_t_int64_t.mlir	1	SIMT	Vector/SIMTGatherOutToUB.aiv.c310.bc	meta_op.aiv.c310.bc
3	SIMT/Indexing/gather	gather_out_to_ub_1d_float_int32_t	SIMT/Indexing/gather/gather_out_to_ub_1d_float_int32_t.mlir	1	SIMT	Vector/SIMTGatherOutToUB.aiv.c310.bc	meta_op.aiv.c310.bc
3	SIMT/Indexing/gather	gather_out_to_ub_1d_float_int64_t	SIMT/Indexing/gather/gather_out_to_ub_1d_float_int64_t.mlir	1	SIMT	Vector/SIMTGatherOutToUB.aiv.c310.bc	meta_op.aiv.c310.bc
3	SIMT/Indexing/gather	gather_out_to_ub_1d_half_int32_t	SIMT/Indexing/gather/gather_out_to_ub_1d_half_int32_t.mlir	1	SIMT	Vector/SIMTGatherOutToUB.aiv.c310.bc	meta_op.aiv.c310.bc
3	SIMT/Indexing/gather	gather_out_to_ub_1d_half_int64_t	SIMT/Indexing/gather/gather_out_to_ub_1d_half_int64_t.mlir	1	SIMT	Vector/SIMTGatherOutToUB.aiv.c310.bc	meta_op.aiv.c310.bc
3	SIMT/Indexing/gather	gather_out_to_ub_2d_bfloat16_t_int32_t	SIMT/Indexing/gather/gather_out_to_ub_2d_bfloat16_t_int32_t.mlir	1	SIMT	Vector/SIMTGatherOutToUB.aiv.c310.bc	meta_op.aiv.c310.bc
3	SIMT/Indexing/gather	gather_out_to_ub_2d_bfloat16_t_int64_t	SIMT/Indexing/gather/gather_out_to_ub_2d_bfloat16_t_int64_t.mlir	1	SIMT	Vector/SIMTGatherOutToUB.aiv.c310.bc	meta_op.aiv.c310.bc
3	SIMT/Indexing/gather	gather_out_to_ub_2d_float16_t_int32_t	SIMT/Indexing/gather/gather_out_to_ub_2d_float16_t_int32_t.mlir	1	SIMT	Vector/SIMTGatherOutToUB.aiv.c310.bc	meta_op.aiv.c310.bc
3	SIMT/Indexing/gather	gather_out_to_ub_2d_float16_t_int64_t	SIMT/Indexing/gather/gather_out_to_ub_2d_float16_t_int64_t.mlir	1	SIMT	Vector/SIMTGatherOutToUB.aiv.c310.bc	meta_op.aiv.c310.bc
3	SIMT/Indexing/gather	gather_out_to_ub_2d_float_int32_t	SIMT/Indexing/gather/gather_out_to_ub_2d_float_int32_t.mlir	1	SIMT	Vector/SIMTGatherOutToUB.aiv.c310.bc	meta_op.aiv.c310.bc
3	SIMT/Indexing/gather	gather_out_to_ub_2d_float_int64_t	SIMT/Indexing/gather/gather_out_to_ub_2d_float_int64_t.mlir	1	SIMT	Vector/SIMTGatherOutToUB.aiv.c310.bc	meta_op.aiv.c310.bc
3	SIMT/Indexing/gather	gather_out_to_ub_2d_half_int32_t	SIMT/Indexing/gather/gather_out_to_ub_2d_half_int32_t.mlir	1	SIMT	Vector/SIMTGatherOutToUB.aiv.c310.bc	meta_op.aiv.c310.bc
3	SIMT/Indexing/gather	gather_out_to_ub_2d_half_int64_t	SIMT/Indexing/gather/gather_out_to_ub_2d_half_int64_t.mlir	1	SIMT	Vector/SIMTGatherOutToUB.aiv.c310.bc	meta_op.aiv.c310.bc
3	SIMT/Indexing/gather	gather_out_to_ub_3d_bfloat16_t_int32_t	SIMT/Indexing/gather/gather_out_to_ub_3d_bfloat16_t_int32_t.mlir	1	SIMT	Vector/SIMTGatherOutToUB.aiv.c310.bc	meta_op.aiv.c310.bc
3	SIMT/Indexing/gather	gather_out_to_ub_3d_bfloat16_t_int64_t	SIMT/Indexing/gather/gather_out_to_ub_3d_bfloat16_t_int64_t.mlir	1	SIMT	Vector/SIMTGatherOutToUB.aiv.c310.bc	meta_op.aiv.c310.bc
3	SIMT/Indexing/gather	gather_out_to_ub_3d_float16_t_int32_t	SIMT/Indexing/gather/gather_out_to_ub_3d_float16_t_int32_t.mlir	1	SIMT	Vector/SIMTGatherOutToUB.aiv.c310.bc	meta_op.aiv.c310.bc
3	SIMT/Indexing/gather	gather_out_to_ub_3d_float16_t_int64_t	SIMT/Indexing/gather/gather_out_to_ub_3d_float16_t_int64_t.mlir	1	SIMT	Vector/SIMTGatherOutToUB.aiv.c310.bc	meta_op.aiv.c310.bc
3	SIMT/Indexing/gather	gather_out_to_ub_3d_float_int32_t	SIMT/Indexing/gather/gather_out_to_ub_3d_float_int32_t.mlir	1	SIMT	Vector/SIMTGatherOutToUB.aiv.c310.bc	meta_op.aiv.c310.bc
3	SIMT/Indexing/gather	gather_out_to_ub_3d_float_int64_t	SIMT/Indexing/gather/gather_out_to_ub_3d_float_int64_t.mlir	1	SIMT	Vector/SIMTGatherOutToUB.aiv.c310.bc	meta_op.aiv.c310.bc
3	SIMT/Indexing/gather	gather_out_to_ub_3d_half_int32_t	SIMT/Indexing/gather/gather_out_to_ub_3d_half_int32_t.mlir	1	SIMT	Vector/SIMTGatherOutToUB.aiv.c310.bc	meta_op.aiv.c310.bc
3	SIMT/Indexing/gather	gather_out_to_ub_3d_half_int64_t	SIMT/Indexing/gather/gather_out_to_ub_3d_half_int64_t.mlir	1	SIMT	Vector/SIMTGatherOutToUB.aiv.c310.bc	meta_op.aiv.c310.bc
3	SIMT/Indexing/gather	gather_out_to_ub_4d_bfloat16_t_int32_t	SIMT/Indexing/gather/gather_out_to_ub_4d_bfloat16_t_int32_t.mlir	1	SIMT	Vector/SIMTGatherOutToUB.aiv.c310.bc	meta_op.aiv.c310.bc
3	SIMT/Indexing/gather	gather_out_to_ub_4d_bfloat16_t_int64_t	SIMT/Indexing/gather/gather_out_to_ub_4d_bfloat16_t_int64_t.mlir	1	SIMT	Vector/SIMTGatherOutToUB.aiv.c310.bc	meta_op.aiv.c310.bc
3	SIMT/Indexing/gather	gather_out_to_ub_4d_float16_t_int32_t	SIMT/Indexing/gather/gather_out_to_ub_4d_float16_t_int32_t.mlir	1	SIMT	Vector/SIMTGatherOutToUB.aiv.c310.bc	meta_op.aiv.c310.bc
3	SIMT/Indexing/gather	gather_out_to_ub_4d_float16_t_int64_t	SIMT/Indexing/gather/gather_out_to_ub_4d_float16_t_int64_t.mlir	1	SIMT	Vector/SIMTGatherOutToUB.aiv.c310.bc	meta_op.aiv.c310.bc
3	SIMT/Indexing/gather	gather_out_to_ub_4d_float_int32_t	SIMT/Indexing/gather/gather_out_to_ub_4d_float_int32_t.mlir	1	SIMT	Vector/SIMTGatherOutToUB.aiv.c310.bc	meta_op.aiv.c310.bc
3	SIMT/Indexing/gather	gather_out_to_ub_4d_float_int64_t	SIMT/Indexing/gather/gather_out_to_ub_4d_float_int64_t.mlir	1	SIMT	Vector/SIMTGatherOutToUB.aiv.c310.bc	meta_op.aiv.c310.bc
3	SIMT/Indexing/gather	gather_out_to_ub_4d_half_int32_t	SIMT/Indexing/gather/gather_out_to_ub_4d_half_int32_t.mlir	1	SIMT	Vector/SIMTGatherOutToUB.aiv.c310.bc	meta_op.aiv.c310.bc
3	SIMT/Indexing/gather	gather_out_to_ub_4d_half_int64_t	SIMT/Indexing/gather/gather_out_to_ub_4d_half_int64_t.mlir	1	SIMT	Vector/SIMTGatherOutToUB.aiv.c310.bc	meta_op.aiv.c310.bc
3	SIMT/Indexing/gather	gather_out_to_ub_5d_bfloat16_t_int32_t	SIMT/Indexing/gather/gather_out_to_ub_5d_bfloat16_t_int32_t.mlir	1	SIMT	Vector/SIMTGatherOutToUB.aiv.c310.bc	meta_op.aiv.c310.bc
3	SIMT/Indexing/gather	gather_out_to_ub_5d_bfloat16_t_int64_t	SIMT/Indexing/gather/gather_out_to_ub_5d_bfloat16_t_int64_t.mlir	1	SIMT	Vector/SIMTGatherOutToUB.aiv.c310.bc	meta_op.aiv.c310.bc
3	SIMT/Indexing/gather	gather_out_to_ub_5d_float16_t_int32_t	SIMT/Indexing/gather/gather_out_to_ub_5d_float16_t_int32_t.mlir	1	SIMT	Vector/SIMTGatherOutToUB.aiv.c310.bc	meta_op.aiv.c310.bc
3	SIMT/Indexing/gather	gather_out_to_ub_5d_float16_t_int64_t	SIMT/Indexing/gather/gather_out_to_ub_5d_float16_t_int64_t.mlir	1	SIMT	Vector/SIMTGatherOutToUB.aiv.c310.bc	meta_op.aiv.c310.bc
3	SIMT/Indexing/gather	gather_out_to_ub_5d_float_int32_t	SIMT/Indexing/gather/gather_out_to_ub_5d_float_int32_t.mlir	1	SIMT	Vector/SIMTGatherOutToUB.aiv.c310.bc	meta_op.aiv.c310.bc
3	SIMT/Indexing/gather	gather_out_to_ub_5d_float_int64_t	SIMT/Indexing/gather/gather_out_to_ub_5d_float_int64_t.mlir	1	SIMT	Vector/SIMTGatherOutToUB.aiv.c310.bc	meta_op.aiv.c310.bc
3	SIMT/Indexing/gather	gather_out_to_ub_5d_half_int32_t	SIMT/Indexing/gather/gather_out_to_ub_5d_half_int32_t.mlir	1	SIMT	Vector/SIMTGatherOutToUB.aiv.c310.bc	meta_op.aiv.c310.bc
3	SIMT/Indexing/gather	gather_out_to_ub_5d_half_int64_t	SIMT/Indexing/gather/gather_out_to_ub_5d_half_int64_t.mlir	1	SIMT	Vector/SIMTGatherOutToUB.aiv.c310.bc	meta_op.aiv.c310.bc
3	SIMT/Indexing/gather	gather_simt_1d_bfloat16_t_int32_t	SIMT/Indexing/gather/gather_simt_1d_bfloat16_t_int32_t.mlir	1	SIMT	Vector/SIMTGatherUBToUB.aiv.c310.bc	meta_op.aiv.c310.bc
3	SIMT/Indexing/gather	gather_simt_1d_bfloat16_t_int64_t	SIMT/Indexing/gather/gather_simt_1d_bfloat16_t_int64_t.mlir	1	SIMT	Vector/SIMTGatherUBToUB.aiv.c310.bc	meta_op.aiv.c310.bc
3	SIMT/Indexing/gather	gather_simt_1d_float16_t_int32_t	SIMT/Indexing/gather/gather_simt_1d_float16_t_int32_t.mlir	1	SIMT	Vector/SIMTGatherUBToUB.aiv.c310.bc	meta_op.aiv.c310.bc
3	SIMT/Indexing/gather	gather_simt_1d_float16_t_int64_t	SIMT/Indexing/gather/gather_simt_1d_float16_t_int64_t.mlir	1	SIMT	Vector/SIMTGatherUBToUB.aiv.c310.bc	meta_op.aiv.c310.bc
3	SIMT/Indexing/gather	gather_simt_1d_float_int32_t	SIMT/Indexing/gather/gather_simt_1d_float_int32_t.mlir	1	SIMT	Vector/SIMTGatherUBToUB.aiv.c310.bc	meta_op.aiv.c310.bc
3	SIMT/Indexing/gather	gather_simt_1d_float_int64_t	SIMT/Indexing/gather/gather_simt_1d_float_int64_t.mlir	1	SIMT	Vector/SIMTGatherUBToUB.aiv.c310.bc	meta_op.aiv.c310.bc
3	SIMT/Indexing/gather	gather_simt_1d_half_int32_t	SIMT/Indexing/gather/gather_simt_1d_half_int32_t.mlir	1	SIMT	Vector/SIMTGatherUBToUB.aiv.c310.bc	meta_op.aiv.c310.bc
3	SIMT/Indexing/gather	gather_simt_1d_half_int64_t	SIMT/Indexing/gather/gather_simt_1d_half_int64_t.mlir	1	SIMT	Vector/SIMTGatherUBToUB.aiv.c310.bc	meta_op.aiv.c310.bc
3	SIMT/Indexing/gather	gather_simt_1d_int16_t_int32_t	SIMT/Indexing/gather/gather_simt_1d_int16_t_int32_t.mlir	1	SIMT	Vector/SIMTGatherUBToUB.aiv.c310.bc	meta_op.aiv.c310.bc
3	SIMT/Indexing/gather	gather_simt_1d_int16_t_int64_t	SIMT/Indexing/gather/gather_simt_1d_int16_t_int64_t.mlir	1	SIMT	Vector/SIMTGatherUBToUB.aiv.c310.bc	meta_op.aiv.c310.bc
3	SIMT/Indexing/gather	gather_simt_1d_int32_t_int32_t	SIMT/Indexing/gather/gather_simt_1d_int32_t_int32_t.mlir	1	SIMT	Vector/SIMTGatherUBToUB.aiv.c310.bc	meta_op.aiv.c310.bc
3	SIMT/Indexing/gather	gather_simt_1d_int32_t_int64_t	SIMT/Indexing/gather/gather_simt_1d_int32_t_int64_t.mlir	1	SIMT	Vector/SIMTGatherUBToUB.aiv.c310.bc	meta_op.aiv.c310.bc
3	SIMT/Indexing/gather	gather_simt_1d_int8_t_int32_t	SIMT/Indexing/gather/gather_simt_1d_int8_t_int32_t.mlir	1	SIMT	Vector/SIMTGatherUBToUB.aiv.c310.bc	meta_op.aiv.c310.bc
3	SIMT/Indexing/gather	gather_simt_1d_int8_t_int64_t	SIMT/Indexing/gather/gather_simt_1d_int8_t_int64_t.mlir	1	SIMT	Vector/SIMTGatherUBToUB.aiv.c310.bc	meta_op.aiv.c310.bc
3	SIMT/Indexing/gather	gather_simt_1d_uint16_t_int32_t	SIMT/Indexing/gather/gather_simt_1d_uint16_t_int32_t.mlir	1	SIMT	Vector/SIMTGatherUBToUB.aiv.c310.bc	meta_op.aiv.c310.bc
3	SIMT/Indexing/gather	gather_simt_1d_uint16_t_int64_t	SIMT/Indexing/gather/gather_simt_1d_uint16_t_int64_t.mlir	1	SIMT	Vector/SIMTGatherUBToUB.aiv.c310.bc	meta_op.aiv.c310.bc
3	SIMT/Indexing/gather	gather_simt_1d_uint32_t_int32_t	SIMT/Indexing/gather/gather_simt_1d_uint32_t_int32_t.mlir	1	SIMT	Vector/SIMTGatherUBToUB.aiv.c310.bc	meta_op.aiv.c310.bc
3	SIMT/Indexing/gather	gather_simt_1d_uint32_t_int64_t	SIMT/Indexing/gather/gather_simt_1d_uint32_t_int64_t.mlir	1	SIMT	Vector/SIMTGatherUBToUB.aiv.c310.bc	meta_op.aiv.c310.bc
3	SIMT/Indexing/gather	gather_simt_1d_uint8_t_int32_t	SIMT/Indexing/gather/gather_simt_1d_uint8_t_int32_t.mlir	1	SIMT	Vector/SIMTGatherUBToUB.aiv.c310.bc	meta_op.aiv.c310.bc
3	SIMT/Indexing/gather	gather_simt_1d_uint8_t_int64_t	SIMT/Indexing/gather/gather_simt_1d_uint8_t_int64_t.mlir	1	SIMT	Vector/SIMTGatherUBToUB.aiv.c310.bc	meta_op.aiv.c310.bc
3	SIMT/Indexing/gather	gather_simt_2d_bfloat16_t_int32_t	SIMT/Indexing/gather/gather_simt_2d_bfloat16_t_int32_t.mlir	1	SIMT	Vector/SIMTGatherUBToUB.aiv.c310.bc	meta_op.aiv.c310.bc
3	SIMT/Indexing/gather	gather_simt_2d_bfloat16_t_int64_t	SIMT/Indexing/gather/gather_simt_2d_bfloat16_t_int64_t.mlir	1	SIMT	Vector/SIMTGatherUBToUB.aiv.c310.bc	meta_op.aiv.c310.bc
3	SIMT/Indexing/gather	gather_simt_2d_float16_t_int32_t	SIMT/Indexing/gather/gather_simt_2d_float16_t_int32_t.mlir	1	SIMT	Vector/SIMTGatherUBToUB.aiv.c310.bc	meta_op.aiv.c310.bc
3	SIMT/Indexing/gather	gather_simt_2d_float16_t_int64_t	SIMT/Indexing/gather/gather_simt_2d_float16_t_int64_t.mlir	1	SIMT	Vector/SIMTGatherUBToUB.aiv.c310.bc	meta_op.aiv.c310.bc
3	SIMT/Indexing/gather	gather_simt_2d_float_int32_t	SIMT/Indexing/gather/gather_simt_2d_float_int32_t.mlir	1	SIMT	Vector/SIMTGatherUBToUB.aiv.c310.bc	meta_op.aiv.c310.bc
3	SIMT/Indexing/gather	gather_simt_2d_float_int64_t	SIMT/Indexing/gather/gather_simt_2d_float_int64_t.mlir	1	SIMT	Vector/SIMTGatherUBToUB.aiv.c310.bc	meta_op.aiv.c310.bc
3	SIMT/Indexing/gather	gather_simt_2d_half_int32_t	SIMT/Indexing/gather/gather_simt_2d_half_int32_t.mlir	1	SIMT	Vector/SIMTGatherUBToUB.aiv.c310.bc	meta_op.aiv.c310.bc
3	SIMT/Indexing/gather	gather_simt_2d_half_int64_t	SIMT/Indexing/gather/gather_simt_2d_half_int64_t.mlir	1	SIMT	Vector/SIMTGatherUBToUB.aiv.c310.bc	meta_op.aiv.c310.bc
3	SIMT/Indexing/gather	gather_simt_2d_int16_t_int32_t	SIMT/Indexing/gather/gather_simt_2d_int16_t_int32_t.mlir	1	SIMT	Vector/SIMTGatherUBToUB.aiv.c310.bc	meta_op.aiv.c310.bc
3	SIMT/Indexing/gather	gather_simt_2d_int16_t_int64_t	SIMT/Indexing/gather/gather_simt_2d_int16_t_int64_t.mlir	1	SIMT	Vector/SIMTGatherUBToUB.aiv.c310.bc	meta_op.aiv.c310.bc
3	SIMT/Indexing/gather	gather_simt_2d_int32_t_int32_t	SIMT/Indexing/gather/gather_simt_2d_int32_t_int32_t.mlir	1	SIMT	Vector/SIMTGatherUBToUB.aiv.c310.bc	meta_op.aiv.c310.bc
3	SIMT/Indexing/gather	gather_simt_2d_int32_t_int64_t	SIMT/Indexing/gather/gather_simt_2d_int32_t_int64_t.mlir	1	SIMT	Vector/SIMTGatherUBToUB.aiv.c310.bc	meta_op.aiv.c310.bc
3	SIMT/Indexing/gather	gather_simt_2d_int8_t_int32_t	SIMT/Indexing/gather/gather_simt_2d_int8_t_int32_t.mlir	1	SIMT	Vector/SIMTGatherUBToUB.aiv.c310.bc	meta_op.aiv.c310.bc
3	SIMT/Indexing/gather	gather_simt_2d_int8_t_int64_t	SIMT/Indexing/gather/gather_simt_2d_int8_t_int64_t.mlir	1	SIMT	Vector/SIMTGatherUBToUB.aiv.c310.bc	meta_op.aiv.c310.bc
3	SIMT/Indexing/gather	gather_simt_2d_uint16_t_int32_t	SIMT/Indexing/gather/gather_simt_2d_uint16_t_int32_t.mlir	1	SIMT	Vector/SIMTGatherUBToUB.aiv.c310.bc	meta_op.aiv.c310.bc
3	SIMT/Indexing/gather	gather_simt_2d_uint16_t_int64_t	SIMT/Indexing/gather/gather_simt_2d_uint16_t_int64_t.mlir	1	SIMT	Vector/SIMTGatherUBToUB.aiv.c310.bc	meta_op.aiv.c310.bc
3	SIMT/Indexing/gather	gather_simt_2d_uint32_t_int32_t	SIMT/Indexing/gather/gather_simt_2d_uint32_t_int32_t.mlir	1	SIMT	Vector/SIMTGatherUBToUB.aiv.c310.bc	meta_op.aiv.c310.bc
3	SIMT/Indexing/gather	gather_simt_2d_uint32_t_int64_t	SIMT/Indexing/gather/gather_simt_2d_uint32_t_int64_t.mlir	1	SIMT	Vector/SIMTGatherUBToUB.aiv.c310.bc	meta_op.aiv.c310.bc
3	SIMT/Indexing/gather	gather_simt_2d_uint8_t_int32_t	SIMT/Indexing/gather/gather_simt_2d_uint8_t_int32_t.mlir	1	SIMT	Vector/SIMTGatherUBToUB.aiv.c310.bc	meta_op.aiv.c310.bc
3	SIMT/Indexing/gather	gather_simt_2d_uint8_t_int64_t	SIMT/Indexing/gather/gather_simt_2d_uint8_t_int64_t.mlir	1	SIMT	Vector/SIMTGatherUBToUB.aiv.c310.bc	meta_op.aiv.c310.bc
3	SIMT/Indexing/gather	gather_simt_3d_bfloat16_t_int32_t	SIMT/Indexing/gather/gather_simt_3d_bfloat16_t_int32_t.mlir	1	SIMT	Vector/SIMTGatherUBToUB.aiv.c310.bc	meta_op.aiv.c310.bc
3	SIMT/Indexing/gather	gather_simt_3d_bfloat16_t_int64_t	SIMT/Indexing/gather/gather_simt_3d_bfloat16_t_int64_t.mlir	1	SIMT	Vector/SIMTGatherUBToUB.aiv.c310.bc	meta_op.aiv.c310.bc
3	SIMT/Indexing/gather	gather_simt_3d_float16_t_int32_t	SIMT/Indexing/gather/gather_simt_3d_float16_t_int32_t.mlir	1	SIMT	Vector/SIMTGatherUBToUB.aiv.c310.bc	meta_op.aiv.c310.bc
3	SIMT/Indexing/gather	gather_simt_3d_float16_t_int64_t	SIMT/Indexing/gather/gather_simt_3d_float16_t_int64_t.mlir	1	SIMT	Vector/SIMTGatherUBToUB.aiv.c310.bc	meta_op.aiv.c310.bc
3	SIMT/Indexing/gather	gather_simt_3d_float_int32_t	SIMT/Indexing/gather/gather_simt_3d_float_int32_t.mlir	1	SIMT	Vector/SIMTGatherUBToUB.aiv.c310.bc	meta_op.aiv.c310.bc
3	SIMT/Indexing/gather	gather_simt_3d_float_int64_t	SIMT/Indexing/gather/gather_simt_3d_float_int64_t.mlir	1	SIMT	Vector/SIMTGatherUBToUB.aiv.c310.bc	meta_op.aiv.c310.bc
3	SIMT/Indexing/gather	gather_simt_3d_half_int32_t	SIMT/Indexing/gather/gather_simt_3d_half_int32_t.mlir	1	SIMT	Vector/SIMTGatherUBToUB.aiv.c310.bc	meta_op.aiv.c310.bc
3	SIMT/Indexing/gather	gather_simt_3d_half_int64_t	SIMT/Indexing/gather/gather_simt_3d_half_int64_t.mlir	1	SIMT	Vector/SIMTGatherUBToUB.aiv.c310.bc	meta_op.aiv.c310.bc
3	SIMT/Indexing/gather	gather_simt_3d_int16_t_int32_t	SIMT/Indexing/gather/gather_simt_3d_int16_t_int32_t.mlir	1	SIMT	Vector/SIMTGatherUBToUB.aiv.c310.bc	meta_op.aiv.c310.bc
3	SIMT/Indexing/gather	gather_simt_3d_int16_t_int64_t	SIMT/Indexing/gather/gather_simt_3d_int16_t_int64_t.mlir	1	SIMT	Vector/SIMTGatherUBToUB.aiv.c310.bc	meta_op.aiv.c310.bc
3	SIMT/Indexing/gather	gather_simt_3d_int32_t_int32_t	SIMT/Indexing/gather/gather_simt_3d_int32_t_int32_t.mlir	1	SIMT	Vector/SIMTGatherUBToUB.aiv.c310.bc	meta_op.aiv.c310.bc
3	SIMT/Indexing/gather	gather_simt_3d_int32_t_int64_t	SIMT/Indexing/gather/gather_simt_3d_int32_t_int64_t.mlir	1	SIMT	Vector/SIMTGatherUBToUB.aiv.c310.bc	meta_op.aiv.c310.bc
3	SIMT/Indexing/gather	gather_simt_3d_int8_t_int32_t	SIMT/Indexing/gather/gather_simt_3d_int8_t_int32_t.mlir	1	SIMT	Vector/SIMTGatherUBToUB.aiv.c310.bc	meta_op.aiv.c310.bc
3	SIMT/Indexing/gather	gather_simt_3d_int8_t_int64_t	SIMT/Indexing/gather/gather_simt_3d_int8_t_int64_t.mlir	1	SIMT	Vector/SIMTGatherUBToUB.aiv.c310.bc	meta_op.aiv.c310.bc
3	SIMT/Indexing/gather	gather_simt_3d_uint16_t_int32_t	SIMT/Indexing/gather/gather_simt_3d_uint16_t_int32_t.mlir	1	SIMT	Vector/SIMTGatherUBToUB.aiv.c310.bc	meta_op.aiv.c310.bc
3	SIMT/Indexing/gather	gather_simt_3d_uint16_t_int64_t	SIMT/Indexing/gather/gather_simt_3d_uint16_t_int64_t.mlir	1	SIMT	Vector/SIMTGatherUBToUB.aiv.c310.bc	meta_op.aiv.c310.bc
3	SIMT/Indexing/gather	gather_simt_3d_uint32_t_int32_t	SIMT/Indexing/gather/gather_simt_3d_uint32_t_int32_t.mlir	1	SIMT	Vector/SIMTGatherUBToUB.aiv.c310.bc	meta_op.aiv.c310.bc
3	SIMT/Indexing/gather	gather_simt_3d_uint32_t_int64_t	SIMT/Indexing/gather/gather_simt_3d_uint32_t_int64_t.mlir	1	SIMT	Vector/SIMTGatherUBToUB.aiv.c310.bc	meta_op.aiv.c310.bc
3	SIMT/Indexing/gather	gather_simt_3d_uint8_t_int32_t	SIMT/Indexing/gather/gather_simt_3d_uint8_t_int32_t.mlir	1	SIMT	Vector/SIMTGatherUBToUB.aiv.c310.bc	meta_op.aiv.c310.bc
3	SIMT/Indexing/gather	gather_simt_3d_uint8_t_int64_t	SIMT/Indexing/gather/gather_simt_3d_uint8_t_int64_t.mlir	1	SIMT	Vector/SIMTGatherUBToUB.aiv.c310.bc	meta_op.aiv.c310.bc
3	SIMT/Indexing/gather	gather_simt_4d_bfloat16_t_int32_t	SIMT/Indexing/gather/gather_simt_4d_bfloat16_t_int32_t.mlir	1	SIMT	Vector/SIMTGatherUBToUB.aiv.c310.bc	meta_op.aiv.c310.bc
3	SIMT/Indexing/gather	gather_simt_4d_bfloat16_t_int64_t	SIMT/Indexing/gather/gather_simt_4d_bfloat16_t_int64_t.mlir	1	SIMT	Vector/SIMTGatherUBToUB.aiv.c310.bc	meta_op.aiv.c310.bc
3	SIMT/Indexing/gather	gather_simt_4d_float16_t_int32_t	SIMT/Indexing/gather/gather_simt_4d_float16_t_int32_t.mlir	1	SIMT	Vector/SIMTGatherUBToUB.aiv.c310.bc	meta_op.aiv.c310.bc
3	SIMT/Indexing/gather	gather_simt_4d_float16_t_int64_t	SIMT/Indexing/gather/gather_simt_4d_float16_t_int64_t.mlir	1	SIMT	Vector/SIMTGatherUBToUB.aiv.c310.bc	meta_op.aiv.c310.bc
3	SIMT/Indexing/gather	gather_simt_4d_float_int32_t	SIMT/Indexing/gather/gather_simt_4d_float_int32_t.mlir	1	SIMT	Vector/SIMTGatherUBToUB.aiv.c310.bc	meta_op.aiv.c310.bc
3	SIMT/Indexing/gather	gather_simt_4d_float_int64_t	SIMT/Indexing/gather/gather_simt_4d_float_int64_t.mlir	1	SIMT	Vector/SIMTGatherUBToUB.aiv.c310.bc	meta_op.aiv.c310.bc
3	SIMT/Indexing/gather	gather_simt_4d_half_int32_t	SIMT/Indexing/gather/gather_simt_4d_half_int32_t.mlir	1	SIMT	Vector/SIMTGatherUBToUB.aiv.c310.bc	meta_op.aiv.c310.bc
3	SIMT/Indexing/gather	gather_simt_4d_half_int64_t	SIMT/Indexing/gather/gather_simt_4d_half_int64_t.mlir	1	SIMT	Vector/SIMTGatherUBToUB.aiv.c310.bc	meta_op.aiv.c310.bc
3	SIMT/Indexing/gather	gather_simt_4d_int16_t_int32_t	SIMT/Indexing/gather/gather_simt_4d_int16_t_int32_t.mlir	1	SIMT	Vector/SIMTGatherUBToUB.aiv.c310.bc	meta_op.aiv.c310.bc
3	SIMT/Indexing/gather	gather_simt_4d_int16_t_int64_t	SIMT/Indexing/gather/gather_simt_4d_int16_t_int64_t.mlir	1	SIMT	Vector/SIMTGatherUBToUB.aiv.c310.bc	meta_op.aiv.c310.bc
3	SIMT/Indexing/gather	gather_simt_4d_int32_t_int32_t	SIMT/Indexing/gather/gather_simt_4d_int32_t_int32_t.mlir	1	SIMT	Vector/SIMTGatherUBToUB.aiv.c310.bc	meta_op.aiv.c310.bc
3	SIMT/Indexing/gather	gather_simt_4d_int32_t_int64_t	SIMT/Indexing/gather/gather_simt_4d_int32_t_int64_t.mlir	1	SIMT	Vector/SIMTGatherUBToUB.aiv.c310.bc	meta_op.aiv.c310.bc
3	SIMT/Indexing/gather	gather_simt_4d_int8_t_int32_t	SIMT/Indexing/gather/gather_simt_4d_int8_t_int32_t.mlir	1	SIMT	Vector/SIMTGatherUBToUB.aiv.c310.bc	meta_op.aiv.c310.bc
3	SIMT/Indexing/gather	gather_simt_4d_int8_t_int64_t	SIMT/Indexing/gather/gather_simt_4d_int8_t_int64_t.mlir	1	SIMT	Vector/SIMTGatherUBToUB.aiv.c310.bc	meta_op.aiv.c310.bc
3	SIMT/Indexing/gather	gather_simt_4d_uint16_t_int32_t	SIMT/Indexing/gather/gather_simt_4d_uint16_t_int32_t.mlir	1	SIMT	Vector/SIMTGatherUBToUB.aiv.c310.bc	meta_op.aiv.c310.bc
3	SIMT/Indexing/gather	gather_simt_4d_uint16_t_int64_t	SIMT/Indexing/gather/gather_simt_4d_uint16_t_int64_t.mlir	1	SIMT	Vector/SIMTGatherUBToUB.aiv.c310.bc	meta_op.aiv.c310.bc
3	SIMT/Indexing/gather	gather_simt_4d_uint32_t_int32_t	SIMT/Indexing/gather/gather_simt_4d_uint32_t_int32_t.mlir	1	SIMT	Vector/SIMTGatherUBToUB.aiv.c310.bc	meta_op.aiv.c310.bc
3	SIMT/Indexing/gather	gather_simt_4d_uint32_t_int64_t	SIMT/Indexing/gather/gather_simt_4d_uint32_t_int64_t.mlir	1	SIMT	Vector/SIMTGatherUBToUB.aiv.c310.bc	meta_op.aiv.c310.bc
3	SIMT/Indexing/gather	gather_simt_4d_uint8_t_int32_t	SIMT/Indexing/gather/gather_simt_4d_uint8_t_int32_t.mlir	1	SIMT	Vector/SIMTGatherUBToUB.aiv.c310.bc	meta_op.aiv.c310.bc
3	SIMT/Indexing/gather	gather_simt_4d_uint8_t_int64_t	SIMT/Indexing/gather/gather_simt_4d_uint8_t_int64_t.mlir	1	SIMT	Vector/SIMTGatherUBToUB.aiv.c310.bc	meta_op.aiv.c310.bc
3	SIMT/Indexing/gather	gather_simt_5d_bfloat16_t_int32_t	SIMT/Indexing/gather/gather_simt_5d_bfloat16_t_int32_t.mlir	1	SIMT	Vector/SIMTGatherUBToUB.aiv.c310.bc	meta_op.aiv.c310.bc
3	SIMT/Indexing/gather	gather_simt_5d_bfloat16_t_int64_t	SIMT/Indexing/gather/gather_simt_5d_bfloat16_t_int64_t.mlir	1	SIMT	Vector/SIMTGatherUBToUB.aiv.c310.bc	meta_op.aiv.c310.bc
3	SIMT/Indexing/gather	gather_simt_5d_float16_t_int32_t	SIMT/Indexing/gather/gather_simt_5d_float16_t_int32_t.mlir	1	SIMT	Vector/SIMTGatherUBToUB.aiv.c310.bc	meta_op.aiv.c310.bc
3	SIMT/Indexing/gather	gather_simt_5d_float16_t_int64_t	SIMT/Indexing/gather/gather_simt_5d_float16_t_int64_t.mlir	1	SIMT	Vector/SIMTGatherUBToUB.aiv.c310.bc	meta_op.aiv.c310.bc
3	SIMT/Indexing/gather	gather_simt_5d_float_int32_t	SIMT/Indexing/gather/gather_simt_5d_float_int32_t.mlir	1	SIMT	Vector/SIMTGatherUBToUB.aiv.c310.bc	meta_op.aiv.c310.bc
3	SIMT/Indexing/gather	gather_simt_5d_float_int64_t	SIMT/Indexing/gather/gather_simt_5d_float_int64_t.mlir	1	SIMT	Vector/SIMTGatherUBToUB.aiv.c310.bc	meta_op.aiv.c310.bc
3	SIMT/Indexing/gather	gather_simt_5d_half_int32_t	SIMT/Indexing/gather/gather_simt_5d_half_int32_t.mlir	1	SIMT	Vector/SIMTGatherUBToUB.aiv.c310.bc	meta_op.aiv.c310.bc
3	SIMT/Indexing/gather	gather_simt_5d_half_int64_t	SIMT/Indexing/gather/gather_simt_5d_half_int64_t.mlir	1	SIMT	Vector/SIMTGatherUBToUB.aiv.c310.bc	meta_op.aiv.c310.bc
3	SIMT/Indexing/gather	gather_simt_5d_int16_t_int32_t	SIMT/Indexing/gather/gather_simt_5d_int16_t_int32_t.mlir	1	SIMT	Vector/SIMTGatherUBToUB.aiv.c310.bc	meta_op.aiv.c310.bc
3	SIMT/Indexing/gather	gather_simt_5d_int16_t_int64_t	SIMT/Indexing/gather/gather_simt_5d_int16_t_int64_t.mlir	1	SIMT	Vector/SIMTGatherUBToUB.aiv.c310.bc	meta_op.aiv.c310.bc
3	SIMT/Indexing/gather	gather_simt_5d_int32_t_int32_t	SIMT/Indexing/gather/gather_simt_5d_int32_t_int32_t.mlir	1	SIMT	Vector/SIMTGatherUBToUB.aiv.c310.bc	meta_op.aiv.c310.bc
3	SIMT/Indexing/gather	gather_simt_5d_int32_t_int64_t	SIMT/Indexing/gather/gather_simt_5d_int32_t_int64_t.mlir	1	SIMT	Vector/SIMTGatherUBToUB.aiv.c310.bc	meta_op.aiv.c310.bc
3	SIMT/Indexing/gather	gather_simt_5d_int8_t_int32_t	SIMT/Indexing/gather/gather_simt_5d_int8_t_int32_t.mlir	1	SIMT	Vector/SIMTGatherUBToUB.aiv.c310.bc	meta_op.aiv.c310.bc
3	SIMT/Indexing/gather	gather_simt_5d_int8_t_int64_t	SIMT/Indexing/gather/gather_simt_5d_int8_t_int64_t.mlir	1	SIMT	Vector/SIMTGatherUBToUB.aiv.c310.bc	meta_op.aiv.c310.bc
3	SIMT/Indexing/gather	gather_simt_5d_uint16_t_int32_t	SIMT/Indexing/gather/gather_simt_5d_uint16_t_int32_t.mlir	1	SIMT	Vector/SIMTGatherUBToUB.aiv.c310.bc	meta_op.aiv.c310.bc
3	SIMT/Indexing/gather	gather_simt_5d_uint16_t_int64_t	SIMT/Indexing/gather/gather_simt_5d_uint16_t_int64_t.mlir	1	SIMT	Vector/SIMTGatherUBToUB.aiv.c310.bc	meta_op.aiv.c310.bc
3	SIMT/Indexing/gather	gather_simt_5d_uint32_t_int32_t	SIMT/Indexing/gather/gather_simt_5d_uint32_t_int32_t.mlir	1	SIMT	Vector/SIMTGatherUBToUB.aiv.c310.bc	meta_op.aiv.c310.bc
3	SIMT/Indexing/gather	gather_simt_5d_uint32_t_int64_t	SIMT/Indexing/gather/gather_simt_5d_uint32_t_int64_t.mlir	1	SIMT	Vector/SIMTGatherUBToUB.aiv.c310.bc	meta_op.aiv.c310.bc
3	SIMT/Indexing/gather	gather_simt_5d_uint8_t_int32_t	SIMT/Indexing/gather/gather_simt_5d_uint8_t_int32_t.mlir	1	SIMT	Vector/SIMTGatherUBToUB.aiv.c310.bc	meta_op.aiv.c310.bc
3	SIMT/Indexing/gather	gather_simt_5d_uint8_t_int64_t	SIMT/Indexing/gather/gather_simt_5d_uint8_t_int64_t.mlir	1	SIMT	Vector/SIMTGatherUBToUB.aiv.c310.bc	meta_op.aiv.c310.bc
3	SIMT/Indexing/index-put	index_put_2d_bfloat16_t_int32_t	SIMT/Indexing/index-put/index_put_2d_bfloat16_t_int32_t.mlir	1	SIMT	Vector/SIMTIndexPut.aiv.c310.bc	meta_op.aiv.c310.bc
3	SIMT/Indexing/index-put	index_put_2d_bfloat16_t_int64_t	SIMT/Indexing/index-put/index_put_2d_bfloat16_t_int64_t.mlir	1	SIMT	Vector/SIMTIndexPut.aiv.c310.bc	meta_op.aiv.c310.bc
3	SIMT/Indexing/index-put	index_put_2d_float_int32_t	SIMT/Indexing/index-put/index_put_2d_float_int32_t.mlir	1	SIMT	Vector/SIMTIndexPut.aiv.c310.bc	meta_op.aiv.c310.bc
3	SIMT/Indexing/index-put	index_put_2d_float_int64_t	SIMT/Indexing/index-put/index_put_2d_float_int64_t.mlir	1	SIMT	Vector/SIMTIndexPut.aiv.c310.bc	meta_op.aiv.c310.bc
3	SIMT/Indexing/index-put	index_put_2d_half_int32_t	SIMT/Indexing/index-put/index_put_2d_half_int32_t.mlir	1	SIMT	Vector/SIMTIndexPut.aiv.c310.bc	meta_op.aiv.c310.bc
3	SIMT/Indexing/index-put	index_put_2d_half_int64_t	SIMT/Indexing/index-put/index_put_2d_half_int64_t.mlir	1	SIMT	Vector/SIMTIndexPut.aiv.c310.bc	meta_op.aiv.c310.bc
3	SIMT/Indexing/index-put	index_put_3d_bfloat16_t_int32_t	SIMT/Indexing/index-put/index_put_3d_bfloat16_t_int32_t.mlir	1	SIMT	Vector/SIMTIndexPut.aiv.c310.bc	meta_op.aiv.c310.bc
3	SIMT/Indexing/index-put	index_put_3d_bfloat16_t_int64_t	SIMT/Indexing/index-put/index_put_3d_bfloat16_t_int64_t.mlir	1	SIMT	Vector/SIMTIndexPut.aiv.c310.bc	meta_op.aiv.c310.bc
3	SIMT/Indexing/index-put	index_put_3d_float_int32_t	SIMT/Indexing/index-put/index_put_3d_float_int32_t.mlir	1	SIMT	Vector/SIMTIndexPut.aiv.c310.bc	meta_op.aiv.c310.bc
3	SIMT/Indexing/index-put	index_put_3d_float_int64_t	SIMT/Indexing/index-put/index_put_3d_float_int64_t.mlir	1	SIMT	Vector/SIMTIndexPut.aiv.c310.bc	meta_op.aiv.c310.bc
3	SIMT/Indexing/index-put	index_put_3d_half_int32_t	SIMT/Indexing/index-put/index_put_3d_half_int32_t.mlir	1	SIMT	Vector/SIMTIndexPut.aiv.c310.bc	meta_op.aiv.c310.bc
3	SIMT/Indexing/index-put	index_put_3d_half_int64_t	SIMT/Indexing/index-put/index_put_3d_half_int64_t.mlir	1	SIMT	Vector/SIMTIndexPut.aiv.c310.bc	meta_op.aiv.c310.bc
3	SIMT/Indexing/index-put	index_put_4d_bfloat16_t_int32_t	SIMT/Indexing/index-put/index_put_4d_bfloat16_t_int32_t.mlir	1	SIMT	Vector/SIMTIndexPut.aiv.c310.bc	meta_op.aiv.c310.bc
3	SIMT/Indexing/index-put	index_put_4d_bfloat16_t_int64_t	SIMT/Indexing/index-put/index_put_4d_bfloat16_t_int64_t.mlir	1	SIMT	Vector/SIMTIndexPut.aiv.c310.bc	meta_op.aiv.c310.bc
3	SIMT/Indexing/index-put	index_put_4d_float_int32_t	SIMT/Indexing/index-put/index_put_4d_float_int32_t.mlir	1	SIMT	Vector/SIMTIndexPut.aiv.c310.bc	meta_op.aiv.c310.bc
3	SIMT/Indexing/index-put	index_put_4d_float_int64_t	SIMT/Indexing/index-put/index_put_4d_float_int64_t.mlir	1	SIMT	Vector/SIMTIndexPut.aiv.c310.bc	meta_op.aiv.c310.bc
3	SIMT/Indexing/index-put	index_put_4d_half_int32_t	SIMT/Indexing/index-put/index_put_4d_half_int32_t.mlir	1	SIMT	Vector/SIMTIndexPut.aiv.c310.bc	meta_op.aiv.c310.bc
3	SIMT/Indexing/index-put	index_put_4d_half_int64_t	SIMT/Indexing/index-put/index_put_4d_half_int64_t.mlir	1	SIMT	Vector/SIMTIndexPut.aiv.c310.bc	meta_op.aiv.c310.bc
3	SIMT/Indexing/index-put	index_put_5d_bfloat16_t_int32_t	SIMT/Indexing/index-put/index_put_5d_bfloat16_t_int32_t.mlir	1	SIMT	Vector/SIMTIndexPut.aiv.c310.bc	meta_op.aiv.c310.bc
3	SIMT/Indexing/index-put	index_put_5d_bfloat16_t_int64_t	SIMT/Indexing/index-put/index_put_5d_bfloat16_t_int64_t.mlir	1	SIMT	Vector/SIMTIndexPut.aiv.c310.bc	meta_op.aiv.c310.bc
3	SIMT/Indexing/index-put	index_put_5d_float_int32_t	SIMT/Indexing/index-put/index_put_5d_float_int32_t.mlir	1	SIMT	Vector/SIMTIndexPut.aiv.c310.bc	meta_op.aiv.c310.bc
3	SIMT/Indexing/index-put	index_put_5d_float_int64_t	SIMT/Indexing/index-put/index_put_5d_float_int64_t.mlir	1	SIMT	Vector/SIMTIndexPut.aiv.c310.bc	meta_op.aiv.c310.bc
3	SIMT/Indexing/index-put	index_put_5d_half_int32_t	SIMT/Indexing/index-put/index_put_5d_half_int32_t.mlir	1	SIMT	Vector/SIMTIndexPut.aiv.c310.bc	meta_op.aiv.c310.bc
3	SIMT/Indexing/index-put	index_put_5d_half_int64_t	SIMT/Indexing/index-put/index_put_5d_half_int64_t.mlir	1	SIMT	Vector/SIMTIndexPut.aiv.c310.bc	meta_op.aiv.c310.bc
3	SIMT/Indexing/scatter	scatter_ub_to_out_1d_bfloat16_t_int32_t	SIMT/Indexing/scatter/scatter_ub_to_out_1d_bfloat16_t_int32_t.mlir	1	SIMT	Vector/SIMTScatterUBToOut.aiv.c310.bc	meta_op.aiv.c310.bc
3	SIMT/Indexing/scatter	scatter_ub_to_out_1d_bfloat16_t_int64_t	SIMT/Indexing/scatter/scatter_ub_to_out_1d_bfloat16_t_int64_t.mlir	1	SIMT	Vector/SIMTScatterUBToOut.aiv.c310.bc	meta_op.aiv.c310.bc
3	SIMT/Indexing/scatter	scatter_ub_to_out_1d_float16_t_int32_t	SIMT/Indexing/scatter/scatter_ub_to_out_1d_float16_t_int32_t.mlir	1	SIMT	Vector/SIMTScatterUBToOut.aiv.c310.bc	meta_op.aiv.c310.bc
3	SIMT/Indexing/scatter	scatter_ub_to_out_1d_float16_t_int64_t	SIMT/Indexing/scatter/scatter_ub_to_out_1d_float16_t_int64_t.mlir	1	SIMT	Vector/SIMTScatterUBToOut.aiv.c310.bc	meta_op.aiv.c310.bc
3	SIMT/Indexing/scatter	scatter_ub_to_out_1d_float_int32_t	SIMT/Indexing/scatter/scatter_ub_to_out_1d_float_int32_t.mlir	1	SIMT	Vector/SIMTScatterUBToOut.aiv.c310.bc	meta_op.aiv.c310.bc
3	SIMT/Indexing/scatter	scatter_ub_to_out_1d_float_int64_t	SIMT/Indexing/scatter/scatter_ub_to_out_1d_float_int64_t.mlir	1	SIMT	Vector/SIMTScatterUBToOut.aiv.c310.bc	meta_op.aiv.c310.bc
3	SIMT/Indexing/scatter	scatter_ub_to_out_1d_half_int32_t	SIMT/Indexing/scatter/scatter_ub_to_out_1d_half_int32_t.mlir	1	SIMT	Vector/SIMTScatterUBToOut.aiv.c310.bc	meta_op.aiv.c310.bc
3	SIMT/Indexing/scatter	scatter_ub_to_out_1d_half_int64_t	SIMT/Indexing/scatter/scatter_ub_to_out_1d_half_int64_t.mlir	1	SIMT	Vector/SIMTScatterUBToOut.aiv.c310.bc	meta_op.aiv.c310.bc
3	SIMT/Indexing/scatter	scatter_ub_to_out_2d_bfloat16_t_int32_t	SIMT/Indexing/scatter/scatter_ub_to_out_2d_bfloat16_t_int32_t.mlir	1	SIMT	Vector/SIMTScatterUBToOut.aiv.c310.bc	meta_op.aiv.c310.bc
3	SIMT/Indexing/scatter	scatter_ub_to_out_2d_bfloat16_t_int64_t	SIMT/Indexing/scatter/scatter_ub_to_out_2d_bfloat16_t_int64_t.mlir	1	SIMT	Vector/SIMTScatterUBToOut.aiv.c310.bc	meta_op.aiv.c310.bc
3	SIMT/Indexing/scatter	scatter_ub_to_out_2d_float16_t_int32_t	SIMT/Indexing/scatter/scatter_ub_to_out_2d_float16_t_int32_t.mlir	1	SIMT	Vector/SIMTScatterUBToOut.aiv.c310.bc	meta_op.aiv.c310.bc
3	SIMT/Indexing/scatter	scatter_ub_to_out_2d_float16_t_int64_t	SIMT/Indexing/scatter/scatter_ub_to_out_2d_float16_t_int64_t.mlir	1	SIMT	Vector/SIMTScatterUBToOut.aiv.c310.bc	meta_op.aiv.c310.bc
3	SIMT/Indexing/scatter	scatter_ub_to_out_2d_float_int32_t	SIMT/Indexing/scatter/scatter_ub_to_out_2d_float_int32_t.mlir	1	SIMT	Vector/SIMTScatterUBToOut.aiv.c310.bc	meta_op.aiv.c310.bc
3	SIMT/Indexing/scatter	scatter_ub_to_out_2d_float_int64_t	SIMT/Indexing/scatter/scatter_ub_to_out_2d_float_int64_t.mlir	1	SIMT	Vector/SIMTScatterUBToOut.aiv.c310.bc	meta_op.aiv.c310.bc
3	SIMT/Indexing/scatter	scatter_ub_to_out_2d_half_int32_t	SIMT/Indexing/scatter/scatter_ub_to_out_2d_half_int32_t.mlir	1	SIMT	Vector/SIMTScatterUBToOut.aiv.c310.bc	meta_op.aiv.c310.bc
3	SIMT/Indexing/scatter	scatter_ub_to_out_2d_half_int64_t	SIMT/Indexing/scatter/scatter_ub_to_out_2d_half_int64_t.mlir	1	SIMT	Vector/SIMTScatterUBToOut.aiv.c310.bc	meta_op.aiv.c310.bc
3	SIMT/Indexing/scatter	scatter_ub_to_out_3d_bfloat16_t_int32_t	SIMT/Indexing/scatter/scatter_ub_to_out_3d_bfloat16_t_int32_t.mlir	1	SIMT	Vector/SIMTScatterUBToOut.aiv.c310.bc	meta_op.aiv.c310.bc
3	SIMT/Indexing/scatter	scatter_ub_to_out_3d_bfloat16_t_int64_t	SIMT/Indexing/scatter/scatter_ub_to_out_3d_bfloat16_t_int64_t.mlir	1	SIMT	Vector/SIMTScatterUBToOut.aiv.c310.bc	meta_op.aiv.c310.bc
3	SIMT/Indexing/scatter	scatter_ub_to_out_3d_float16_t_int32_t	SIMT/Indexing/scatter/scatter_ub_to_out_3d_float16_t_int32_t.mlir	1	SIMT	Vector/SIMTScatterUBToOut.aiv.c310.bc	meta_op.aiv.c310.bc
3	SIMT/Indexing/scatter	scatter_ub_to_out_3d_float16_t_int64_t	SIMT/Indexing/scatter/scatter_ub_to_out_3d_float16_t_int64_t.mlir	1	SIMT	Vector/SIMTScatterUBToOut.aiv.c310.bc	meta_op.aiv.c310.bc
3	SIMT/Indexing/scatter	scatter_ub_to_out_3d_float_int32_t	SIMT/Indexing/scatter/scatter_ub_to_out_3d_float_int32_t.mlir	1	SIMT	Vector/SIMTScatterUBToOut.aiv.c310.bc	meta_op.aiv.c310.bc
3	SIMT/Indexing/scatter	scatter_ub_to_out_3d_float_int64_t	SIMT/Indexing/scatter/scatter_ub_to_out_3d_float_int64_t.mlir	1	SIMT	Vector/SIMTScatterUBToOut.aiv.c310.bc	meta_op.aiv.c310.bc
3	SIMT/Indexing/scatter	scatter_ub_to_out_3d_half_int32_t	SIMT/Indexing/scatter/scatter_ub_to_out_3d_half_int32_t.mlir	1	SIMT	Vector/SIMTScatterUBToOut.aiv.c310.bc	meta_op.aiv.c310.bc
3	SIMT/Indexing/scatter	scatter_ub_to_out_3d_half_int64_t	SIMT/Indexing/scatter/scatter_ub_to_out_3d_half_int64_t.mlir	1	SIMT	Vector/SIMTScatterUBToOut.aiv.c310.bc	meta_op.aiv.c310.bc
3	SIMT/Indexing/scatter	scatter_ub_to_out_4d_bfloat16_t_int32_t	SIMT/Indexing/scatter/scatter_ub_to_out_4d_bfloat16_t_int32_t.mlir	1	SIMT	Vector/SIMTScatterUBToOut.aiv.c310.bc	meta_op.aiv.c310.bc
3	SIMT/Indexing/scatter	scatter_ub_to_out_4d_bfloat16_t_int64_t	SIMT/Indexing/scatter/scatter_ub_to_out_4d_bfloat16_t_int64_t.mlir	1	SIMT	Vector/SIMTScatterUBToOut.aiv.c310.bc	meta_op.aiv.c310.bc
3	SIMT/Indexing/scatter	scatter_ub_to_out_4d_float16_t_int32_t	SIMT/Indexing/scatter/scatter_ub_to_out_4d_float16_t_int32_t.mlir	1	SIMT	Vector/SIMTScatterUBToOut.aiv.c310.bc	meta_op.aiv.c310.bc
3	SIMT/Indexing/scatter	scatter_ub_to_out_4d_float16_t_int64_t	SIMT/Indexing/scatter/scatter_ub_to_out_4d_float16_t_int64_t.mlir	1	SIMT	Vector/SIMTScatterUBToOut.aiv.c310.bc	meta_op.aiv.c310.bc
3	SIMT/Indexing/scatter	scatter_ub_to_out_4d_float_int32_t	SIMT/Indexing/scatter/scatter_ub_to_out_4d_float_int32_t.mlir	1	SIMT	Vector/SIMTScatterUBToOut.aiv.c310.bc	meta_op.aiv.c310.bc
3	SIMT/Indexing/scatter	scatter_ub_to_out_4d_float_int64_t	SIMT/Indexing/scatter/scatter_ub_to_out_4d_float_int64_t.mlir	1	SIMT	Vector/SIMTScatterUBToOut.aiv.c310.bc	meta_op.aiv.c310.bc
3	SIMT/Indexing/scatter	scatter_ub_to_out_4d_half_int32_t	SIMT/Indexing/scatter/scatter_ub_to_out_4d_half_int32_t.mlir	1	SIMT	Vector/SIMTScatterUBToOut.aiv.c310.bc	meta_op.aiv.c310.bc
3	SIMT/Indexing/scatter	scatter_ub_to_out_4d_half_int64_t	SIMT/Indexing/scatter/scatter_ub_to_out_4d_half_int64_t.mlir	1	SIMT	Vector/SIMTScatterUBToOut.aiv.c310.bc	meta_op.aiv.c310.bc
3	SIMT/Indexing/scatter	scatter_ub_to_out_5d_bfloat16_t_int32_t	SIMT/Indexing/scatter/scatter_ub_to_out_5d_bfloat16_t_int32_t.mlir	1	SIMT	Vector/SIMTScatterUBToOut.aiv.c310.bc	meta_op.aiv.c310.bc
3	SIMT/Indexing/scatter	scatter_ub_to_out_5d_bfloat16_t_int64_t	SIMT/Indexing/scatter/scatter_ub_to_out_5d_bfloat16_t_int64_t.mlir	1	SIMT	Vector/SIMTScatterUBToOut.aiv.c310.bc	meta_op.aiv.c310.bc
3	SIMT/Indexing/scatter	scatter_ub_to_out_5d_float16_t_int32_t	SIMT/Indexing/scatter/scatter_ub_to_out_5d_float16_t_int32_t.mlir	1	SIMT	Vector/SIMTScatterUBToOut.aiv.c310.bc	meta_op.aiv.c310.bc
3	SIMT/Indexing/scatter	scatter_ub_to_out_5d_float16_t_int64_t	SIMT/Indexing/scatter/scatter_ub_to_out_5d_float16_t_int64_t.mlir	1	SIMT	Vector/SIMTScatterUBToOut.aiv.c310.bc	meta_op.aiv.c310.bc
3	SIMT/Indexing/scatter	scatter_ub_to_out_5d_float_int32_t	SIMT/Indexing/scatter/scatter_ub_to_out_5d_float_int32_t.mlir	1	SIMT	Vector/SIMTScatterUBToOut.aiv.c310.bc	meta_op.aiv.c310.bc
3	SIMT/Indexing/scatter	scatter_ub_to_out_5d_float_int64_t	SIMT/Indexing/scatter/scatter_ub_to_out_5d_float_int64_t.mlir	1	SIMT	Vector/SIMTScatterUBToOut.aiv.c310.bc	meta_op.aiv.c310.bc
3	SIMT/Indexing/scatter	scatter_ub_to_out_5d_half_int32_t	SIMT/Indexing/scatter/scatter_ub_to_out_5d_half_int32_t.mlir	1	SIMT	Vector/SIMTScatterUBToOut.aiv.c310.bc	meta_op.aiv.c310.bc
3	SIMT/Indexing/scatter	scatter_ub_to_out_5d_half_int64_t	SIMT/Indexing/scatter/scatter_ub_to_out_5d_half_int64_t.mlir	1	SIMT	Vector/SIMTScatterUBToOut.aiv.c310.bc	meta_op.aiv.c310.bc
3	SIMT/Indexing/select-high-rank	index_select_4d_bfloat16_t_1d_int32_t	SIMT/Indexing/select-high-rank/index_select_4d_bfloat16_t_1d_int32_t.mlir	1	SIMT	Vector/SIMTIndexSelect.aiv.c310.bc	meta_op.aiv.c310.bc
3	SIMT/Indexing/select-high-rank	index_select_4d_bfloat16_t_1d_int64_t	SIMT/Indexing/select-high-rank/index_select_4d_bfloat16_t_1d_int64_t.mlir	1	SIMT	Vector/SIMTIndexSelect.aiv.c310.bc	meta_op.aiv.c310.bc
3	SIMT/Indexing/select-high-rank	index_select_4d_bfloat16_t_2d_int32_t	SIMT/Indexing/select-high-rank/index_select_4d_bfloat16_t_2d_int32_t.mlir	1	SIMT	Vector/SIMTIndexSelect.aiv.c310.bc	meta_op.aiv.c310.bc
3	SIMT/Indexing/select-high-rank	index_select_4d_bfloat16_t_2d_int64_t	SIMT/Indexing/select-high-rank/index_select_4d_bfloat16_t_2d_int64_t.mlir	1	SIMT	Vector/SIMTIndexSelect.aiv.c310.bc	meta_op.aiv.c310.bc
3	SIMT/Indexing/select-high-rank	index_select_4d_float_1d_int32_t	SIMT/Indexing/select-high-rank/index_select_4d_float_1d_int32_t.mlir	1	SIMT	Vector/SIMTIndexSelect.aiv.c310.bc	meta_op.aiv.c310.bc
3	SIMT/Indexing/select-high-rank	index_select_4d_float_1d_int64_t	SIMT/Indexing/select-high-rank/index_select_4d_float_1d_int64_t.mlir	1	SIMT	Vector/SIMTIndexSelect.aiv.c310.bc	meta_op.aiv.c310.bc
3	SIMT/Indexing/select-high-rank	index_select_4d_float_2d_int32_t	SIMT/Indexing/select-high-rank/index_select_4d_float_2d_int32_t.mlir	1	SIMT	Vector/SIMTIndexSelect.aiv.c310.bc	meta_op.aiv.c310.bc
3	SIMT/Indexing/select-high-rank	index_select_4d_float_2d_int64_t	SIMT/Indexing/select-high-rank/index_select_4d_float_2d_int64_t.mlir	1	SIMT	Vector/SIMTIndexSelect.aiv.c310.bc	meta_op.aiv.c310.bc
3	SIMT/Indexing/select-high-rank	index_select_4d_half_1d_int32_t	SIMT/Indexing/select-high-rank/index_select_4d_half_1d_int32_t.mlir	1	SIMT	Vector/SIMTIndexSelect.aiv.c310.bc	meta_op.aiv.c310.bc
3	SIMT/Indexing/select-high-rank	index_select_4d_half_1d_int64_t	SIMT/Indexing/select-high-rank/index_select_4d_half_1d_int64_t.mlir	1	SIMT	Vector/SIMTIndexSelect.aiv.c310.bc	meta_op.aiv.c310.bc
3	SIMT/Indexing/select-high-rank	index_select_4d_half_2d_int32_t	SIMT/Indexing/select-high-rank/index_select_4d_half_2d_int32_t.mlir	1	SIMT	Vector/SIMTIndexSelect.aiv.c310.bc	meta_op.aiv.c310.bc
3	SIMT/Indexing/select-high-rank	index_select_4d_half_2d_int64_t	SIMT/Indexing/select-high-rank/index_select_4d_half_2d_int64_t.mlir	1	SIMT	Vector/SIMTIndexSelect.aiv.c310.bc	meta_op.aiv.c310.bc
3	SIMT/Indexing/select-high-rank	index_select_4d_int16_t_1d_int32_t	SIMT/Indexing/select-high-rank/index_select_4d_int16_t_1d_int32_t.mlir	1	SIMT	Vector/SIMTIndexSelect.aiv.c310.bc	meta_op.aiv.c310.bc
3	SIMT/Indexing/select-high-rank	index_select_4d_int16_t_1d_int64_t	SIMT/Indexing/select-high-rank/index_select_4d_int16_t_1d_int64_t.mlir	1	SIMT	Vector/SIMTIndexSelect.aiv.c310.bc	meta_op.aiv.c310.bc
3	SIMT/Indexing/select-high-rank	index_select_4d_int16_t_2d_int32_t	SIMT/Indexing/select-high-rank/index_select_4d_int16_t_2d_int32_t.mlir	1	SIMT	Vector/SIMTIndexSelect.aiv.c310.bc	meta_op.aiv.c310.bc
3	SIMT/Indexing/select-high-rank	index_select_4d_int16_t_2d_int64_t	SIMT/Indexing/select-high-rank/index_select_4d_int16_t_2d_int64_t.mlir	1	SIMT	Vector/SIMTIndexSelect.aiv.c310.bc	meta_op.aiv.c310.bc
3	SIMT/Indexing/select-high-rank	index_select_4d_int32_t_1d_int32_t	SIMT/Indexing/select-high-rank/index_select_4d_int32_t_1d_int32_t.mlir	1	SIMT	Vector/SIMTIndexSelect.aiv.c310.bc	meta_op.aiv.c310.bc
3	SIMT/Indexing/select-high-rank	index_select_4d_int32_t_1d_int64_t	SIMT/Indexing/select-high-rank/index_select_4d_int32_t_1d_int64_t.mlir	1	SIMT	Vector/SIMTIndexSelect.aiv.c310.bc	meta_op.aiv.c310.bc
3	SIMT/Indexing/select-high-rank	index_select_4d_int32_t_2d_int32_t	SIMT/Indexing/select-high-rank/index_select_4d_int32_t_2d_int32_t.mlir	1	SIMT	Vector/SIMTIndexSelect.aiv.c310.bc	meta_op.aiv.c310.bc
3	SIMT/Indexing/select-high-rank	index_select_4d_int32_t_2d_int64_t	SIMT/Indexing/select-high-rank/index_select_4d_int32_t_2d_int64_t.mlir	1	SIMT	Vector/SIMTIndexSelect.aiv.c310.bc	meta_op.aiv.c310.bc
3	SIMT/Indexing/select-high-rank	index_select_4d_int64_t_1d_int32_t	SIMT/Indexing/select-high-rank/index_select_4d_int64_t_1d_int32_t.mlir	1	SIMT	Vector/SIMTIndexSelect.aiv.c310.bc	meta_op.aiv.c310.bc
3	SIMT/Indexing/select-high-rank	index_select_4d_int64_t_1d_int64_t	SIMT/Indexing/select-high-rank/index_select_4d_int64_t_1d_int64_t.mlir	1	SIMT	Vector/SIMTIndexSelect.aiv.c310.bc	meta_op.aiv.c310.bc
3	SIMT/Indexing/select-high-rank	index_select_4d_int64_t_2d_int32_t	SIMT/Indexing/select-high-rank/index_select_4d_int64_t_2d_int32_t.mlir	1	SIMT	Vector/SIMTIndexSelect.aiv.c310.bc	meta_op.aiv.c310.bc
3	SIMT/Indexing/select-high-rank	index_select_4d_int64_t_2d_int64_t	SIMT/Indexing/select-high-rank/index_select_4d_int64_t_2d_int64_t.mlir	1	SIMT	Vector/SIMTIndexSelect.aiv.c310.bc	meta_op.aiv.c310.bc
3	SIMT/Indexing/select-high-rank	index_select_4d_int8_t_1d_int32_t	SIMT/Indexing/select-high-rank/index_select_4d_int8_t_1d_int32_t.mlir	1	SIMT	Vector/SIMTIndexSelect.aiv.c310.bc	meta_op.aiv.c310.bc
3	SIMT/Indexing/select-high-rank	index_select_4d_int8_t_1d_int64_t	SIMT/Indexing/select-high-rank/index_select_4d_int8_t_1d_int64_t.mlir	1	SIMT	Vector/SIMTIndexSelect.aiv.c310.bc	meta_op.aiv.c310.bc
3	SIMT/Indexing/select-high-rank	index_select_4d_int8_t_2d_int32_t	SIMT/Indexing/select-high-rank/index_select_4d_int8_t_2d_int32_t.mlir	1	SIMT	Vector/SIMTIndexSelect.aiv.c310.bc	meta_op.aiv.c310.bc
3	SIMT/Indexing/select-high-rank	index_select_4d_int8_t_2d_int64_t	SIMT/Indexing/select-high-rank/index_select_4d_int8_t_2d_int64_t.mlir	1	SIMT	Vector/SIMTIndexSelect.aiv.c310.bc	meta_op.aiv.c310.bc
3	SIMT/Indexing/select-high-rank	index_select_4d_uint16_t_1d_int32_t	SIMT/Indexing/select-high-rank/index_select_4d_uint16_t_1d_int32_t.mlir	1	SIMT	Vector/SIMTIndexSelect.aiv.c310.bc	meta_op.aiv.c310.bc
3	SIMT/Indexing/select-high-rank	index_select_4d_uint16_t_1d_int64_t	SIMT/Indexing/select-high-rank/index_select_4d_uint16_t_1d_int64_t.mlir	1	SIMT	Vector/SIMTIndexSelect.aiv.c310.bc	meta_op.aiv.c310.bc
3	SIMT/Indexing/select-high-rank	index_select_4d_uint16_t_2d_int32_t	SIMT/Indexing/select-high-rank/index_select_4d_uint16_t_2d_int32_t.mlir	1	SIMT	Vector/SIMTIndexSelect.aiv.c310.bc	meta_op.aiv.c310.bc
3	SIMT/Indexing/select-high-rank	index_select_4d_uint16_t_2d_int64_t	SIMT/Indexing/select-high-rank/index_select_4d_uint16_t_2d_int64_t.mlir	1	SIMT	Vector/SIMTIndexSelect.aiv.c310.bc	meta_op.aiv.c310.bc
3	SIMT/Indexing/select-high-rank	index_select_4d_uint32_t_1d_int32_t	SIMT/Indexing/select-high-rank/index_select_4d_uint32_t_1d_int32_t.mlir	1	SIMT	Vector/SIMTIndexSelect.aiv.c310.bc	meta_op.aiv.c310.bc
3	SIMT/Indexing/select-high-rank	index_select_4d_uint32_t_1d_int64_t	SIMT/Indexing/select-high-rank/index_select_4d_uint32_t_1d_int64_t.mlir	1	SIMT	Vector/SIMTIndexSelect.aiv.c310.bc	meta_op.aiv.c310.bc
3	SIMT/Indexing/select-high-rank	index_select_4d_uint32_t_2d_int32_t	SIMT/Indexing/select-high-rank/index_select_4d_uint32_t_2d_int32_t.mlir	1	SIMT	Vector/SIMTIndexSelect.aiv.c310.bc	meta_op.aiv.c310.bc
3	SIMT/Indexing/select-high-rank	index_select_4d_uint32_t_2d_int64_t	SIMT/Indexing/select-high-rank/index_select_4d_uint32_t_2d_int64_t.mlir	1	SIMT	Vector/SIMTIndexSelect.aiv.c310.bc	meta_op.aiv.c310.bc
3	SIMT/Indexing/select-high-rank	index_select_4d_uint64_t_1d_int32_t	SIMT/Indexing/select-high-rank/index_select_4d_uint64_t_1d_int32_t.mlir	1	SIMT	Vector/SIMTIndexSelect.aiv.c310.bc	meta_op.aiv.c310.bc
3	SIMT/Indexing/select-high-rank	index_select_4d_uint64_t_1d_int64_t	SIMT/Indexing/select-high-rank/index_select_4d_uint64_t_1d_int64_t.mlir	1	SIMT	Vector/SIMTIndexSelect.aiv.c310.bc	meta_op.aiv.c310.bc
3	SIMT/Indexing/select-high-rank	index_select_4d_uint64_t_2d_int32_t	SIMT/Indexing/select-high-rank/index_select_4d_uint64_t_2d_int32_t.mlir	1	SIMT	Vector/SIMTIndexSelect.aiv.c310.bc	meta_op.aiv.c310.bc
3	SIMT/Indexing/select-high-rank	index_select_4d_uint64_t_2d_int64_t	SIMT/Indexing/select-high-rank/index_select_4d_uint64_t_2d_int64_t.mlir	1	SIMT	Vector/SIMTIndexSelect.aiv.c310.bc	meta_op.aiv.c310.bc
3	SIMT/Indexing/select-high-rank	index_select_4d_uint8_t_1d_int32_t	SIMT/Indexing/select-high-rank/index_select_4d_uint8_t_1d_int32_t.mlir	1	SIMT	Vector/SIMTIndexSelect.aiv.c310.bc	meta_op.aiv.c310.bc
3	SIMT/Indexing/select-high-rank	index_select_4d_uint8_t_1d_int64_t	SIMT/Indexing/select-high-rank/index_select_4d_uint8_t_1d_int64_t.mlir	1	SIMT	Vector/SIMTIndexSelect.aiv.c310.bc	meta_op.aiv.c310.bc
3	SIMT/Indexing/select-high-rank	index_select_4d_uint8_t_2d_int32_t	SIMT/Indexing/select-high-rank/index_select_4d_uint8_t_2d_int32_t.mlir	1	SIMT	Vector/SIMTIndexSelect.aiv.c310.bc	meta_op.aiv.c310.bc
3	SIMT/Indexing/select-high-rank	index_select_4d_uint8_t_2d_int64_t	SIMT/Indexing/select-high-rank/index_select_4d_uint8_t_2d_int64_t.mlir	1	SIMT	Vector/SIMTIndexSelect.aiv.c310.bc	meta_op.aiv.c310.bc
3	SIMT/Indexing/select-high-rank	index_select_5d_bfloat16_t_1d_int32_t	SIMT/Indexing/select-high-rank/index_select_5d_bfloat16_t_1d_int32_t.mlir	1	SIMT	Vector/SIMTIndexSelect.aiv.c310.bc	meta_op.aiv.c310.bc
3	SIMT/Indexing/select-high-rank	index_select_5d_bfloat16_t_1d_int64_t	SIMT/Indexing/select-high-rank/index_select_5d_bfloat16_t_1d_int64_t.mlir	1	SIMT	Vector/SIMTIndexSelect.aiv.c310.bc	meta_op.aiv.c310.bc
3	SIMT/Indexing/select-high-rank	index_select_5d_bfloat16_t_2d_int32_t	SIMT/Indexing/select-high-rank/index_select_5d_bfloat16_t_2d_int32_t.mlir	1	SIMT	Vector/SIMTIndexSelect.aiv.c310.bc	meta_op.aiv.c310.bc
3	SIMT/Indexing/select-high-rank	index_select_5d_bfloat16_t_2d_int64_t	SIMT/Indexing/select-high-rank/index_select_5d_bfloat16_t_2d_int64_t.mlir	1	SIMT	Vector/SIMTIndexSelect.aiv.c310.bc	meta_op.aiv.c310.bc
3	SIMT/Indexing/select-high-rank	index_select_5d_float_1d_int32_t	SIMT/Indexing/select-high-rank/index_select_5d_float_1d_int32_t.mlir	1	SIMT	Vector/SIMTIndexSelect.aiv.c310.bc	meta_op.aiv.c310.bc
3	SIMT/Indexing/select-high-rank	index_select_5d_float_1d_int64_t	SIMT/Indexing/select-high-rank/index_select_5d_float_1d_int64_t.mlir	1	SIMT	Vector/SIMTIndexSelect.aiv.c310.bc	meta_op.aiv.c310.bc
3	SIMT/Indexing/select-high-rank	index_select_5d_float_2d_int32_t	SIMT/Indexing/select-high-rank/index_select_5d_float_2d_int32_t.mlir	1	SIMT	Vector/SIMTIndexSelect.aiv.c310.bc	meta_op.aiv.c310.bc
3	SIMT/Indexing/select-high-rank	index_select_5d_float_2d_int64_t	SIMT/Indexing/select-high-rank/index_select_5d_float_2d_int64_t.mlir	1	SIMT	Vector/SIMTIndexSelect.aiv.c310.bc	meta_op.aiv.c310.bc
3	SIMT/Indexing/select-high-rank	index_select_5d_half_1d_int32_t	SIMT/Indexing/select-high-rank/index_select_5d_half_1d_int32_t.mlir	1	SIMT	Vector/SIMTIndexSelect.aiv.c310.bc	meta_op.aiv.c310.bc
3	SIMT/Indexing/select-high-rank	index_select_5d_half_1d_int64_t	SIMT/Indexing/select-high-rank/index_select_5d_half_1d_int64_t.mlir	1	SIMT	Vector/SIMTIndexSelect.aiv.c310.bc	meta_op.aiv.c310.bc
3	SIMT/Indexing/select-high-rank	index_select_5d_half_2d_int32_t	SIMT/Indexing/select-high-rank/index_select_5d_half_2d_int32_t.mlir	1	SIMT	Vector/SIMTIndexSelect.aiv.c310.bc	meta_op.aiv.c310.bc
3	SIMT/Indexing/select-high-rank	index_select_5d_half_2d_int64_t	SIMT/Indexing/select-high-rank/index_select_5d_half_2d_int64_t.mlir	1	SIMT	Vector/SIMTIndexSelect.aiv.c310.bc	meta_op.aiv.c310.bc
3	SIMT/Indexing/select-high-rank	index_select_5d_int16_t_1d_int32_t	SIMT/Indexing/select-high-rank/index_select_5d_int16_t_1d_int32_t.mlir	1	SIMT	Vector/SIMTIndexSelect.aiv.c310.bc	meta_op.aiv.c310.bc
3	SIMT/Indexing/select-high-rank	index_select_5d_int16_t_1d_int64_t	SIMT/Indexing/select-high-rank/index_select_5d_int16_t_1d_int64_t.mlir	1	SIMT	Vector/SIMTIndexSelect.aiv.c310.bc	meta_op.aiv.c310.bc
3	SIMT/Indexing/select-high-rank	index_select_5d_int16_t_2d_int32_t	SIMT/Indexing/select-high-rank/index_select_5d_int16_t_2d_int32_t.mlir	1	SIMT	Vector/SIMTIndexSelect.aiv.c310.bc	meta_op.aiv.c310.bc
3	SIMT/Indexing/select-high-rank	index_select_5d_int16_t_2d_int64_t	SIMT/Indexing/select-high-rank/index_select_5d_int16_t_2d_int64_t.mlir	1	SIMT	Vector/SIMTIndexSelect.aiv.c310.bc	meta_op.aiv.c310.bc
3	SIMT/Indexing/select-high-rank	index_select_5d_int32_t_1d_int32_t	SIMT/Indexing/select-high-rank/index_select_5d_int32_t_1d_int32_t.mlir	1	SIMT	Vector/SIMTIndexSelect.aiv.c310.bc	meta_op.aiv.c310.bc
3	SIMT/Indexing/select-high-rank	index_select_5d_int32_t_1d_int64_t	SIMT/Indexing/select-high-rank/index_select_5d_int32_t_1d_int64_t.mlir	1	SIMT	Vector/SIMTIndexSelect.aiv.c310.bc	meta_op.aiv.c310.bc
3	SIMT/Indexing/select-high-rank	index_select_5d_int32_t_2d_int32_t	SIMT/Indexing/select-high-rank/index_select_5d_int32_t_2d_int32_t.mlir	1	SIMT	Vector/SIMTIndexSelect.aiv.c310.bc	meta_op.aiv.c310.bc
3	SIMT/Indexing/select-high-rank	index_select_5d_int32_t_2d_int64_t	SIMT/Indexing/select-high-rank/index_select_5d_int32_t_2d_int64_t.mlir	1	SIMT	Vector/SIMTIndexSelect.aiv.c310.bc	meta_op.aiv.c310.bc
3	SIMT/Indexing/select-high-rank	index_select_5d_int64_t_1d_int32_t	SIMT/Indexing/select-high-rank/index_select_5d_int64_t_1d_int32_t.mlir	1	SIMT	Vector/SIMTIndexSelect.aiv.c310.bc	meta_op.aiv.c310.bc
3	SIMT/Indexing/select-high-rank	index_select_5d_int64_t_1d_int64_t	SIMT/Indexing/select-high-rank/index_select_5d_int64_t_1d_int64_t.mlir	1	SIMT	Vector/SIMTIndexSelect.aiv.c310.bc	meta_op.aiv.c310.bc
3	SIMT/Indexing/select-high-rank	index_select_5d_int64_t_2d_int32_t	SIMT/Indexing/select-high-rank/index_select_5d_int64_t_2d_int32_t.mlir	1	SIMT	Vector/SIMTIndexSelect.aiv.c310.bc	meta_op.aiv.c310.bc
3	SIMT/Indexing/select-high-rank	index_select_5d_int64_t_2d_int64_t	SIMT/Indexing/select-high-rank/index_select_5d_int64_t_2d_int64_t.mlir	1	SIMT	Vector/SIMTIndexSelect.aiv.c310.bc	meta_op.aiv.c310.bc
3	SIMT/Indexing/select-high-rank	index_select_5d_int8_t_1d_int32_t	SIMT/Indexing/select-high-rank/index_select_5d_int8_t_1d_int32_t.mlir	1	SIMT	Vector/SIMTIndexSelect.aiv.c310.bc	meta_op.aiv.c310.bc
3	SIMT/Indexing/select-high-rank	index_select_5d_int8_t_1d_int64_t	SIMT/Indexing/select-high-rank/index_select_5d_int8_t_1d_int64_t.mlir	1	SIMT	Vector/SIMTIndexSelect.aiv.c310.bc	meta_op.aiv.c310.bc
3	SIMT/Indexing/select-high-rank	index_select_5d_int8_t_2d_int32_t	SIMT/Indexing/select-high-rank/index_select_5d_int8_t_2d_int32_t.mlir	1	SIMT	Vector/SIMTIndexSelect.aiv.c310.bc	meta_op.aiv.c310.bc
3	SIMT/Indexing/select-high-rank	index_select_5d_int8_t_2d_int64_t	SIMT/Indexing/select-high-rank/index_select_5d_int8_t_2d_int64_t.mlir	1	SIMT	Vector/SIMTIndexSelect.aiv.c310.bc	meta_op.aiv.c310.bc
3	SIMT/Indexing/select-high-rank	index_select_5d_uint16_t_1d_int32_t	SIMT/Indexing/select-high-rank/index_select_5d_uint16_t_1d_int32_t.mlir	1	SIMT	Vector/SIMTIndexSelect.aiv.c310.bc	meta_op.aiv.c310.bc
3	SIMT/Indexing/select-high-rank	index_select_5d_uint16_t_1d_int64_t	SIMT/Indexing/select-high-rank/index_select_5d_uint16_t_1d_int64_t.mlir	1	SIMT	Vector/SIMTIndexSelect.aiv.c310.bc	meta_op.aiv.c310.bc
3	SIMT/Indexing/select-high-rank	index_select_5d_uint16_t_2d_int32_t	SIMT/Indexing/select-high-rank/index_select_5d_uint16_t_2d_int32_t.mlir	1	SIMT	Vector/SIMTIndexSelect.aiv.c310.bc	meta_op.aiv.c310.bc
3	SIMT/Indexing/select-high-rank	index_select_5d_uint16_t_2d_int64_t	SIMT/Indexing/select-high-rank/index_select_5d_uint16_t_2d_int64_t.mlir	1	SIMT	Vector/SIMTIndexSelect.aiv.c310.bc	meta_op.aiv.c310.bc
3	SIMT/Indexing/select-high-rank	index_select_5d_uint32_t_1d_int32_t	SIMT/Indexing/select-high-rank/index_select_5d_uint32_t_1d_int32_t.mlir	1	SIMT	Vector/SIMTIndexSelect.aiv.c310.bc	meta_op.aiv.c310.bc
3	SIMT/Indexing/select-high-rank	index_select_5d_uint32_t_1d_int64_t	SIMT/Indexing/select-high-rank/index_select_5d_uint32_t_1d_int64_t.mlir	1	SIMT	Vector/SIMTIndexSelect.aiv.c310.bc	meta_op.aiv.c310.bc
3	SIMT/Indexing/select-high-rank	index_select_5d_uint32_t_2d_int32_t	SIMT/Indexing/select-high-rank/index_select_5d_uint32_t_2d_int32_t.mlir	1	SIMT	Vector/SIMTIndexSelect.aiv.c310.bc	meta_op.aiv.c310.bc
3	SIMT/Indexing/select-high-rank	index_select_5d_uint32_t_2d_int64_t	SIMT/Indexing/select-high-rank/index_select_5d_uint32_t_2d_int64_t.mlir	1	SIMT	Vector/SIMTIndexSelect.aiv.c310.bc	meta_op.aiv.c310.bc
3	SIMT/Indexing/select-high-rank	index_select_5d_uint64_t_1d_int32_t	SIMT/Indexing/select-high-rank/index_select_5d_uint64_t_1d_int32_t.mlir	1	SIMT	Vector/SIMTIndexSelect.aiv.c310.bc	meta_op.aiv.c310.bc
3	SIMT/Indexing/select-high-rank	index_select_5d_uint64_t_1d_int64_t	SIMT/Indexing/select-high-rank/index_select_5d_uint64_t_1d_int64_t.mlir	1	SIMT	Vector/SIMTIndexSelect.aiv.c310.bc	meta_op.aiv.c310.bc
3	SIMT/Indexing/select-high-rank	index_select_5d_uint64_t_2d_int32_t	SIMT/Indexing/select-high-rank/index_select_5d_uint64_t_2d_int32_t.mlir	1	SIMT	Vector/SIMTIndexSelect.aiv.c310.bc	meta_op.aiv.c310.bc
3	SIMT/Indexing/select-high-rank	index_select_5d_uint64_t_2d_int64_t	SIMT/Indexing/select-high-rank/index_select_5d_uint64_t_2d_int64_t.mlir	1	SIMT	Vector/SIMTIndexSelect.aiv.c310.bc	meta_op.aiv.c310.bc
3	SIMT/Indexing/select-high-rank	index_select_5d_uint8_t_1d_int32_t	SIMT/Indexing/select-high-rank/index_select_5d_uint8_t_1d_int32_t.mlir	1	SIMT	Vector/SIMTIndexSelect.aiv.c310.bc	meta_op.aiv.c310.bc
3	SIMT/Indexing/select-high-rank	index_select_5d_uint8_t_1d_int64_t	SIMT/Indexing/select-high-rank/index_select_5d_uint8_t_1d_int64_t.mlir	1	SIMT	Vector/SIMTIndexSelect.aiv.c310.bc	meta_op.aiv.c310.bc
3	SIMT/Indexing/select-high-rank	index_select_5d_uint8_t_2d_int32_t	SIMT/Indexing/select-high-rank/index_select_5d_uint8_t_2d_int32_t.mlir	1	SIMT	Vector/SIMTIndexSelect.aiv.c310.bc	meta_op.aiv.c310.bc
3	SIMT/Indexing/select-high-rank	index_select_5d_uint8_t_2d_int64_t	SIMT/Indexing/select-high-rank/index_select_5d_uint8_t_2d_int64_t.mlir	1	SIMT	Vector/SIMTIndexSelect.aiv.c310.bc	meta_op.aiv.c310.bc
3	SIMT/Indexing/select-low-rank	index_select_2d_bfloat16_t_1d_int32_t	SIMT/Indexing/select-low-rank/index_select_2d_bfloat16_t_1d_int32_t.mlir	1	SIMT	Vector/SIMTIndexSelect.aiv.c310.bc	meta_op.aiv.c310.bc
3	SIMT/Indexing/select-low-rank	index_select_2d_bfloat16_t_1d_int64_t	SIMT/Indexing/select-low-rank/index_select_2d_bfloat16_t_1d_int64_t.mlir	1	SIMT	Vector/SIMTIndexSelect.aiv.c310.bc	meta_op.aiv.c310.bc
3	SIMT/Indexing/select-low-rank	index_select_2d_bfloat16_t_2d_int32_t	SIMT/Indexing/select-low-rank/index_select_2d_bfloat16_t_2d_int32_t.mlir	1	SIMT	Vector/SIMTIndexSelect.aiv.c310.bc	meta_op.aiv.c310.bc
3	SIMT/Indexing/select-low-rank	index_select_2d_bfloat16_t_2d_int64_t	SIMT/Indexing/select-low-rank/index_select_2d_bfloat16_t_2d_int64_t.mlir	1	SIMT	Vector/SIMTIndexSelect.aiv.c310.bc	meta_op.aiv.c310.bc
3	SIMT/Indexing/select-low-rank	index_select_2d_float_1d_int32_t	SIMT/Indexing/select-low-rank/index_select_2d_float_1d_int32_t.mlir	1	SIMT	Vector/SIMTIndexSelect.aiv.c310.bc	meta_op.aiv.c310.bc
3	SIMT/Indexing/select-low-rank	index_select_2d_float_1d_int64_t	SIMT/Indexing/select-low-rank/index_select_2d_float_1d_int64_t.mlir	1	SIMT	Vector/SIMTIndexSelect.aiv.c310.bc	meta_op.aiv.c310.bc
3	SIMT/Indexing/select-low-rank	index_select_2d_float_2d_int32_t	SIMT/Indexing/select-low-rank/index_select_2d_float_2d_int32_t.mlir	1	SIMT	Vector/SIMTIndexSelect.aiv.c310.bc	meta_op.aiv.c310.bc
3	SIMT/Indexing/select-low-rank	index_select_2d_float_2d_int64_t	SIMT/Indexing/select-low-rank/index_select_2d_float_2d_int64_t.mlir	1	SIMT	Vector/SIMTIndexSelect.aiv.c310.bc	meta_op.aiv.c310.bc
3	SIMT/Indexing/select-low-rank	index_select_2d_half_1d_int32_t	SIMT/Indexing/select-low-rank/index_select_2d_half_1d_int32_t.mlir	1	SIMT	Vector/SIMTIndexSelect.aiv.c310.bc	meta_op.aiv.c310.bc
3	SIMT/Indexing/select-low-rank	index_select_2d_half_1d_int64_t	SIMT/Indexing/select-low-rank/index_select_2d_half_1d_int64_t.mlir	1	SIMT	Vector/SIMTIndexSelect.aiv.c310.bc	meta_op.aiv.c310.bc
3	SIMT/Indexing/select-low-rank	index_select_2d_half_2d_int32_t	SIMT/Indexing/select-low-rank/index_select_2d_half_2d_int32_t.mlir	1	SIMT	Vector/SIMTIndexSelect.aiv.c310.bc	meta_op.aiv.c310.bc
3	SIMT/Indexing/select-low-rank	index_select_2d_half_2d_int64_t	SIMT/Indexing/select-low-rank/index_select_2d_half_2d_int64_t.mlir	1	SIMT	Vector/SIMTIndexSelect.aiv.c310.bc	meta_op.aiv.c310.bc
3	SIMT/Indexing/select-low-rank	index_select_2d_int16_t_1d_int32_t	SIMT/Indexing/select-low-rank/index_select_2d_int16_t_1d_int32_t.mlir	1	SIMT	Vector/SIMTIndexSelect.aiv.c310.bc	meta_op.aiv.c310.bc
3	SIMT/Indexing/select-low-rank	index_select_2d_int16_t_1d_int64_t	SIMT/Indexing/select-low-rank/index_select_2d_int16_t_1d_int64_t.mlir	1	SIMT	Vector/SIMTIndexSelect.aiv.c310.bc	meta_op.aiv.c310.bc
3	SIMT/Indexing/select-low-rank	index_select_2d_int16_t_2d_int32_t	SIMT/Indexing/select-low-rank/index_select_2d_int16_t_2d_int32_t.mlir	1	SIMT	Vector/SIMTIndexSelect.aiv.c310.bc	meta_op.aiv.c310.bc
3	SIMT/Indexing/select-low-rank	index_select_2d_int16_t_2d_int64_t	SIMT/Indexing/select-low-rank/index_select_2d_int16_t_2d_int64_t.mlir	1	SIMT	Vector/SIMTIndexSelect.aiv.c310.bc	meta_op.aiv.c310.bc
3	SIMT/Indexing/select-low-rank	index_select_2d_int32_t_1d_int32_t	SIMT/Indexing/select-low-rank/index_select_2d_int32_t_1d_int32_t.mlir	1	SIMT	Vector/SIMTIndexSelect.aiv.c310.bc	meta_op.aiv.c310.bc
3	SIMT/Indexing/select-low-rank	index_select_2d_int32_t_1d_int64_t	SIMT/Indexing/select-low-rank/index_select_2d_int32_t_1d_int64_t.mlir	1	SIMT	Vector/SIMTIndexSelect.aiv.c310.bc	meta_op.aiv.c310.bc
3	SIMT/Indexing/select-low-rank	index_select_2d_int32_t_2d_int32_t	SIMT/Indexing/select-low-rank/index_select_2d_int32_t_2d_int32_t.mlir	1	SIMT	Vector/SIMTIndexSelect.aiv.c310.bc	meta_op.aiv.c310.bc
3	SIMT/Indexing/select-low-rank	index_select_2d_int32_t_2d_int64_t	SIMT/Indexing/select-low-rank/index_select_2d_int32_t_2d_int64_t.mlir	1	SIMT	Vector/SIMTIndexSelect.aiv.c310.bc	meta_op.aiv.c310.bc
3	SIMT/Indexing/select-low-rank	index_select_2d_int64_t_1d_int32_t	SIMT/Indexing/select-low-rank/index_select_2d_int64_t_1d_int32_t.mlir	1	SIMT	Vector/SIMTIndexSelect.aiv.c310.bc	meta_op.aiv.c310.bc
3	SIMT/Indexing/select-low-rank	index_select_2d_int64_t_1d_int64_t	SIMT/Indexing/select-low-rank/index_select_2d_int64_t_1d_int64_t.mlir	1	SIMT	Vector/SIMTIndexSelect.aiv.c310.bc	meta_op.aiv.c310.bc
3	SIMT/Indexing/select-low-rank	index_select_2d_int64_t_2d_int32_t	SIMT/Indexing/select-low-rank/index_select_2d_int64_t_2d_int32_t.mlir	1	SIMT	Vector/SIMTIndexSelect.aiv.c310.bc	meta_op.aiv.c310.bc
3	SIMT/Indexing/select-low-rank	index_select_2d_int64_t_2d_int64_t	SIMT/Indexing/select-low-rank/index_select_2d_int64_t_2d_int64_t.mlir	1	SIMT	Vector/SIMTIndexSelect.aiv.c310.bc	meta_op.aiv.c310.bc
3	SIMT/Indexing/select-low-rank	index_select_2d_int8_t_1d_int32_t	SIMT/Indexing/select-low-rank/index_select_2d_int8_t_1d_int32_t.mlir	1	SIMT	Vector/SIMTIndexSelect.aiv.c310.bc	meta_op.aiv.c310.bc
3	SIMT/Indexing/select-low-rank	index_select_2d_int8_t_1d_int64_t	SIMT/Indexing/select-low-rank/index_select_2d_int8_t_1d_int64_t.mlir	1	SIMT	Vector/SIMTIndexSelect.aiv.c310.bc	meta_op.aiv.c310.bc
3	SIMT/Indexing/select-low-rank	index_select_2d_int8_t_2d_int32_t	SIMT/Indexing/select-low-rank/index_select_2d_int8_t_2d_int32_t.mlir	1	SIMT	Vector/SIMTIndexSelect.aiv.c310.bc	meta_op.aiv.c310.bc
3	SIMT/Indexing/select-low-rank	index_select_2d_int8_t_2d_int64_t	SIMT/Indexing/select-low-rank/index_select_2d_int8_t_2d_int64_t.mlir	1	SIMT	Vector/SIMTIndexSelect.aiv.c310.bc	meta_op.aiv.c310.bc
3	SIMT/Indexing/select-low-rank	index_select_2d_uint16_t_1d_int32_t	SIMT/Indexing/select-low-rank/index_select_2d_uint16_t_1d_int32_t.mlir	1	SIMT	Vector/SIMTIndexSelect.aiv.c310.bc	meta_op.aiv.c310.bc
3	SIMT/Indexing/select-low-rank	index_select_2d_uint16_t_1d_int64_t	SIMT/Indexing/select-low-rank/index_select_2d_uint16_t_1d_int64_t.mlir	1	SIMT	Vector/SIMTIndexSelect.aiv.c310.bc	meta_op.aiv.c310.bc
3	SIMT/Indexing/select-low-rank	index_select_2d_uint16_t_2d_int32_t	SIMT/Indexing/select-low-rank/index_select_2d_uint16_t_2d_int32_t.mlir	1	SIMT	Vector/SIMTIndexSelect.aiv.c310.bc	meta_op.aiv.c310.bc
3	SIMT/Indexing/select-low-rank	index_select_2d_uint16_t_2d_int64_t	SIMT/Indexing/select-low-rank/index_select_2d_uint16_t_2d_int64_t.mlir	1	SIMT	Vector/SIMTIndexSelect.aiv.c310.bc	meta_op.aiv.c310.bc
3	SIMT/Indexing/select-low-rank	index_select_2d_uint32_t_1d_int32_t	SIMT/Indexing/select-low-rank/index_select_2d_uint32_t_1d_int32_t.mlir	1	SIMT	Vector/SIMTIndexSelect.aiv.c310.bc	meta_op.aiv.c310.bc
3	SIMT/Indexing/select-low-rank	index_select_2d_uint32_t_1d_int64_t	SIMT/Indexing/select-low-rank/index_select_2d_uint32_t_1d_int64_t.mlir	1	SIMT	Vector/SIMTIndexSelect.aiv.c310.bc	meta_op.aiv.c310.bc
3	SIMT/Indexing/select-low-rank	index_select_2d_uint32_t_2d_int32_t	SIMT/Indexing/select-low-rank/index_select_2d_uint32_t_2d_int32_t.mlir	1	SIMT	Vector/SIMTIndexSelect.aiv.c310.bc	meta_op.aiv.c310.bc
3	SIMT/Indexing/select-low-rank	index_select_2d_uint32_t_2d_int64_t	SIMT/Indexing/select-low-rank/index_select_2d_uint32_t_2d_int64_t.mlir	1	SIMT	Vector/SIMTIndexSelect.aiv.c310.bc	meta_op.aiv.c310.bc
3	SIMT/Indexing/select-low-rank	index_select_2d_uint64_t_1d_int32_t	SIMT/Indexing/select-low-rank/index_select_2d_uint64_t_1d_int32_t.mlir	1	SIMT	Vector/SIMTIndexSelect.aiv.c310.bc	meta_op.aiv.c310.bc
3	SIMT/Indexing/select-low-rank	index_select_2d_uint64_t_1d_int64_t	SIMT/Indexing/select-low-rank/index_select_2d_uint64_t_1d_int64_t.mlir	1	SIMT	Vector/SIMTIndexSelect.aiv.c310.bc	meta_op.aiv.c310.bc
3	SIMT/Indexing/select-low-rank	index_select_2d_uint64_t_2d_int32_t	SIMT/Indexing/select-low-rank/index_select_2d_uint64_t_2d_int32_t.mlir	1	SIMT	Vector/SIMTIndexSelect.aiv.c310.bc	meta_op.aiv.c310.bc
3	SIMT/Indexing/select-low-rank	index_select_2d_uint64_t_2d_int64_t	SIMT/Indexing/select-low-rank/index_select_2d_uint64_t_2d_int64_t.mlir	1	SIMT	Vector/SIMTIndexSelect.aiv.c310.bc	meta_op.aiv.c310.bc
3	SIMT/Indexing/select-low-rank	index_select_2d_uint8_t_1d_int32_t	SIMT/Indexing/select-low-rank/index_select_2d_uint8_t_1d_int32_t.mlir	1	SIMT	Vector/SIMTIndexSelect.aiv.c310.bc	meta_op.aiv.c310.bc
3	SIMT/Indexing/select-low-rank	index_select_2d_uint8_t_1d_int64_t	SIMT/Indexing/select-low-rank/index_select_2d_uint8_t_1d_int64_t.mlir	1	SIMT	Vector/SIMTIndexSelect.aiv.c310.bc	meta_op.aiv.c310.bc
3	SIMT/Indexing/select-low-rank	index_select_2d_uint8_t_2d_int32_t	SIMT/Indexing/select-low-rank/index_select_2d_uint8_t_2d_int32_t.mlir	1	SIMT	Vector/SIMTIndexSelect.aiv.c310.bc	meta_op.aiv.c310.bc
3	SIMT/Indexing/select-low-rank	index_select_2d_uint8_t_2d_int64_t	SIMT/Indexing/select-low-rank/index_select_2d_uint8_t_2d_int64_t.mlir	1	SIMT	Vector/SIMTIndexSelect.aiv.c310.bc	meta_op.aiv.c310.bc
3	SIMT/Indexing/select-low-rank	index_select_3d_bfloat16_t_1d_int32_t	SIMT/Indexing/select-low-rank/index_select_3d_bfloat16_t_1d_int32_t.mlir	1	SIMT	Vector/SIMTIndexSelect.aiv.c310.bc	meta_op.aiv.c310.bc
3	SIMT/Indexing/select-low-rank	index_select_3d_bfloat16_t_1d_int64_t	SIMT/Indexing/select-low-rank/index_select_3d_bfloat16_t_1d_int64_t.mlir	1	SIMT	Vector/SIMTIndexSelect.aiv.c310.bc	meta_op.aiv.c310.bc
3	SIMT/Indexing/select-low-rank	index_select_3d_bfloat16_t_2d_int32_t	SIMT/Indexing/select-low-rank/index_select_3d_bfloat16_t_2d_int32_t.mlir	1	SIMT	Vector/SIMTIndexSelect.aiv.c310.bc	meta_op.aiv.c310.bc
3	SIMT/Indexing/select-low-rank	index_select_3d_bfloat16_t_2d_int64_t	SIMT/Indexing/select-low-rank/index_select_3d_bfloat16_t_2d_int64_t.mlir	1	SIMT	Vector/SIMTIndexSelect.aiv.c310.bc	meta_op.aiv.c310.bc
3	SIMT/Indexing/select-low-rank	index_select_3d_float_1d_int32_t	SIMT/Indexing/select-low-rank/index_select_3d_float_1d_int32_t.mlir	1	SIMT	Vector/SIMTIndexSelect.aiv.c310.bc	meta_op.aiv.c310.bc
3	SIMT/Indexing/select-low-rank	index_select_3d_float_1d_int64_t	SIMT/Indexing/select-low-rank/index_select_3d_float_1d_int64_t.mlir	1	SIMT	Vector/SIMTIndexSelect.aiv.c310.bc	meta_op.aiv.c310.bc
3	SIMT/Indexing/select-low-rank	index_select_3d_float_2d_int32_t	SIMT/Indexing/select-low-rank/index_select_3d_float_2d_int32_t.mlir	1	SIMT	Vector/SIMTIndexSelect.aiv.c310.bc	meta_op.aiv.c310.bc
3	SIMT/Indexing/select-low-rank	index_select_3d_float_2d_int64_t	SIMT/Indexing/select-low-rank/index_select_3d_float_2d_int64_t.mlir	1	SIMT	Vector/SIMTIndexSelect.aiv.c310.bc	meta_op.aiv.c310.bc
3	SIMT/Indexing/select-low-rank	index_select_3d_half_1d_int32_t	SIMT/Indexing/select-low-rank/index_select_3d_half_1d_int32_t.mlir	1	SIMT	Vector/SIMTIndexSelect.aiv.c310.bc	meta_op.aiv.c310.bc
3	SIMT/Indexing/select-low-rank	index_select_3d_half_1d_int64_t	SIMT/Indexing/select-low-rank/index_select_3d_half_1d_int64_t.mlir	1	SIMT	Vector/SIMTIndexSelect.aiv.c310.bc	meta_op.aiv.c310.bc
3	SIMT/Indexing/select-low-rank	index_select_3d_half_2d_int32_t	SIMT/Indexing/select-low-rank/index_select_3d_half_2d_int32_t.mlir	1	SIMT	Vector/SIMTIndexSelect.aiv.c310.bc	meta_op.aiv.c310.bc
3	SIMT/Indexing/select-low-rank	index_select_3d_half_2d_int64_t	SIMT/Indexing/select-low-rank/index_select_3d_half_2d_int64_t.mlir	1	SIMT	Vector/SIMTIndexSelect.aiv.c310.bc	meta_op.aiv.c310.bc
3	SIMT/Indexing/select-low-rank	index_select_3d_int16_t_1d_int32_t	SIMT/Indexing/select-low-rank/index_select_3d_int16_t_1d_int32_t.mlir	1	SIMT	Vector/SIMTIndexSelect.aiv.c310.bc	meta_op.aiv.c310.bc
3	SIMT/Indexing/select-low-rank	index_select_3d_int16_t_1d_int64_t	SIMT/Indexing/select-low-rank/index_select_3d_int16_t_1d_int64_t.mlir	1	SIMT	Vector/SIMTIndexSelect.aiv.c310.bc	meta_op.aiv.c310.bc
3	SIMT/Indexing/select-low-rank	index_select_3d_int16_t_2d_int32_t	SIMT/Indexing/select-low-rank/index_select_3d_int16_t_2d_int32_t.mlir	1	SIMT	Vector/SIMTIndexSelect.aiv.c310.bc	meta_op.aiv.c310.bc
3	SIMT/Indexing/select-low-rank	index_select_3d_int16_t_2d_int64_t	SIMT/Indexing/select-low-rank/index_select_3d_int16_t_2d_int64_t.mlir	1	SIMT	Vector/SIMTIndexSelect.aiv.c310.bc	meta_op.aiv.c310.bc
3	SIMT/Indexing/select-low-rank	index_select_3d_int32_t_1d_int32_t	SIMT/Indexing/select-low-rank/index_select_3d_int32_t_1d_int32_t.mlir	1	SIMT	Vector/SIMTIndexSelect.aiv.c310.bc	meta_op.aiv.c310.bc
3	SIMT/Indexing/select-low-rank	index_select_3d_int32_t_1d_int64_t	SIMT/Indexing/select-low-rank/index_select_3d_int32_t_1d_int64_t.mlir	1	SIMT	Vector/SIMTIndexSelect.aiv.c310.bc	meta_op.aiv.c310.bc
3	SIMT/Indexing/select-low-rank	index_select_3d_int32_t_2d_int32_t	SIMT/Indexing/select-low-rank/index_select_3d_int32_t_2d_int32_t.mlir	1	SIMT	Vector/SIMTIndexSelect.aiv.c310.bc	meta_op.aiv.c310.bc
3	SIMT/Indexing/select-low-rank	index_select_3d_int32_t_2d_int64_t	SIMT/Indexing/select-low-rank/index_select_3d_int32_t_2d_int64_t.mlir	1	SIMT	Vector/SIMTIndexSelect.aiv.c310.bc	meta_op.aiv.c310.bc
3	SIMT/Indexing/select-low-rank	index_select_3d_int64_t_1d_int32_t	SIMT/Indexing/select-low-rank/index_select_3d_int64_t_1d_int32_t.mlir	1	SIMT	Vector/SIMTIndexSelect.aiv.c310.bc	meta_op.aiv.c310.bc
3	SIMT/Indexing/select-low-rank	index_select_3d_int64_t_1d_int64_t	SIMT/Indexing/select-low-rank/index_select_3d_int64_t_1d_int64_t.mlir	1	SIMT	Vector/SIMTIndexSelect.aiv.c310.bc	meta_op.aiv.c310.bc
3	SIMT/Indexing/select-low-rank	index_select_3d_int64_t_2d_int32_t	SIMT/Indexing/select-low-rank/index_select_3d_int64_t_2d_int32_t.mlir	1	SIMT	Vector/SIMTIndexSelect.aiv.c310.bc	meta_op.aiv.c310.bc
3	SIMT/Indexing/select-low-rank	index_select_3d_int64_t_2d_int64_t	SIMT/Indexing/select-low-rank/index_select_3d_int64_t_2d_int64_t.mlir	1	SIMT	Vector/SIMTIndexSelect.aiv.c310.bc	meta_op.aiv.c310.bc
3	SIMT/Indexing/select-low-rank	index_select_3d_int8_t_1d_int32_t	SIMT/Indexing/select-low-rank/index_select_3d_int8_t_1d_int32_t.mlir	1	SIMT	Vector/SIMTIndexSelect.aiv.c310.bc	meta_op.aiv.c310.bc
3	SIMT/Indexing/select-low-rank	index_select_3d_int8_t_1d_int64_t	SIMT/Indexing/select-low-rank/index_select_3d_int8_t_1d_int64_t.mlir	1	SIMT	Vector/SIMTIndexSelect.aiv.c310.bc	meta_op.aiv.c310.bc
3	SIMT/Indexing/select-low-rank	index_select_3d_int8_t_2d_int32_t	SIMT/Indexing/select-low-rank/index_select_3d_int8_t_2d_int32_t.mlir	1	SIMT	Vector/SIMTIndexSelect.aiv.c310.bc	meta_op.aiv.c310.bc
3	SIMT/Indexing/select-low-rank	index_select_3d_int8_t_2d_int64_t	SIMT/Indexing/select-low-rank/index_select_3d_int8_t_2d_int64_t.mlir	1	SIMT	Vector/SIMTIndexSelect.aiv.c310.bc	meta_op.aiv.c310.bc
3	SIMT/Indexing/select-low-rank	index_select_3d_uint16_t_1d_int32_t	SIMT/Indexing/select-low-rank/index_select_3d_uint16_t_1d_int32_t.mlir	1	SIMT	Vector/SIMTIndexSelect.aiv.c310.bc	meta_op.aiv.c310.bc
3	SIMT/Indexing/select-low-rank	index_select_3d_uint16_t_1d_int64_t	SIMT/Indexing/select-low-rank/index_select_3d_uint16_t_1d_int64_t.mlir	1	SIMT	Vector/SIMTIndexSelect.aiv.c310.bc	meta_op.aiv.c310.bc
3	SIMT/Indexing/select-low-rank	index_select_3d_uint16_t_2d_int32_t	SIMT/Indexing/select-low-rank/index_select_3d_uint16_t_2d_int32_t.mlir	1	SIMT	Vector/SIMTIndexSelect.aiv.c310.bc	meta_op.aiv.c310.bc
3	SIMT/Indexing/select-low-rank	index_select_3d_uint16_t_2d_int64_t	SIMT/Indexing/select-low-rank/index_select_3d_uint16_t_2d_int64_t.mlir	1	SIMT	Vector/SIMTIndexSelect.aiv.c310.bc	meta_op.aiv.c310.bc
3	SIMT/Indexing/select-low-rank	index_select_3d_uint32_t_1d_int32_t	SIMT/Indexing/select-low-rank/index_select_3d_uint32_t_1d_int32_t.mlir	1	SIMT	Vector/SIMTIndexSelect.aiv.c310.bc	meta_op.aiv.c310.bc
3	SIMT/Indexing/select-low-rank	index_select_3d_uint32_t_1d_int64_t	SIMT/Indexing/select-low-rank/index_select_3d_uint32_t_1d_int64_t.mlir	1	SIMT	Vector/SIMTIndexSelect.aiv.c310.bc	meta_op.aiv.c310.bc
3	SIMT/Indexing/select-low-rank	index_select_3d_uint32_t_2d_int32_t	SIMT/Indexing/select-low-rank/index_select_3d_uint32_t_2d_int32_t.mlir	1	SIMT	Vector/SIMTIndexSelect.aiv.c310.bc	meta_op.aiv.c310.bc
3	SIMT/Indexing/select-low-rank	index_select_3d_uint32_t_2d_int64_t	SIMT/Indexing/select-low-rank/index_select_3d_uint32_t_2d_int64_t.mlir	1	SIMT	Vector/SIMTIndexSelect.aiv.c310.bc	meta_op.aiv.c310.bc
3	SIMT/Indexing/select-low-rank	index_select_3d_uint64_t_1d_int32_t	SIMT/Indexing/select-low-rank/index_select_3d_uint64_t_1d_int32_t.mlir	1	SIMT	Vector/SIMTIndexSelect.aiv.c310.bc	meta_op.aiv.c310.bc
3	SIMT/Indexing/select-low-rank	index_select_3d_uint64_t_1d_int64_t	SIMT/Indexing/select-low-rank/index_select_3d_uint64_t_1d_int64_t.mlir	1	SIMT	Vector/SIMTIndexSelect.aiv.c310.bc	meta_op.aiv.c310.bc
3	SIMT/Indexing/select-low-rank	index_select_3d_uint64_t_2d_int32_t	SIMT/Indexing/select-low-rank/index_select_3d_uint64_t_2d_int32_t.mlir	1	SIMT	Vector/SIMTIndexSelect.aiv.c310.bc	meta_op.aiv.c310.bc
3	SIMT/Indexing/select-low-rank	index_select_3d_uint64_t_2d_int64_t	SIMT/Indexing/select-low-rank/index_select_3d_uint64_t_2d_int64_t.mlir	1	SIMT	Vector/SIMTIndexSelect.aiv.c310.bc	meta_op.aiv.c310.bc
3	SIMT/Indexing/select-low-rank	index_select_3d_uint8_t_1d_int32_t	SIMT/Indexing/select-low-rank/index_select_3d_uint8_t_1d_int32_t.mlir	1	SIMT	Vector/SIMTIndexSelect.aiv.c310.bc	meta_op.aiv.c310.bc
3	SIMT/Indexing/select-low-rank	index_select_3d_uint8_t_1d_int64_t	SIMT/Indexing/select-low-rank/index_select_3d_uint8_t_1d_int64_t.mlir	1	SIMT	Vector/SIMTIndexSelect.aiv.c310.bc	meta_op.aiv.c310.bc
3	SIMT/Indexing/select-low-rank	index_select_3d_uint8_t_2d_int32_t	SIMT/Indexing/select-low-rank/index_select_3d_uint8_t_2d_int32_t.mlir	1	SIMT	Vector/SIMTIndexSelect.aiv.c310.bc	meta_op.aiv.c310.bc
3	SIMT/Indexing/select-low-rank	index_select_3d_uint8_t_2d_int64_t	SIMT/Indexing/select-low-rank/index_select_3d_uint8_t_2d_int64_t.mlir	1	SIMT	Vector/SIMTIndexSelect.aiv.c310.bc	meta_op.aiv.c310.bc
3	SIMT/IndirectLoad/rank1-rank2	indirect_load_1d_bfloat16_t_int32_t	SIMT/IndirectLoad/rank1-rank2/indirect_load_1d_bfloat16_t_int32_t.mlir	1	SIMT	Vector/SIMTIndirectLoad.aiv.c310.bc	meta_op.aiv.c310.bc
3	SIMT/IndirectLoad/rank1-rank2	indirect_load_1d_bfloat16_t_int64_t	SIMT/IndirectLoad/rank1-rank2/indirect_load_1d_bfloat16_t_int64_t.mlir	1	SIMT	Vector/SIMTIndirectLoad.aiv.c310.bc	meta_op.aiv.c310.bc
3	SIMT/IndirectLoad/rank1-rank2	indirect_load_1d_bool_int32_t	SIMT/IndirectLoad/rank1-rank2/indirect_load_1d_bool_int32_t.mlir	1	SIMT	Vector/SIMTIndirectLoad.aiv.c310.bc	meta_op.aiv.c310.bc
3	SIMT/IndirectLoad/rank1-rank2	indirect_load_1d_bool_int64_t	SIMT/IndirectLoad/rank1-rank2/indirect_load_1d_bool_int64_t.mlir	1	SIMT	Vector/SIMTIndirectLoad.aiv.c310.bc	meta_op.aiv.c310.bc
3	SIMT/IndirectLoad/rank1-rank2	indirect_load_1d_float8_e4m3_t_int32_t	SIMT/IndirectLoad/rank1-rank2/indirect_load_1d_float8_e4m3_t_int32_t.mlir	1	SIMT	Vector/SIMTIndirectLoad.aiv.c310.bc	meta_op.aiv.c310.bc
3	SIMT/IndirectLoad/rank1-rank2	indirect_load_1d_float8_e4m3_t_int64_t	SIMT/IndirectLoad/rank1-rank2/indirect_load_1d_float8_e4m3_t_int64_t.mlir	1	SIMT	Vector/SIMTIndirectLoad.aiv.c310.bc	meta_op.aiv.c310.bc
3	SIMT/IndirectLoad/rank1-rank2	indirect_load_1d_float8_e5m2_t_int32_t	SIMT/IndirectLoad/rank1-rank2/indirect_load_1d_float8_e5m2_t_int32_t.mlir	1	SIMT	Vector/SIMTIndirectLoad.aiv.c310.bc	meta_op.aiv.c310.bc
3	SIMT/IndirectLoad/rank1-rank2	indirect_load_1d_float8_e5m2_t_int64_t	SIMT/IndirectLoad/rank1-rank2/indirect_load_1d_float8_e5m2_t_int64_t.mlir	1	SIMT	Vector/SIMTIndirectLoad.aiv.c310.bc	meta_op.aiv.c310.bc
3	SIMT/IndirectLoad/rank1-rank2	indirect_load_1d_float_int32_t	SIMT/IndirectLoad/rank1-rank2/indirect_load_1d_float_int32_t.mlir	1	SIMT	Vector/SIMTIndirectLoad.aiv.c310.bc	meta_op.aiv.c310.bc
3	SIMT/IndirectLoad/rank1-rank2	indirect_load_1d_float_int64_t	SIMT/IndirectLoad/rank1-rank2/indirect_load_1d_float_int64_t.mlir	1	SIMT	Vector/SIMTIndirectLoad.aiv.c310.bc	meta_op.aiv.c310.bc
3	SIMT/IndirectLoad/rank1-rank2	indirect_load_1d_half_int32_t	SIMT/IndirectLoad/rank1-rank2/indirect_load_1d_half_int32_t.mlir	1	SIMT	Vector/SIMTIndirectLoad.aiv.c310.bc	meta_op.aiv.c310.bc
3	SIMT/IndirectLoad/rank1-rank2	indirect_load_1d_half_int64_t	SIMT/IndirectLoad/rank1-rank2/indirect_load_1d_half_int64_t.mlir	1	SIMT	Vector/SIMTIndirectLoad.aiv.c310.bc	meta_op.aiv.c310.bc
3	SIMT/IndirectLoad/rank1-rank2	indirect_load_1d_hifloat4x2_t_int32_t	SIMT/IndirectLoad/rank1-rank2/indirect_load_1d_hifloat4x2_t_int32_t.mlir	1	SIMT	Vector/SIMTIndirectLoad.aiv.c310.bc	meta_op.aiv.c310.bc
3	SIMT/IndirectLoad/rank1-rank2	indirect_load_1d_hifloat4x2_t_int64_t	SIMT/IndirectLoad/rank1-rank2/indirect_load_1d_hifloat4x2_t_int64_t.mlir	1	SIMT	Vector/SIMTIndirectLoad.aiv.c310.bc	meta_op.aiv.c310.bc
3	SIMT/IndirectLoad/rank1-rank2	indirect_load_1d_hifloat8_t_int32_t	SIMT/IndirectLoad/rank1-rank2/indirect_load_1d_hifloat8_t_int32_t.mlir	1	SIMT	Vector/SIMTIndirectLoad.aiv.c310.bc	meta_op.aiv.c310.bc
3	SIMT/IndirectLoad/rank1-rank2	indirect_load_1d_hifloat8_t_int64_t	SIMT/IndirectLoad/rank1-rank2/indirect_load_1d_hifloat8_t_int64_t.mlir	1	SIMT	Vector/SIMTIndirectLoad.aiv.c310.bc	meta_op.aiv.c310.bc
3	SIMT/IndirectLoad/rank1-rank2	indirect_load_1d_int16_t_int32_t	SIMT/IndirectLoad/rank1-rank2/indirect_load_1d_int16_t_int32_t.mlir	1	SIMT	Vector/SIMTIndirectLoad.aiv.c310.bc	meta_op.aiv.c310.bc
3	SIMT/IndirectLoad/rank1-rank2	indirect_load_1d_int16_t_int64_t	SIMT/IndirectLoad/rank1-rank2/indirect_load_1d_int16_t_int64_t.mlir	1	SIMT	Vector/SIMTIndirectLoad.aiv.c310.bc	meta_op.aiv.c310.bc
3	SIMT/IndirectLoad/rank1-rank2	indirect_load_1d_int32_t_int32_t	SIMT/IndirectLoad/rank1-rank2/indirect_load_1d_int32_t_int32_t.mlir	1	SIMT	Vector/SIMTIndirectLoad.aiv.c310.bc	meta_op.aiv.c310.bc
3	SIMT/IndirectLoad/rank1-rank2	indirect_load_1d_int32_t_int64_t	SIMT/IndirectLoad/rank1-rank2/indirect_load_1d_int32_t_int64_t.mlir	1	SIMT	Vector/SIMTIndirectLoad.aiv.c310.bc	meta_op.aiv.c310.bc
3	SIMT/IndirectLoad/rank1-rank2	indirect_load_1d_int64_t_int32_t	SIMT/IndirectLoad/rank1-rank2/indirect_load_1d_int64_t_int32_t.mlir	1	SIMT	Vector/SIMTIndirectLoad.aiv.c310.bc	meta_op.aiv.c310.bc
3	SIMT/IndirectLoad/rank1-rank2	indirect_load_1d_int64_t_int64_t	SIMT/IndirectLoad/rank1-rank2/indirect_load_1d_int64_t_int64_t.mlir	1	SIMT	Vector/SIMTIndirectLoad.aiv.c310.bc	meta_op.aiv.c310.bc
3	SIMT/IndirectLoad/rank1-rank2	indirect_load_1d_int8_t_int32_t	SIMT/IndirectLoad/rank1-rank2/indirect_load_1d_int8_t_int32_t.mlir	1	SIMT	Vector/SIMTIndirectLoad.aiv.c310.bc	meta_op.aiv.c310.bc
3	SIMT/IndirectLoad/rank1-rank2	indirect_load_1d_int8_t_int64_t	SIMT/IndirectLoad/rank1-rank2/indirect_load_1d_int8_t_int64_t.mlir	1	SIMT	Vector/SIMTIndirectLoad.aiv.c310.bc	meta_op.aiv.c310.bc
3	SIMT/IndirectLoad/rank1-rank2	indirect_load_1d_uint16_t_int32_t	SIMT/IndirectLoad/rank1-rank2/indirect_load_1d_uint16_t_int32_t.mlir	1	SIMT	Vector/SIMTIndirectLoad.aiv.c310.bc	meta_op.aiv.c310.bc
3	SIMT/IndirectLoad/rank1-rank2	indirect_load_1d_uint16_t_int64_t	SIMT/IndirectLoad/rank1-rank2/indirect_load_1d_uint16_t_int64_t.mlir	1	SIMT	Vector/SIMTIndirectLoad.aiv.c310.bc	meta_op.aiv.c310.bc
3	SIMT/IndirectLoad/rank1-rank2	indirect_load_1d_uint32_t_int32_t	SIMT/IndirectLoad/rank1-rank2/indirect_load_1d_uint32_t_int32_t.mlir	1	SIMT	Vector/SIMTIndirectLoad.aiv.c310.bc	meta_op.aiv.c310.bc
3	SIMT/IndirectLoad/rank1-rank2	indirect_load_1d_uint32_t_int64_t	SIMT/IndirectLoad/rank1-rank2/indirect_load_1d_uint32_t_int64_t.mlir	1	SIMT	Vector/SIMTIndirectLoad.aiv.c310.bc	meta_op.aiv.c310.bc
3	SIMT/IndirectLoad/rank1-rank2	indirect_load_1d_uint64_t_int32_t	SIMT/IndirectLoad/rank1-rank2/indirect_load_1d_uint64_t_int32_t.mlir	1	SIMT	Vector/SIMTIndirectLoad.aiv.c310.bc	meta_op.aiv.c310.bc
3	SIMT/IndirectLoad/rank1-rank2	indirect_load_1d_uint64_t_int64_t	SIMT/IndirectLoad/rank1-rank2/indirect_load_1d_uint64_t_int64_t.mlir	1	SIMT	Vector/SIMTIndirectLoad.aiv.c310.bc	meta_op.aiv.c310.bc
3	SIMT/IndirectLoad/rank1-rank2	indirect_load_1d_uint8_t_int32_t	SIMT/IndirectLoad/rank1-rank2/indirect_load_1d_uint8_t_int32_t.mlir	1	SIMT	Vector/SIMTIndirectLoad.aiv.c310.bc	meta_op.aiv.c310.bc
3	SIMT/IndirectLoad/rank1-rank2	indirect_load_1d_uint8_t_int64_t	SIMT/IndirectLoad/rank1-rank2/indirect_load_1d_uint8_t_int64_t.mlir	1	SIMT	Vector/SIMTIndirectLoad.aiv.c310.bc	meta_op.aiv.c310.bc
3	SIMT/IndirectLoad/rank1-rank2	indirect_load_2d_bfloat16_t_int32_t	SIMT/IndirectLoad/rank1-rank2/indirect_load_2d_bfloat16_t_int32_t.mlir	1	SIMT	Vector/SIMTIndirectLoad.aiv.c310.bc	meta_op.aiv.c310.bc
3	SIMT/IndirectLoad/rank1-rank2	indirect_load_2d_bfloat16_t_int64_t	SIMT/IndirectLoad/rank1-rank2/indirect_load_2d_bfloat16_t_int64_t.mlir	1	SIMT	Vector/SIMTIndirectLoad.aiv.c310.bc	meta_op.aiv.c310.bc
3	SIMT/IndirectLoad/rank1-rank2	indirect_load_2d_bool_int32_t	SIMT/IndirectLoad/rank1-rank2/indirect_load_2d_bool_int32_t.mlir	1	SIMT	Vector/SIMTIndirectLoad.aiv.c310.bc	meta_op.aiv.c310.bc
3	SIMT/IndirectLoad/rank1-rank2	indirect_load_2d_bool_int64_t	SIMT/IndirectLoad/rank1-rank2/indirect_load_2d_bool_int64_t.mlir	1	SIMT	Vector/SIMTIndirectLoad.aiv.c310.bc	meta_op.aiv.c310.bc
3	SIMT/IndirectLoad/rank1-rank2	indirect_load_2d_float8_e4m3_t_int32_t	SIMT/IndirectLoad/rank1-rank2/indirect_load_2d_float8_e4m3_t_int32_t.mlir	1	SIMT	Vector/SIMTIndirectLoad.aiv.c310.bc	meta_op.aiv.c310.bc
3	SIMT/IndirectLoad/rank1-rank2	indirect_load_2d_float8_e4m3_t_int64_t	SIMT/IndirectLoad/rank1-rank2/indirect_load_2d_float8_e4m3_t_int64_t.mlir	1	SIMT	Vector/SIMTIndirectLoad.aiv.c310.bc	meta_op.aiv.c310.bc
3	SIMT/IndirectLoad/rank1-rank2	indirect_load_2d_float8_e5m2_t_int32_t	SIMT/IndirectLoad/rank1-rank2/indirect_load_2d_float8_e5m2_t_int32_t.mlir	1	SIMT	Vector/SIMTIndirectLoad.aiv.c310.bc	meta_op.aiv.c310.bc
3	SIMT/IndirectLoad/rank1-rank2	indirect_load_2d_float8_e5m2_t_int64_t	SIMT/IndirectLoad/rank1-rank2/indirect_load_2d_float8_e5m2_t_int64_t.mlir	1	SIMT	Vector/SIMTIndirectLoad.aiv.c310.bc	meta_op.aiv.c310.bc
3	SIMT/IndirectLoad/rank1-rank2	indirect_load_2d_float_int32_t	SIMT/IndirectLoad/rank1-rank2/indirect_load_2d_float_int32_t.mlir	1	SIMT	Vector/SIMTIndirectLoad.aiv.c310.bc	meta_op.aiv.c310.bc
3	SIMT/IndirectLoad/rank1-rank2	indirect_load_2d_float_int64_t	SIMT/IndirectLoad/rank1-rank2/indirect_load_2d_float_int64_t.mlir	1	SIMT	Vector/SIMTIndirectLoad.aiv.c310.bc	meta_op.aiv.c310.bc
3	SIMT/IndirectLoad/rank1-rank2	indirect_load_2d_half_int32_t	SIMT/IndirectLoad/rank1-rank2/indirect_load_2d_half_int32_t.mlir	1	SIMT	Vector/SIMTIndirectLoad.aiv.c310.bc	meta_op.aiv.c310.bc
3	SIMT/IndirectLoad/rank1-rank2	indirect_load_2d_half_int64_t	SIMT/IndirectLoad/rank1-rank2/indirect_load_2d_half_int64_t.mlir	1	SIMT	Vector/SIMTIndirectLoad.aiv.c310.bc	meta_op.aiv.c310.bc
3	SIMT/IndirectLoad/rank1-rank2	indirect_load_2d_hifloat4x2_t_int32_t	SIMT/IndirectLoad/rank1-rank2/indirect_load_2d_hifloat4x2_t_int32_t.mlir	1	SIMT	Vector/SIMTIndirectLoad.aiv.c310.bc	meta_op.aiv.c310.bc
3	SIMT/IndirectLoad/rank1-rank2	indirect_load_2d_hifloat4x2_t_int64_t	SIMT/IndirectLoad/rank1-rank2/indirect_load_2d_hifloat4x2_t_int64_t.mlir	1	SIMT	Vector/SIMTIndirectLoad.aiv.c310.bc	meta_op.aiv.c310.bc
3	SIMT/IndirectLoad/rank1-rank2	indirect_load_2d_hifloat8_t_int32_t	SIMT/IndirectLoad/rank1-rank2/indirect_load_2d_hifloat8_t_int32_t.mlir	1	SIMT	Vector/SIMTIndirectLoad.aiv.c310.bc	meta_op.aiv.c310.bc
3	SIMT/IndirectLoad/rank1-rank2	indirect_load_2d_hifloat8_t_int64_t	SIMT/IndirectLoad/rank1-rank2/indirect_load_2d_hifloat8_t_int64_t.mlir	1	SIMT	Vector/SIMTIndirectLoad.aiv.c310.bc	meta_op.aiv.c310.bc
3	SIMT/IndirectLoad/rank1-rank2	indirect_load_2d_int16_t_int32_t	SIMT/IndirectLoad/rank1-rank2/indirect_load_2d_int16_t_int32_t.mlir	1	SIMT	Vector/SIMTIndirectLoad.aiv.c310.bc	meta_op.aiv.c310.bc
3	SIMT/IndirectLoad/rank1-rank2	indirect_load_2d_int16_t_int64_t	SIMT/IndirectLoad/rank1-rank2/indirect_load_2d_int16_t_int64_t.mlir	1	SIMT	Vector/SIMTIndirectLoad.aiv.c310.bc	meta_op.aiv.c310.bc
3	SIMT/IndirectLoad/rank1-rank2	indirect_load_2d_int32_t_int32_t	SIMT/IndirectLoad/rank1-rank2/indirect_load_2d_int32_t_int32_t.mlir	1	SIMT	Vector/SIMTIndirectLoad.aiv.c310.bc	meta_op.aiv.c310.bc
3	SIMT/IndirectLoad/rank1-rank2	indirect_load_2d_int32_t_int64_t	SIMT/IndirectLoad/rank1-rank2/indirect_load_2d_int32_t_int64_t.mlir	1	SIMT	Vector/SIMTIndirectLoad.aiv.c310.bc	meta_op.aiv.c310.bc
3	SIMT/IndirectLoad/rank1-rank2	indirect_load_2d_int64_t_int32_t	SIMT/IndirectLoad/rank1-rank2/indirect_load_2d_int64_t_int32_t.mlir	1	SIMT	Vector/SIMTIndirectLoad.aiv.c310.bc	meta_op.aiv.c310.bc
3	SIMT/IndirectLoad/rank1-rank2	indirect_load_2d_int64_t_int64_t	SIMT/IndirectLoad/rank1-rank2/indirect_load_2d_int64_t_int64_t.mlir	1	SIMT	Vector/SIMTIndirectLoad.aiv.c310.bc	meta_op.aiv.c310.bc
3	SIMT/IndirectLoad/rank1-rank2	indirect_load_2d_int8_t_int32_t	SIMT/IndirectLoad/rank1-rank2/indirect_load_2d_int8_t_int32_t.mlir	1	SIMT	Vector/SIMTIndirectLoad.aiv.c310.bc	meta_op.aiv.c310.bc
3	SIMT/IndirectLoad/rank1-rank2	indirect_load_2d_int8_t_int64_t	SIMT/IndirectLoad/rank1-rank2/indirect_load_2d_int8_t_int64_t.mlir	1	SIMT	Vector/SIMTIndirectLoad.aiv.c310.bc	meta_op.aiv.c310.bc
3	SIMT/IndirectLoad/rank1-rank2	indirect_load_2d_uint16_t_int32_t	SIMT/IndirectLoad/rank1-rank2/indirect_load_2d_uint16_t_int32_t.mlir	1	SIMT	Vector/SIMTIndirectLoad.aiv.c310.bc	meta_op.aiv.c310.bc
3	SIMT/IndirectLoad/rank1-rank2	indirect_load_2d_uint16_t_int64_t	SIMT/IndirectLoad/rank1-rank2/indirect_load_2d_uint16_t_int64_t.mlir	1	SIMT	Vector/SIMTIndirectLoad.aiv.c310.bc	meta_op.aiv.c310.bc
3	SIMT/IndirectLoad/rank1-rank2	indirect_load_2d_uint32_t_int32_t	SIMT/IndirectLoad/rank1-rank2/indirect_load_2d_uint32_t_int32_t.mlir	1	SIMT	Vector/SIMTIndirectLoad.aiv.c310.bc	meta_op.aiv.c310.bc
3	SIMT/IndirectLoad/rank1-rank2	indirect_load_2d_uint32_t_int64_t	SIMT/IndirectLoad/rank1-rank2/indirect_load_2d_uint32_t_int64_t.mlir	1	SIMT	Vector/SIMTIndirectLoad.aiv.c310.bc	meta_op.aiv.c310.bc
3	SIMT/IndirectLoad/rank1-rank2	indirect_load_2d_uint64_t_int32_t	SIMT/IndirectLoad/rank1-rank2/indirect_load_2d_uint64_t_int32_t.mlir	1	SIMT	Vector/SIMTIndirectLoad.aiv.c310.bc	meta_op.aiv.c310.bc
3	SIMT/IndirectLoad/rank1-rank2	indirect_load_2d_uint64_t_int64_t	SIMT/IndirectLoad/rank1-rank2/indirect_load_2d_uint64_t_int64_t.mlir	1	SIMT	Vector/SIMTIndirectLoad.aiv.c310.bc	meta_op.aiv.c310.bc
3	SIMT/IndirectLoad/rank1-rank2	indirect_load_2d_uint8_t_int32_t	SIMT/IndirectLoad/rank1-rank2/indirect_load_2d_uint8_t_int32_t.mlir	1	SIMT	Vector/SIMTIndirectLoad.aiv.c310.bc	meta_op.aiv.c310.bc
3	SIMT/IndirectLoad/rank1-rank2	indirect_load_2d_uint8_t_int64_t	SIMT/IndirectLoad/rank1-rank2/indirect_load_2d_uint8_t_int64_t.mlir	1	SIMT	Vector/SIMTIndirectLoad.aiv.c310.bc	meta_op.aiv.c310.bc
3	SIMT/IndirectLoad/rank1-rank2	indirect_load_nonvolatile_1d_bfloat16_t_int32_t	SIMT/IndirectLoad/rank1-rank2/indirect_load_nonvolatile_1d_bfloat16_t_int32_t.mlir	1	SIMT	Vector/SIMTIndirectLoad.aiv.c310.bc	meta_op.aiv.c310.bc
3	SIMT/IndirectLoad/rank1-rank2	indirect_load_nonvolatile_1d_bfloat16_t_int64_t	SIMT/IndirectLoad/rank1-rank2/indirect_load_nonvolatile_1d_bfloat16_t_int64_t.mlir	1	SIMT	Vector/SIMTIndirectLoad.aiv.c310.bc	meta_op.aiv.c310.bc
3	SIMT/IndirectLoad/rank1-rank2	indirect_load_nonvolatile_1d_bool_int32_t	SIMT/IndirectLoad/rank1-rank2/indirect_load_nonvolatile_1d_bool_int32_t.mlir	1	SIMT	Vector/SIMTIndirectLoad.aiv.c310.bc	meta_op.aiv.c310.bc
3	SIMT/IndirectLoad/rank1-rank2	indirect_load_nonvolatile_1d_bool_int64_t	SIMT/IndirectLoad/rank1-rank2/indirect_load_nonvolatile_1d_bool_int64_t.mlir	1	SIMT	Vector/SIMTIndirectLoad.aiv.c310.bc	meta_op.aiv.c310.bc
3	SIMT/IndirectLoad/rank1-rank2	indirect_load_nonvolatile_1d_float8_e4m3_t_int32_t	SIMT/IndirectLoad/rank1-rank2/indirect_load_nonvolatile_1d_float8_e4m3_t_int32_t.mlir	1	SIMT	Vector/SIMTIndirectLoad.aiv.c310.bc	meta_op.aiv.c310.bc
3	SIMT/IndirectLoad/rank1-rank2	indirect_load_nonvolatile_1d_float8_e4m3_t_int64_t	SIMT/IndirectLoad/rank1-rank2/indirect_load_nonvolatile_1d_float8_e4m3_t_int64_t.mlir	1	SIMT	Vector/SIMTIndirectLoad.aiv.c310.bc	meta_op.aiv.c310.bc
3	SIMT/IndirectLoad/rank1-rank2	indirect_load_nonvolatile_1d_float8_e5m2_t_int32_t	SIMT/IndirectLoad/rank1-rank2/indirect_load_nonvolatile_1d_float8_e5m2_t_int32_t.mlir	1	SIMT	Vector/SIMTIndirectLoad.aiv.c310.bc	meta_op.aiv.c310.bc
3	SIMT/IndirectLoad/rank1-rank2	indirect_load_nonvolatile_1d_float8_e5m2_t_int64_t	SIMT/IndirectLoad/rank1-rank2/indirect_load_nonvolatile_1d_float8_e5m2_t_int64_t.mlir	1	SIMT	Vector/SIMTIndirectLoad.aiv.c310.bc	meta_op.aiv.c310.bc
3	SIMT/IndirectLoad/rank1-rank2	indirect_load_nonvolatile_1d_float_int32_t	SIMT/IndirectLoad/rank1-rank2/indirect_load_nonvolatile_1d_float_int32_t.mlir	1	SIMT	Vector/SIMTIndirectLoad.aiv.c310.bc	meta_op.aiv.c310.bc
3	SIMT/IndirectLoad/rank1-rank2	indirect_load_nonvolatile_1d_float_int64_t	SIMT/IndirectLoad/rank1-rank2/indirect_load_nonvolatile_1d_float_int64_t.mlir	1	SIMT	Vector/SIMTIndirectLoad.aiv.c310.bc	meta_op.aiv.c310.bc
3	SIMT/IndirectLoad/rank1-rank2	indirect_load_nonvolatile_1d_half_int32_t	SIMT/IndirectLoad/rank1-rank2/indirect_load_nonvolatile_1d_half_int32_t.mlir	1	SIMT	Vector/SIMTIndirectLoad.aiv.c310.bc	meta_op.aiv.c310.bc
3	SIMT/IndirectLoad/rank1-rank2	indirect_load_nonvolatile_1d_half_int64_t	SIMT/IndirectLoad/rank1-rank2/indirect_load_nonvolatile_1d_half_int64_t.mlir	1	SIMT	Vector/SIMTIndirectLoad.aiv.c310.bc	meta_op.aiv.c310.bc
3	SIMT/IndirectLoad/rank1-rank2	indirect_load_nonvolatile_1d_hifloat4x2_t_int32_t	SIMT/IndirectLoad/rank1-rank2/indirect_load_nonvolatile_1d_hifloat4x2_t_int32_t.mlir	1	SIMT	Vector/SIMTIndirectLoad.aiv.c310.bc	meta_op.aiv.c310.bc
3	SIMT/IndirectLoad/rank1-rank2	indirect_load_nonvolatile_1d_hifloat4x2_t_int64_t	SIMT/IndirectLoad/rank1-rank2/indirect_load_nonvolatile_1d_hifloat4x2_t_int64_t.mlir	1	SIMT	Vector/SIMTIndirectLoad.aiv.c310.bc	meta_op.aiv.c310.bc
3	SIMT/IndirectLoad/rank1-rank2	indirect_load_nonvolatile_1d_hifloat8_t_int32_t	SIMT/IndirectLoad/rank1-rank2/indirect_load_nonvolatile_1d_hifloat8_t_int32_t.mlir	1	SIMT	Vector/SIMTIndirectLoad.aiv.c310.bc	meta_op.aiv.c310.bc
3	SIMT/IndirectLoad/rank1-rank2	indirect_load_nonvolatile_1d_hifloat8_t_int64_t	SIMT/IndirectLoad/rank1-rank2/indirect_load_nonvolatile_1d_hifloat8_t_int64_t.mlir	1	SIMT	Vector/SIMTIndirectLoad.aiv.c310.bc	meta_op.aiv.c310.bc
3	SIMT/IndirectLoad/rank1-rank2	indirect_load_nonvolatile_1d_int16_t_int32_t	SIMT/IndirectLoad/rank1-rank2/indirect_load_nonvolatile_1d_int16_t_int32_t.mlir	1	SIMT	Vector/SIMTIndirectLoad.aiv.c310.bc	meta_op.aiv.c310.bc
3	SIMT/IndirectLoad/rank1-rank2	indirect_load_nonvolatile_1d_int16_t_int64_t	SIMT/IndirectLoad/rank1-rank2/indirect_load_nonvolatile_1d_int16_t_int64_t.mlir	1	SIMT	Vector/SIMTIndirectLoad.aiv.c310.bc	meta_op.aiv.c310.bc
3	SIMT/IndirectLoad/rank1-rank2	indirect_load_nonvolatile_1d_int32_t_int32_t	SIMT/IndirectLoad/rank1-rank2/indirect_load_nonvolatile_1d_int32_t_int32_t.mlir	1	SIMT	Vector/SIMTIndirectLoad.aiv.c310.bc	meta_op.aiv.c310.bc
3	SIMT/IndirectLoad/rank1-rank2	indirect_load_nonvolatile_1d_int32_t_int64_t	SIMT/IndirectLoad/rank1-rank2/indirect_load_nonvolatile_1d_int32_t_int64_t.mlir	1	SIMT	Vector/SIMTIndirectLoad.aiv.c310.bc	meta_op.aiv.c310.bc
3	SIMT/IndirectLoad/rank1-rank2	indirect_load_nonvolatile_1d_int64_t_int32_t	SIMT/IndirectLoad/rank1-rank2/indirect_load_nonvolatile_1d_int64_t_int32_t.mlir	1	SIMT	Vector/SIMTIndirectLoad.aiv.c310.bc	meta_op.aiv.c310.bc
3	SIMT/IndirectLoad/rank1-rank2	indirect_load_nonvolatile_1d_int64_t_int64_t	SIMT/IndirectLoad/rank1-rank2/indirect_load_nonvolatile_1d_int64_t_int64_t.mlir	1	SIMT	Vector/SIMTIndirectLoad.aiv.c310.bc	meta_op.aiv.c310.bc
3	SIMT/IndirectLoad/rank1-rank2	indirect_load_nonvolatile_1d_int8_t_int32_t	SIMT/IndirectLoad/rank1-rank2/indirect_load_nonvolatile_1d_int8_t_int32_t.mlir	1	SIMT	Vector/SIMTIndirectLoad.aiv.c310.bc	meta_op.aiv.c310.bc
3	SIMT/IndirectLoad/rank1-rank2	indirect_load_nonvolatile_1d_int8_t_int64_t	SIMT/IndirectLoad/rank1-rank2/indirect_load_nonvolatile_1d_int8_t_int64_t.mlir	1	SIMT	Vector/SIMTIndirectLoad.aiv.c310.bc	meta_op.aiv.c310.bc
3	SIMT/IndirectLoad/rank1-rank2	indirect_load_nonvolatile_1d_uint16_t_int32_t	SIMT/IndirectLoad/rank1-rank2/indirect_load_nonvolatile_1d_uint16_t_int32_t.mlir	1	SIMT	Vector/SIMTIndirectLoad.aiv.c310.bc	meta_op.aiv.c310.bc
3	SIMT/IndirectLoad/rank1-rank2	indirect_load_nonvolatile_1d_uint16_t_int64_t	SIMT/IndirectLoad/rank1-rank2/indirect_load_nonvolatile_1d_uint16_t_int64_t.mlir	1	SIMT	Vector/SIMTIndirectLoad.aiv.c310.bc	meta_op.aiv.c310.bc
3	SIMT/IndirectLoad/rank1-rank2	indirect_load_nonvolatile_1d_uint32_t_int32_t	SIMT/IndirectLoad/rank1-rank2/indirect_load_nonvolatile_1d_uint32_t_int32_t.mlir	1	SIMT	Vector/SIMTIndirectLoad.aiv.c310.bc	meta_op.aiv.c310.bc
3	SIMT/IndirectLoad/rank1-rank2	indirect_load_nonvolatile_1d_uint32_t_int64_t	SIMT/IndirectLoad/rank1-rank2/indirect_load_nonvolatile_1d_uint32_t_int64_t.mlir	1	SIMT	Vector/SIMTIndirectLoad.aiv.c310.bc	meta_op.aiv.c310.bc
3	SIMT/IndirectLoad/rank1-rank2	indirect_load_nonvolatile_1d_uint64_t_int32_t	SIMT/IndirectLoad/rank1-rank2/indirect_load_nonvolatile_1d_uint64_t_int32_t.mlir	1	SIMT	Vector/SIMTIndirectLoad.aiv.c310.bc	meta_op.aiv.c310.bc
3	SIMT/IndirectLoad/rank1-rank2	indirect_load_nonvolatile_1d_uint64_t_int64_t	SIMT/IndirectLoad/rank1-rank2/indirect_load_nonvolatile_1d_uint64_t_int64_t.mlir	1	SIMT	Vector/SIMTIndirectLoad.aiv.c310.bc	meta_op.aiv.c310.bc
3	SIMT/IndirectLoad/rank1-rank2	indirect_load_nonvolatile_1d_uint8_t_int32_t	SIMT/IndirectLoad/rank1-rank2/indirect_load_nonvolatile_1d_uint8_t_int32_t.mlir	1	SIMT	Vector/SIMTIndirectLoad.aiv.c310.bc	meta_op.aiv.c310.bc
3	SIMT/IndirectLoad/rank1-rank2	indirect_load_nonvolatile_1d_uint8_t_int64_t	SIMT/IndirectLoad/rank1-rank2/indirect_load_nonvolatile_1d_uint8_t_int64_t.mlir	1	SIMT	Vector/SIMTIndirectLoad.aiv.c310.bc	meta_op.aiv.c310.bc
3	SIMT/IndirectLoad/rank1-rank2	indirect_load_nonvolatile_2d_bfloat16_t_int32_t	SIMT/IndirectLoad/rank1-rank2/indirect_load_nonvolatile_2d_bfloat16_t_int32_t.mlir	1	SIMT	Vector/SIMTIndirectLoad.aiv.c310.bc	meta_op.aiv.c310.bc
3	SIMT/IndirectLoad/rank1-rank2	indirect_load_nonvolatile_2d_bfloat16_t_int64_t	SIMT/IndirectLoad/rank1-rank2/indirect_load_nonvolatile_2d_bfloat16_t_int64_t.mlir	1	SIMT	Vector/SIMTIndirectLoad.aiv.c310.bc	meta_op.aiv.c310.bc
3	SIMT/IndirectLoad/rank1-rank2	indirect_load_nonvolatile_2d_bool_int32_t	SIMT/IndirectLoad/rank1-rank2/indirect_load_nonvolatile_2d_bool_int32_t.mlir	1	SIMT	Vector/SIMTIndirectLoad.aiv.c310.bc	meta_op.aiv.c310.bc
3	SIMT/IndirectLoad/rank1-rank2	indirect_load_nonvolatile_2d_bool_int64_t	SIMT/IndirectLoad/rank1-rank2/indirect_load_nonvolatile_2d_bool_int64_t.mlir	1	SIMT	Vector/SIMTIndirectLoad.aiv.c310.bc	meta_op.aiv.c310.bc
3	SIMT/IndirectLoad/rank1-rank2	indirect_load_nonvolatile_2d_float8_e4m3_t_int32_t	SIMT/IndirectLoad/rank1-rank2/indirect_load_nonvolatile_2d_float8_e4m3_t_int32_t.mlir	1	SIMT	Vector/SIMTIndirectLoad.aiv.c310.bc	meta_op.aiv.c310.bc
3	SIMT/IndirectLoad/rank1-rank2	indirect_load_nonvolatile_2d_float8_e4m3_t_int64_t	SIMT/IndirectLoad/rank1-rank2/indirect_load_nonvolatile_2d_float8_e4m3_t_int64_t.mlir	1	SIMT	Vector/SIMTIndirectLoad.aiv.c310.bc	meta_op.aiv.c310.bc
3	SIMT/IndirectLoad/rank1-rank2	indirect_load_nonvolatile_2d_float8_e5m2_t_int32_t	SIMT/IndirectLoad/rank1-rank2/indirect_load_nonvolatile_2d_float8_e5m2_t_int32_t.mlir	1	SIMT	Vector/SIMTIndirectLoad.aiv.c310.bc	meta_op.aiv.c310.bc
3	SIMT/IndirectLoad/rank1-rank2	indirect_load_nonvolatile_2d_float8_e5m2_t_int64_t	SIMT/IndirectLoad/rank1-rank2/indirect_load_nonvolatile_2d_float8_e5m2_t_int64_t.mlir	1	SIMT	Vector/SIMTIndirectLoad.aiv.c310.bc	meta_op.aiv.c310.bc
3	SIMT/IndirectLoad/rank1-rank2	indirect_load_nonvolatile_2d_float_int32_t	SIMT/IndirectLoad/rank1-rank2/indirect_load_nonvolatile_2d_float_int32_t.mlir	1	SIMT	Vector/SIMTIndirectLoad.aiv.c310.bc	meta_op.aiv.c310.bc
3	SIMT/IndirectLoad/rank1-rank2	indirect_load_nonvolatile_2d_float_int64_t	SIMT/IndirectLoad/rank1-rank2/indirect_load_nonvolatile_2d_float_int64_t.mlir	1	SIMT	Vector/SIMTIndirectLoad.aiv.c310.bc	meta_op.aiv.c310.bc
3	SIMT/IndirectLoad/rank1-rank2	indirect_load_nonvolatile_2d_half_int32_t	SIMT/IndirectLoad/rank1-rank2/indirect_load_nonvolatile_2d_half_int32_t.mlir	1	SIMT	Vector/SIMTIndirectLoad.aiv.c310.bc	meta_op.aiv.c310.bc
3	SIMT/IndirectLoad/rank1-rank2	indirect_load_nonvolatile_2d_half_int64_t	SIMT/IndirectLoad/rank1-rank2/indirect_load_nonvolatile_2d_half_int64_t.mlir	1	SIMT	Vector/SIMTIndirectLoad.aiv.c310.bc	meta_op.aiv.c310.bc
3	SIMT/IndirectLoad/rank1-rank2	indirect_load_nonvolatile_2d_hifloat4x2_t_int32_t	SIMT/IndirectLoad/rank1-rank2/indirect_load_nonvolatile_2d_hifloat4x2_t_int32_t.mlir	1	SIMT	Vector/SIMTIndirectLoad.aiv.c310.bc	meta_op.aiv.c310.bc
3	SIMT/IndirectLoad/rank1-rank2	indirect_load_nonvolatile_2d_hifloat4x2_t_int64_t	SIMT/IndirectLoad/rank1-rank2/indirect_load_nonvolatile_2d_hifloat4x2_t_int64_t.mlir	1	SIMT	Vector/SIMTIndirectLoad.aiv.c310.bc	meta_op.aiv.c310.bc
3	SIMT/IndirectLoad/rank1-rank2	indirect_load_nonvolatile_2d_hifloat8_t_int32_t	SIMT/IndirectLoad/rank1-rank2/indirect_load_nonvolatile_2d_hifloat8_t_int32_t.mlir	1	SIMT	Vector/SIMTIndirectLoad.aiv.c310.bc	meta_op.aiv.c310.bc
3	SIMT/IndirectLoad/rank1-rank2	indirect_load_nonvolatile_2d_hifloat8_t_int64_t	SIMT/IndirectLoad/rank1-rank2/indirect_load_nonvolatile_2d_hifloat8_t_int64_t.mlir	1	SIMT	Vector/SIMTIndirectLoad.aiv.c310.bc	meta_op.aiv.c310.bc
3	SIMT/IndirectLoad/rank1-rank2	indirect_load_nonvolatile_2d_int16_t_int32_t	SIMT/IndirectLoad/rank1-rank2/indirect_load_nonvolatile_2d_int16_t_int32_t.mlir	1	SIMT	Vector/SIMTIndirectLoad.aiv.c310.bc	meta_op.aiv.c310.bc
3	SIMT/IndirectLoad/rank1-rank2	indirect_load_nonvolatile_2d_int16_t_int64_t	SIMT/IndirectLoad/rank1-rank2/indirect_load_nonvolatile_2d_int16_t_int64_t.mlir	1	SIMT	Vector/SIMTIndirectLoad.aiv.c310.bc	meta_op.aiv.c310.bc
3	SIMT/IndirectLoad/rank1-rank2	indirect_load_nonvolatile_2d_int32_t_int32_t	SIMT/IndirectLoad/rank1-rank2/indirect_load_nonvolatile_2d_int32_t_int32_t.mlir	1	SIMT	Vector/SIMTIndirectLoad.aiv.c310.bc	meta_op.aiv.c310.bc
3	SIMT/IndirectLoad/rank1-rank2	indirect_load_nonvolatile_2d_int32_t_int64_t	SIMT/IndirectLoad/rank1-rank2/indirect_load_nonvolatile_2d_int32_t_int64_t.mlir	1	SIMT	Vector/SIMTIndirectLoad.aiv.c310.bc	meta_op.aiv.c310.bc
3	SIMT/IndirectLoad/rank1-rank2	indirect_load_nonvolatile_2d_int64_t_int32_t	SIMT/IndirectLoad/rank1-rank2/indirect_load_nonvolatile_2d_int64_t_int32_t.mlir	1	SIMT	Vector/SIMTIndirectLoad.aiv.c310.bc	meta_op.aiv.c310.bc
3	SIMT/IndirectLoad/rank1-rank2	indirect_load_nonvolatile_2d_int64_t_int64_t	SIMT/IndirectLoad/rank1-rank2/indirect_load_nonvolatile_2d_int64_t_int64_t.mlir	1	SIMT	Vector/SIMTIndirectLoad.aiv.c310.bc	meta_op.aiv.c310.bc
3	SIMT/IndirectLoad/rank1-rank2	indirect_load_nonvolatile_2d_int8_t_int32_t	SIMT/IndirectLoad/rank1-rank2/indirect_load_nonvolatile_2d_int8_t_int32_t.mlir	1	SIMT	Vector/SIMTIndirectLoad.aiv.c310.bc	meta_op.aiv.c310.bc
3	SIMT/IndirectLoad/rank1-rank2	indirect_load_nonvolatile_2d_int8_t_int64_t	SIMT/IndirectLoad/rank1-rank2/indirect_load_nonvolatile_2d_int8_t_int64_t.mlir	1	SIMT	Vector/SIMTIndirectLoad.aiv.c310.bc	meta_op.aiv.c310.bc
3	SIMT/IndirectLoad/rank1-rank2	indirect_load_nonvolatile_2d_uint16_t_int32_t	SIMT/IndirectLoad/rank1-rank2/indirect_load_nonvolatile_2d_uint16_t_int32_t.mlir	1	SIMT	Vector/SIMTIndirectLoad.aiv.c310.bc	meta_op.aiv.c310.bc
3	SIMT/IndirectLoad/rank1-rank2	indirect_load_nonvolatile_2d_uint16_t_int64_t	SIMT/IndirectLoad/rank1-rank2/indirect_load_nonvolatile_2d_uint16_t_int64_t.mlir	1	SIMT	Vector/SIMTIndirectLoad.aiv.c310.bc	meta_op.aiv.c310.bc
3	SIMT/IndirectLoad/rank1-rank2	indirect_load_nonvolatile_2d_uint32_t_int32_t	SIMT/IndirectLoad/rank1-rank2/indirect_load_nonvolatile_2d_uint32_t_int32_t.mlir	1	SIMT	Vector/SIMTIndirectLoad.aiv.c310.bc	meta_op.aiv.c310.bc
3	SIMT/IndirectLoad/rank1-rank2	indirect_load_nonvolatile_2d_uint32_t_int64_t	SIMT/IndirectLoad/rank1-rank2/indirect_load_nonvolatile_2d_uint32_t_int64_t.mlir	1	SIMT	Vector/SIMTIndirectLoad.aiv.c310.bc	meta_op.aiv.c310.bc
3	SIMT/IndirectLoad/rank1-rank2	indirect_load_nonvolatile_2d_uint64_t_int32_t	SIMT/IndirectLoad/rank1-rank2/indirect_load_nonvolatile_2d_uint64_t_int32_t.mlir	1	SIMT	Vector/SIMTIndirectLoad.aiv.c310.bc	meta_op.aiv.c310.bc
3	SIMT/IndirectLoad/rank1-rank2	indirect_load_nonvolatile_2d_uint64_t_int64_t	SIMT/IndirectLoad/rank1-rank2/indirect_load_nonvolatile_2d_uint64_t_int64_t.mlir	1	SIMT	Vector/SIMTIndirectLoad.aiv.c310.bc	meta_op.aiv.c310.bc
3	SIMT/IndirectLoad/rank1-rank2	indirect_load_nonvolatile_2d_uint8_t_int32_t	SIMT/IndirectLoad/rank1-rank2/indirect_load_nonvolatile_2d_uint8_t_int32_t.mlir	1	SIMT	Vector/SIMTIndirectLoad.aiv.c310.bc	meta_op.aiv.c310.bc
3	SIMT/IndirectLoad/rank1-rank2	indirect_load_nonvolatile_2d_uint8_t_int64_t	SIMT/IndirectLoad/rank1-rank2/indirect_load_nonvolatile_2d_uint8_t_int64_t.mlir	1	SIMT	Vector/SIMTIndirectLoad.aiv.c310.bc	meta_op.aiv.c310.bc
3	SIMT/IndirectLoad/rank3	indirect_load_3d_bfloat16_t_int32_t	SIMT/IndirectLoad/rank3/indirect_load_3d_bfloat16_t_int32_t.mlir	1	SIMT	Vector/SIMTIndirectLoad.aiv.c310.bc	meta_op.aiv.c310.bc
3	SIMT/IndirectLoad/rank3	indirect_load_3d_bfloat16_t_int64_t	SIMT/IndirectLoad/rank3/indirect_load_3d_bfloat16_t_int64_t.mlir	1	SIMT	Vector/SIMTIndirectLoad.aiv.c310.bc	meta_op.aiv.c310.bc
3	SIMT/IndirectLoad/rank3	indirect_load_3d_bool_int32_t	SIMT/IndirectLoad/rank3/indirect_load_3d_bool_int32_t.mlir	1	SIMT	Vector/SIMTIndirectLoad.aiv.c310.bc	meta_op.aiv.c310.bc
3	SIMT/IndirectLoad/rank3	indirect_load_3d_bool_int64_t	SIMT/IndirectLoad/rank3/indirect_load_3d_bool_int64_t.mlir	1	SIMT	Vector/SIMTIndirectLoad.aiv.c310.bc	meta_op.aiv.c310.bc
3	SIMT/IndirectLoad/rank3	indirect_load_3d_float8_e4m3_t_int32_t	SIMT/IndirectLoad/rank3/indirect_load_3d_float8_e4m3_t_int32_t.mlir	1	SIMT	Vector/SIMTIndirectLoad.aiv.c310.bc	meta_op.aiv.c310.bc
3	SIMT/IndirectLoad/rank3	indirect_load_3d_float8_e4m3_t_int64_t	SIMT/IndirectLoad/rank3/indirect_load_3d_float8_e4m3_t_int64_t.mlir	1	SIMT	Vector/SIMTIndirectLoad.aiv.c310.bc	meta_op.aiv.c310.bc
3	SIMT/IndirectLoad/rank3	indirect_load_3d_float8_e5m2_t_int32_t	SIMT/IndirectLoad/rank3/indirect_load_3d_float8_e5m2_t_int32_t.mlir	1	SIMT	Vector/SIMTIndirectLoad.aiv.c310.bc	meta_op.aiv.c310.bc
3	SIMT/IndirectLoad/rank3	indirect_load_3d_float8_e5m2_t_int64_t	SIMT/IndirectLoad/rank3/indirect_load_3d_float8_e5m2_t_int64_t.mlir	1	SIMT	Vector/SIMTIndirectLoad.aiv.c310.bc	meta_op.aiv.c310.bc
3	SIMT/IndirectLoad/rank3	indirect_load_3d_float_int32_t	SIMT/IndirectLoad/rank3/indirect_load_3d_float_int32_t.mlir	1	SIMT	Vector/SIMTIndirectLoad.aiv.c310.bc	meta_op.aiv.c310.bc
3	SIMT/IndirectLoad/rank3	indirect_load_3d_float_int64_t	SIMT/IndirectLoad/rank3/indirect_load_3d_float_int64_t.mlir	1	SIMT	Vector/SIMTIndirectLoad.aiv.c310.bc	meta_op.aiv.c310.bc
3	SIMT/IndirectLoad/rank3	indirect_load_3d_half_int32_t	SIMT/IndirectLoad/rank3/indirect_load_3d_half_int32_t.mlir	1	SIMT	Vector/SIMTIndirectLoad.aiv.c310.bc	meta_op.aiv.c310.bc
3	SIMT/IndirectLoad/rank3	indirect_load_3d_half_int64_t	SIMT/IndirectLoad/rank3/indirect_load_3d_half_int64_t.mlir	1	SIMT	Vector/SIMTIndirectLoad.aiv.c310.bc	meta_op.aiv.c310.bc
3	SIMT/IndirectLoad/rank3	indirect_load_3d_hifloat4x2_t_int32_t	SIMT/IndirectLoad/rank3/indirect_load_3d_hifloat4x2_t_int32_t.mlir	1	SIMT	Vector/SIMTIndirectLoad.aiv.c310.bc	meta_op.aiv.c310.bc
3	SIMT/IndirectLoad/rank3	indirect_load_3d_hifloat4x2_t_int64_t	SIMT/IndirectLoad/rank3/indirect_load_3d_hifloat4x2_t_int64_t.mlir	1	SIMT	Vector/SIMTIndirectLoad.aiv.c310.bc	meta_op.aiv.c310.bc
3	SIMT/IndirectLoad/rank3	indirect_load_3d_hifloat8_t_int32_t	SIMT/IndirectLoad/rank3/indirect_load_3d_hifloat8_t_int32_t.mlir	1	SIMT	Vector/SIMTIndirectLoad.aiv.c310.bc	meta_op.aiv.c310.bc
3	SIMT/IndirectLoad/rank3	indirect_load_3d_hifloat8_t_int64_t	SIMT/IndirectLoad/rank3/indirect_load_3d_hifloat8_t_int64_t.mlir	1	SIMT	Vector/SIMTIndirectLoad.aiv.c310.bc	meta_op.aiv.c310.bc
3	SIMT/IndirectLoad/rank3	indirect_load_3d_int16_t_int32_t	SIMT/IndirectLoad/rank3/indirect_load_3d_int16_t_int32_t.mlir	1	SIMT	Vector/SIMTIndirectLoad.aiv.c310.bc	meta_op.aiv.c310.bc
3	SIMT/IndirectLoad/rank3	indirect_load_3d_int16_t_int64_t	SIMT/IndirectLoad/rank3/indirect_load_3d_int16_t_int64_t.mlir	1	SIMT	Vector/SIMTIndirectLoad.aiv.c310.bc	meta_op.aiv.c310.bc
3	SIMT/IndirectLoad/rank3	indirect_load_3d_int32_t_int32_t	SIMT/IndirectLoad/rank3/indirect_load_3d_int32_t_int32_t.mlir	1	SIMT	Vector/SIMTIndirectLoad.aiv.c310.bc	meta_op.aiv.c310.bc
3	SIMT/IndirectLoad/rank3	indirect_load_3d_int32_t_int64_t	SIMT/IndirectLoad/rank3/indirect_load_3d_int32_t_int64_t.mlir	1	SIMT	Vector/SIMTIndirectLoad.aiv.c310.bc	meta_op.aiv.c310.bc
3	SIMT/IndirectLoad/rank3	indirect_load_3d_int64_t_int32_t	SIMT/IndirectLoad/rank3/indirect_load_3d_int64_t_int32_t.mlir	1	SIMT	Vector/SIMTIndirectLoad.aiv.c310.bc	meta_op.aiv.c310.bc
3	SIMT/IndirectLoad/rank3	indirect_load_3d_int64_t_int64_t	SIMT/IndirectLoad/rank3/indirect_load_3d_int64_t_int64_t.mlir	1	SIMT	Vector/SIMTIndirectLoad.aiv.c310.bc	meta_op.aiv.c310.bc
3	SIMT/IndirectLoad/rank3	indirect_load_3d_int8_t_int32_t	SIMT/IndirectLoad/rank3/indirect_load_3d_int8_t_int32_t.mlir	1	SIMT	Vector/SIMTIndirectLoad.aiv.c310.bc	meta_op.aiv.c310.bc
3	SIMT/IndirectLoad/rank3	indirect_load_3d_int8_t_int64_t	SIMT/IndirectLoad/rank3/indirect_load_3d_int8_t_int64_t.mlir	1	SIMT	Vector/SIMTIndirectLoad.aiv.c310.bc	meta_op.aiv.c310.bc
3	SIMT/IndirectLoad/rank3	indirect_load_3d_uint16_t_int32_t	SIMT/IndirectLoad/rank3/indirect_load_3d_uint16_t_int32_t.mlir	1	SIMT	Vector/SIMTIndirectLoad.aiv.c310.bc	meta_op.aiv.c310.bc
3	SIMT/IndirectLoad/rank3	indirect_load_3d_uint16_t_int64_t	SIMT/IndirectLoad/rank3/indirect_load_3d_uint16_t_int64_t.mlir	1	SIMT	Vector/SIMTIndirectLoad.aiv.c310.bc	meta_op.aiv.c310.bc
3	SIMT/IndirectLoad/rank3	indirect_load_3d_uint32_t_int32_t	SIMT/IndirectLoad/rank3/indirect_load_3d_uint32_t_int32_t.mlir	1	SIMT	Vector/SIMTIndirectLoad.aiv.c310.bc	meta_op.aiv.c310.bc
3	SIMT/IndirectLoad/rank3	indirect_load_3d_uint32_t_int64_t	SIMT/IndirectLoad/rank3/indirect_load_3d_uint32_t_int64_t.mlir	1	SIMT	Vector/SIMTIndirectLoad.aiv.c310.bc	meta_op.aiv.c310.bc
3	SIMT/IndirectLoad/rank3	indirect_load_3d_uint64_t_int32_t	SIMT/IndirectLoad/rank3/indirect_load_3d_uint64_t_int32_t.mlir	1	SIMT	Vector/SIMTIndirectLoad.aiv.c310.bc	meta_op.aiv.c310.bc
3	SIMT/IndirectLoad/rank3	indirect_load_3d_uint64_t_int64_t	SIMT/IndirectLoad/rank3/indirect_load_3d_uint64_t_int64_t.mlir	1	SIMT	Vector/SIMTIndirectLoad.aiv.c310.bc	meta_op.aiv.c310.bc
3	SIMT/IndirectLoad/rank3	indirect_load_3d_uint8_t_int32_t	SIMT/IndirectLoad/rank3/indirect_load_3d_uint8_t_int32_t.mlir	1	SIMT	Vector/SIMTIndirectLoad.aiv.c310.bc	meta_op.aiv.c310.bc
3	SIMT/IndirectLoad/rank3	indirect_load_3d_uint8_t_int64_t	SIMT/IndirectLoad/rank3/indirect_load_3d_uint8_t_int64_t.mlir	1	SIMT	Vector/SIMTIndirectLoad.aiv.c310.bc	meta_op.aiv.c310.bc
3	SIMT/IndirectLoad/rank3	indirect_load_nonvolatile_3d_bfloat16_t_int32_t	SIMT/IndirectLoad/rank3/indirect_load_nonvolatile_3d_bfloat16_t_int32_t.mlir	1	SIMT	Vector/SIMTIndirectLoad.aiv.c310.bc	meta_op.aiv.c310.bc
3	SIMT/IndirectLoad/rank3	indirect_load_nonvolatile_3d_bfloat16_t_int64_t	SIMT/IndirectLoad/rank3/indirect_load_nonvolatile_3d_bfloat16_t_int64_t.mlir	1	SIMT	Vector/SIMTIndirectLoad.aiv.c310.bc	meta_op.aiv.c310.bc
3	SIMT/IndirectLoad/rank3	indirect_load_nonvolatile_3d_bool_int32_t	SIMT/IndirectLoad/rank3/indirect_load_nonvolatile_3d_bool_int32_t.mlir	1	SIMT	Vector/SIMTIndirectLoad.aiv.c310.bc	meta_op.aiv.c310.bc
3	SIMT/IndirectLoad/rank3	indirect_load_nonvolatile_3d_bool_int64_t	SIMT/IndirectLoad/rank3/indirect_load_nonvolatile_3d_bool_int64_t.mlir	1	SIMT	Vector/SIMTIndirectLoad.aiv.c310.bc	meta_op.aiv.c310.bc
3	SIMT/IndirectLoad/rank3	indirect_load_nonvolatile_3d_float8_e4m3_t_int32_t	SIMT/IndirectLoad/rank3/indirect_load_nonvolatile_3d_float8_e4m3_t_int32_t.mlir	1	SIMT	Vector/SIMTIndirectLoad.aiv.c310.bc	meta_op.aiv.c310.bc
3	SIMT/IndirectLoad/rank3	indirect_load_nonvolatile_3d_float8_e4m3_t_int64_t	SIMT/IndirectLoad/rank3/indirect_load_nonvolatile_3d_float8_e4m3_t_int64_t.mlir	1	SIMT	Vector/SIMTIndirectLoad.aiv.c310.bc	meta_op.aiv.c310.bc
3	SIMT/IndirectLoad/rank3	indirect_load_nonvolatile_3d_float8_e5m2_t_int32_t	SIMT/IndirectLoad/rank3/indirect_load_nonvolatile_3d_float8_e5m2_t_int32_t.mlir	1	SIMT	Vector/SIMTIndirectLoad.aiv.c310.bc	meta_op.aiv.c310.bc
3	SIMT/IndirectLoad/rank3	indirect_load_nonvolatile_3d_float8_e5m2_t_int64_t	SIMT/IndirectLoad/rank3/indirect_load_nonvolatile_3d_float8_e5m2_t_int64_t.mlir	1	SIMT	Vector/SIMTIndirectLoad.aiv.c310.bc	meta_op.aiv.c310.bc
3	SIMT/IndirectLoad/rank3	indirect_load_nonvolatile_3d_float_int32_t	SIMT/IndirectLoad/rank3/indirect_load_nonvolatile_3d_float_int32_t.mlir	1	SIMT	Vector/SIMTIndirectLoad.aiv.c310.bc	meta_op.aiv.c310.bc
3	SIMT/IndirectLoad/rank3	indirect_load_nonvolatile_3d_float_int64_t	SIMT/IndirectLoad/rank3/indirect_load_nonvolatile_3d_float_int64_t.mlir	1	SIMT	Vector/SIMTIndirectLoad.aiv.c310.bc	meta_op.aiv.c310.bc
3	SIMT/IndirectLoad/rank3	indirect_load_nonvolatile_3d_half_int32_t	SIMT/IndirectLoad/rank3/indirect_load_nonvolatile_3d_half_int32_t.mlir	1	SIMT	Vector/SIMTIndirectLoad.aiv.c310.bc	meta_op.aiv.c310.bc
3	SIMT/IndirectLoad/rank3	indirect_load_nonvolatile_3d_half_int64_t	SIMT/IndirectLoad/rank3/indirect_load_nonvolatile_3d_half_int64_t.mlir	1	SIMT	Vector/SIMTIndirectLoad.aiv.c310.bc	meta_op.aiv.c310.bc
3	SIMT/IndirectLoad/rank3	indirect_load_nonvolatile_3d_hifloat4x2_t_int32_t	SIMT/IndirectLoad/rank3/indirect_load_nonvolatile_3d_hifloat4x2_t_int32_t.mlir	1	SIMT	Vector/SIMTIndirectLoad.aiv.c310.bc	meta_op.aiv.c310.bc
3	SIMT/IndirectLoad/rank3	indirect_load_nonvolatile_3d_hifloat4x2_t_int64_t	SIMT/IndirectLoad/rank3/indirect_load_nonvolatile_3d_hifloat4x2_t_int64_t.mlir	1	SIMT	Vector/SIMTIndirectLoad.aiv.c310.bc	meta_op.aiv.c310.bc
3	SIMT/IndirectLoad/rank3	indirect_load_nonvolatile_3d_hifloat8_t_int32_t	SIMT/IndirectLoad/rank3/indirect_load_nonvolatile_3d_hifloat8_t_int32_t.mlir	1	SIMT	Vector/SIMTIndirectLoad.aiv.c310.bc	meta_op.aiv.c310.bc
3	SIMT/IndirectLoad/rank3	indirect_load_nonvolatile_3d_hifloat8_t_int64_t	SIMT/IndirectLoad/rank3/indirect_load_nonvolatile_3d_hifloat8_t_int64_t.mlir	1	SIMT	Vector/SIMTIndirectLoad.aiv.c310.bc	meta_op.aiv.c310.bc
3	SIMT/IndirectLoad/rank3	indirect_load_nonvolatile_3d_int16_t_int32_t	SIMT/IndirectLoad/rank3/indirect_load_nonvolatile_3d_int16_t_int32_t.mlir	1	SIMT	Vector/SIMTIndirectLoad.aiv.c310.bc	meta_op.aiv.c310.bc
3	SIMT/IndirectLoad/rank3	indirect_load_nonvolatile_3d_int16_t_int64_t	SIMT/IndirectLoad/rank3/indirect_load_nonvolatile_3d_int16_t_int64_t.mlir	1	SIMT	Vector/SIMTIndirectLoad.aiv.c310.bc	meta_op.aiv.c310.bc
3	SIMT/IndirectLoad/rank3	indirect_load_nonvolatile_3d_int32_t_int32_t	SIMT/IndirectLoad/rank3/indirect_load_nonvolatile_3d_int32_t_int32_t.mlir	1	SIMT	Vector/SIMTIndirectLoad.aiv.c310.bc	meta_op.aiv.c310.bc
3	SIMT/IndirectLoad/rank3	indirect_load_nonvolatile_3d_int32_t_int64_t	SIMT/IndirectLoad/rank3/indirect_load_nonvolatile_3d_int32_t_int64_t.mlir	1	SIMT	Vector/SIMTIndirectLoad.aiv.c310.bc	meta_op.aiv.c310.bc
3	SIMT/IndirectLoad/rank3	indirect_load_nonvolatile_3d_int64_t_int32_t	SIMT/IndirectLoad/rank3/indirect_load_nonvolatile_3d_int64_t_int32_t.mlir	1	SIMT	Vector/SIMTIndirectLoad.aiv.c310.bc	meta_op.aiv.c310.bc
3	SIMT/IndirectLoad/rank3	indirect_load_nonvolatile_3d_int64_t_int64_t	SIMT/IndirectLoad/rank3/indirect_load_nonvolatile_3d_int64_t_int64_t.mlir	1	SIMT	Vector/SIMTIndirectLoad.aiv.c310.bc	meta_op.aiv.c310.bc
3	SIMT/IndirectLoad/rank3	indirect_load_nonvolatile_3d_int8_t_int32_t	SIMT/IndirectLoad/rank3/indirect_load_nonvolatile_3d_int8_t_int32_t.mlir	1	SIMT	Vector/SIMTIndirectLoad.aiv.c310.bc	meta_op.aiv.c310.bc
3	SIMT/IndirectLoad/rank3	indirect_load_nonvolatile_3d_int8_t_int64_t	SIMT/IndirectLoad/rank3/indirect_load_nonvolatile_3d_int8_t_int64_t.mlir	1	SIMT	Vector/SIMTIndirectLoad.aiv.c310.bc	meta_op.aiv.c310.bc
3	SIMT/IndirectLoad/rank3	indirect_load_nonvolatile_3d_uint16_t_int32_t	SIMT/IndirectLoad/rank3/indirect_load_nonvolatile_3d_uint16_t_int32_t.mlir	1	SIMT	Vector/SIMTIndirectLoad.aiv.c310.bc	meta_op.aiv.c310.bc
3	SIMT/IndirectLoad/rank3	indirect_load_nonvolatile_3d_uint16_t_int64_t	SIMT/IndirectLoad/rank3/indirect_load_nonvolatile_3d_uint16_t_int64_t.mlir	1	SIMT	Vector/SIMTIndirectLoad.aiv.c310.bc	meta_op.aiv.c310.bc
3	SIMT/IndirectLoad/rank3	indirect_load_nonvolatile_3d_uint32_t_int32_t	SIMT/IndirectLoad/rank3/indirect_load_nonvolatile_3d_uint32_t_int32_t.mlir	1	SIMT	Vector/SIMTIndirectLoad.aiv.c310.bc	meta_op.aiv.c310.bc
3	SIMT/IndirectLoad/rank3	indirect_load_nonvolatile_3d_uint32_t_int64_t	SIMT/IndirectLoad/rank3/indirect_load_nonvolatile_3d_uint32_t_int64_t.mlir	1	SIMT	Vector/SIMTIndirectLoad.aiv.c310.bc	meta_op.aiv.c310.bc
3	SIMT/IndirectLoad/rank3	indirect_load_nonvolatile_3d_uint64_t_int32_t	SIMT/IndirectLoad/rank3/indirect_load_nonvolatile_3d_uint64_t_int32_t.mlir	1	SIMT	Vector/SIMTIndirectLoad.aiv.c310.bc	meta_op.aiv.c310.bc
3	SIMT/IndirectLoad/rank3	indirect_load_nonvolatile_3d_uint64_t_int64_t	SIMT/IndirectLoad/rank3/indirect_load_nonvolatile_3d_uint64_t_int64_t.mlir	1	SIMT	Vector/SIMTIndirectLoad.aiv.c310.bc	meta_op.aiv.c310.bc
3	SIMT/IndirectLoad/rank3	indirect_load_nonvolatile_3d_uint8_t_int32_t	SIMT/IndirectLoad/rank3/indirect_load_nonvolatile_3d_uint8_t_int32_t.mlir	1	SIMT	Vector/SIMTIndirectLoad.aiv.c310.bc	meta_op.aiv.c310.bc
3	SIMT/IndirectLoad/rank3	indirect_load_nonvolatile_3d_uint8_t_int64_t	SIMT/IndirectLoad/rank3/indirect_load_nonvolatile_3d_uint8_t_int64_t.mlir	1	SIMT	Vector/SIMTIndirectLoad.aiv.c310.bc	meta_op.aiv.c310.bc
3	SIMT/IndirectLoad/rank4-rank5	indirect_load_4d_bfloat16_t_int32_t	SIMT/IndirectLoad/rank4-rank5/indirect_load_4d_bfloat16_t_int32_t.mlir	1	SIMT	Vector/SIMTIndirectLoad.aiv.c310.bc	meta_op.aiv.c310.bc
3	SIMT/IndirectLoad/rank4-rank5	indirect_load_4d_bfloat16_t_int64_t	SIMT/IndirectLoad/rank4-rank5/indirect_load_4d_bfloat16_t_int64_t.mlir	1	SIMT	Vector/SIMTIndirectLoad.aiv.c310.bc	meta_op.aiv.c310.bc
3	SIMT/IndirectLoad/rank4-rank5	indirect_load_4d_bool_int32_t	SIMT/IndirectLoad/rank4-rank5/indirect_load_4d_bool_int32_t.mlir	1	SIMT	Vector/SIMTIndirectLoad.aiv.c310.bc	meta_op.aiv.c310.bc
3	SIMT/IndirectLoad/rank4-rank5	indirect_load_4d_bool_int64_t	SIMT/IndirectLoad/rank4-rank5/indirect_load_4d_bool_int64_t.mlir	1	SIMT	Vector/SIMTIndirectLoad.aiv.c310.bc	meta_op.aiv.c310.bc
3	SIMT/IndirectLoad/rank4-rank5	indirect_load_4d_float8_e4m3_t_int32_t	SIMT/IndirectLoad/rank4-rank5/indirect_load_4d_float8_e4m3_t_int32_t.mlir	1	SIMT	Vector/SIMTIndirectLoad.aiv.c310.bc	meta_op.aiv.c310.bc
3	SIMT/IndirectLoad/rank4-rank5	indirect_load_4d_float8_e4m3_t_int64_t	SIMT/IndirectLoad/rank4-rank5/indirect_load_4d_float8_e4m3_t_int64_t.mlir	1	SIMT	Vector/SIMTIndirectLoad.aiv.c310.bc	meta_op.aiv.c310.bc
3	SIMT/IndirectLoad/rank4-rank5	indirect_load_4d_float8_e5m2_t_int32_t	SIMT/IndirectLoad/rank4-rank5/indirect_load_4d_float8_e5m2_t_int32_t.mlir	1	SIMT	Vector/SIMTIndirectLoad.aiv.c310.bc	meta_op.aiv.c310.bc
3	SIMT/IndirectLoad/rank4-rank5	indirect_load_4d_float8_e5m2_t_int64_t	SIMT/IndirectLoad/rank4-rank5/indirect_load_4d_float8_e5m2_t_int64_t.mlir	1	SIMT	Vector/SIMTIndirectLoad.aiv.c310.bc	meta_op.aiv.c310.bc
3	SIMT/IndirectLoad/rank4-rank5	indirect_load_4d_float_int32_t	SIMT/IndirectLoad/rank4-rank5/indirect_load_4d_float_int32_t.mlir	1	SIMT	Vector/SIMTIndirectLoad.aiv.c310.bc	meta_op.aiv.c310.bc
3	SIMT/IndirectLoad/rank4-rank5	indirect_load_4d_float_int64_t	SIMT/IndirectLoad/rank4-rank5/indirect_load_4d_float_int64_t.mlir	1	SIMT	Vector/SIMTIndirectLoad.aiv.c310.bc	meta_op.aiv.c310.bc
3	SIMT/IndirectLoad/rank4-rank5	indirect_load_4d_half_int32_t	SIMT/IndirectLoad/rank4-rank5/indirect_load_4d_half_int32_t.mlir	1	SIMT	Vector/SIMTIndirectLoad.aiv.c310.bc	meta_op.aiv.c310.bc
3	SIMT/IndirectLoad/rank4-rank5	indirect_load_4d_half_int64_t	SIMT/IndirectLoad/rank4-rank5/indirect_load_4d_half_int64_t.mlir	1	SIMT	Vector/SIMTIndirectLoad.aiv.c310.bc	meta_op.aiv.c310.bc
3	SIMT/IndirectLoad/rank4-rank5	indirect_load_4d_hifloat4x2_t_int32_t	SIMT/IndirectLoad/rank4-rank5/indirect_load_4d_hifloat4x2_t_int32_t.mlir	1	SIMT	Vector/SIMTIndirectLoad.aiv.c310.bc	meta_op.aiv.c310.bc
3	SIMT/IndirectLoad/rank4-rank5	indirect_load_4d_hifloat4x2_t_int64_t	SIMT/IndirectLoad/rank4-rank5/indirect_load_4d_hifloat4x2_t_int64_t.mlir	1	SIMT	Vector/SIMTIndirectLoad.aiv.c310.bc	meta_op.aiv.c310.bc
3	SIMT/IndirectLoad/rank4-rank5	indirect_load_4d_hifloat8_t_int32_t	SIMT/IndirectLoad/rank4-rank5/indirect_load_4d_hifloat8_t_int32_t.mlir	1	SIMT	Vector/SIMTIndirectLoad.aiv.c310.bc	meta_op.aiv.c310.bc
3	SIMT/IndirectLoad/rank4-rank5	indirect_load_4d_hifloat8_t_int64_t	SIMT/IndirectLoad/rank4-rank5/indirect_load_4d_hifloat8_t_int64_t.mlir	1	SIMT	Vector/SIMTIndirectLoad.aiv.c310.bc	meta_op.aiv.c310.bc
3	SIMT/IndirectLoad/rank4-rank5	indirect_load_4d_int16_t_int32_t	SIMT/IndirectLoad/rank4-rank5/indirect_load_4d_int16_t_int32_t.mlir	1	SIMT	Vector/SIMTIndirectLoad.aiv.c310.bc	meta_op.aiv.c310.bc
3	SIMT/IndirectLoad/rank4-rank5	indirect_load_4d_int16_t_int64_t	SIMT/IndirectLoad/rank4-rank5/indirect_load_4d_int16_t_int64_t.mlir	1	SIMT	Vector/SIMTIndirectLoad.aiv.c310.bc	meta_op.aiv.c310.bc
3	SIMT/IndirectLoad/rank4-rank5	indirect_load_4d_int32_t_int32_t	SIMT/IndirectLoad/rank4-rank5/indirect_load_4d_int32_t_int32_t.mlir	1	SIMT	Vector/SIMTIndirectLoad.aiv.c310.bc	meta_op.aiv.c310.bc
3	SIMT/IndirectLoad/rank4-rank5	indirect_load_4d_int32_t_int64_t	SIMT/IndirectLoad/rank4-rank5/indirect_load_4d_int32_t_int64_t.mlir	1	SIMT	Vector/SIMTIndirectLoad.aiv.c310.bc	meta_op.aiv.c310.bc
3	SIMT/IndirectLoad/rank4-rank5	indirect_load_4d_int64_t_int32_t	SIMT/IndirectLoad/rank4-rank5/indirect_load_4d_int64_t_int32_t.mlir	1	SIMT	Vector/SIMTIndirectLoad.aiv.c310.bc	meta_op.aiv.c310.bc
3	SIMT/IndirectLoad/rank4-rank5	indirect_load_4d_int64_t_int64_t	SIMT/IndirectLoad/rank4-rank5/indirect_load_4d_int64_t_int64_t.mlir	1	SIMT	Vector/SIMTIndirectLoad.aiv.c310.bc	meta_op.aiv.c310.bc
3	SIMT/IndirectLoad/rank4-rank5	indirect_load_4d_int8_t_int32_t	SIMT/IndirectLoad/rank4-rank5/indirect_load_4d_int8_t_int32_t.mlir	1	SIMT	Vector/SIMTIndirectLoad.aiv.c310.bc	meta_op.aiv.c310.bc
3	SIMT/IndirectLoad/rank4-rank5	indirect_load_4d_int8_t_int64_t	SIMT/IndirectLoad/rank4-rank5/indirect_load_4d_int8_t_int64_t.mlir	1	SIMT	Vector/SIMTIndirectLoad.aiv.c310.bc	meta_op.aiv.c310.bc
3	SIMT/IndirectLoad/rank4-rank5	indirect_load_4d_uint16_t_int32_t	SIMT/IndirectLoad/rank4-rank5/indirect_load_4d_uint16_t_int32_t.mlir	1	SIMT	Vector/SIMTIndirectLoad.aiv.c310.bc	meta_op.aiv.c310.bc
3	SIMT/IndirectLoad/rank4-rank5	indirect_load_4d_uint16_t_int64_t	SIMT/IndirectLoad/rank4-rank5/indirect_load_4d_uint16_t_int64_t.mlir	1	SIMT	Vector/SIMTIndirectLoad.aiv.c310.bc	meta_op.aiv.c310.bc
3	SIMT/IndirectLoad/rank4-rank5	indirect_load_4d_uint32_t_int32_t	SIMT/IndirectLoad/rank4-rank5/indirect_load_4d_uint32_t_int32_t.mlir	1	SIMT	Vector/SIMTIndirectLoad.aiv.c310.bc	meta_op.aiv.c310.bc
3	SIMT/IndirectLoad/rank4-rank5	indirect_load_4d_uint32_t_int64_t	SIMT/IndirectLoad/rank4-rank5/indirect_load_4d_uint32_t_int64_t.mlir	1	SIMT	Vector/SIMTIndirectLoad.aiv.c310.bc	meta_op.aiv.c310.bc
3	SIMT/IndirectLoad/rank4-rank5	indirect_load_4d_uint64_t_int32_t	SIMT/IndirectLoad/rank4-rank5/indirect_load_4d_uint64_t_int32_t.mlir	1	SIMT	Vector/SIMTIndirectLoad.aiv.c310.bc	meta_op.aiv.c310.bc
3	SIMT/IndirectLoad/rank4-rank5	indirect_load_4d_uint64_t_int64_t	SIMT/IndirectLoad/rank4-rank5/indirect_load_4d_uint64_t_int64_t.mlir	1	SIMT	Vector/SIMTIndirectLoad.aiv.c310.bc	meta_op.aiv.c310.bc
3	SIMT/IndirectLoad/rank4-rank5	indirect_load_4d_uint8_t_int32_t	SIMT/IndirectLoad/rank4-rank5/indirect_load_4d_uint8_t_int32_t.mlir	1	SIMT	Vector/SIMTIndirectLoad.aiv.c310.bc	meta_op.aiv.c310.bc
3	SIMT/IndirectLoad/rank4-rank5	indirect_load_4d_uint8_t_int64_t	SIMT/IndirectLoad/rank4-rank5/indirect_load_4d_uint8_t_int64_t.mlir	1	SIMT	Vector/SIMTIndirectLoad.aiv.c310.bc	meta_op.aiv.c310.bc
3	SIMT/IndirectLoad/rank4-rank5	indirect_load_5d_bfloat16_t_int32_t	SIMT/IndirectLoad/rank4-rank5/indirect_load_5d_bfloat16_t_int32_t.mlir	1	SIMT	Vector/SIMTIndirectLoad.aiv.c310.bc	meta_op.aiv.c310.bc
3	SIMT/IndirectLoad/rank4-rank5	indirect_load_5d_bfloat16_t_int64_t	SIMT/IndirectLoad/rank4-rank5/indirect_load_5d_bfloat16_t_int64_t.mlir	1	SIMT	Vector/SIMTIndirectLoad.aiv.c310.bc	meta_op.aiv.c310.bc
3	SIMT/IndirectLoad/rank4-rank5	indirect_load_5d_bool_int32_t	SIMT/IndirectLoad/rank4-rank5/indirect_load_5d_bool_int32_t.mlir	1	SIMT	Vector/SIMTIndirectLoad.aiv.c310.bc	meta_op.aiv.c310.bc
3	SIMT/IndirectLoad/rank4-rank5	indirect_load_5d_bool_int64_t	SIMT/IndirectLoad/rank4-rank5/indirect_load_5d_bool_int64_t.mlir	1	SIMT	Vector/SIMTIndirectLoad.aiv.c310.bc	meta_op.aiv.c310.bc
3	SIMT/IndirectLoad/rank4-rank5	indirect_load_5d_float8_e4m3_t_int32_t	SIMT/IndirectLoad/rank4-rank5/indirect_load_5d_float8_e4m3_t_int32_t.mlir	1	SIMT	Vector/SIMTIndirectLoad.aiv.c310.bc	meta_op.aiv.c310.bc
3	SIMT/IndirectLoad/rank4-rank5	indirect_load_5d_float8_e4m3_t_int64_t	SIMT/IndirectLoad/rank4-rank5/indirect_load_5d_float8_e4m3_t_int64_t.mlir	1	SIMT	Vector/SIMTIndirectLoad.aiv.c310.bc	meta_op.aiv.c310.bc
3	SIMT/IndirectLoad/rank4-rank5	indirect_load_5d_float8_e5m2_t_int32_t	SIMT/IndirectLoad/rank4-rank5/indirect_load_5d_float8_e5m2_t_int32_t.mlir	1	SIMT	Vector/SIMTIndirectLoad.aiv.c310.bc	meta_op.aiv.c310.bc
3	SIMT/IndirectLoad/rank4-rank5	indirect_load_5d_float8_e5m2_t_int64_t	SIMT/IndirectLoad/rank4-rank5/indirect_load_5d_float8_e5m2_t_int64_t.mlir	1	SIMT	Vector/SIMTIndirectLoad.aiv.c310.bc	meta_op.aiv.c310.bc
3	SIMT/IndirectLoad/rank4-rank5	indirect_load_5d_float_int32_t	SIMT/IndirectLoad/rank4-rank5/indirect_load_5d_float_int32_t.mlir	1	SIMT	Vector/SIMTIndirectLoad.aiv.c310.bc	meta_op.aiv.c310.bc
3	SIMT/IndirectLoad/rank4-rank5	indirect_load_5d_float_int64_t	SIMT/IndirectLoad/rank4-rank5/indirect_load_5d_float_int64_t.mlir	1	SIMT	Vector/SIMTIndirectLoad.aiv.c310.bc	meta_op.aiv.c310.bc
3	SIMT/IndirectLoad/rank4-rank5	indirect_load_5d_half_int32_t	SIMT/IndirectLoad/rank4-rank5/indirect_load_5d_half_int32_t.mlir	1	SIMT	Vector/SIMTIndirectLoad.aiv.c310.bc	meta_op.aiv.c310.bc
3	SIMT/IndirectLoad/rank4-rank5	indirect_load_5d_half_int64_t	SIMT/IndirectLoad/rank4-rank5/indirect_load_5d_half_int64_t.mlir	1	SIMT	Vector/SIMTIndirectLoad.aiv.c310.bc	meta_op.aiv.c310.bc
3	SIMT/IndirectLoad/rank4-rank5	indirect_load_5d_hifloat4x2_t_int32_t	SIMT/IndirectLoad/rank4-rank5/indirect_load_5d_hifloat4x2_t_int32_t.mlir	1	SIMT	Vector/SIMTIndirectLoad.aiv.c310.bc	meta_op.aiv.c310.bc
3	SIMT/IndirectLoad/rank4-rank5	indirect_load_5d_hifloat4x2_t_int64_t	SIMT/IndirectLoad/rank4-rank5/indirect_load_5d_hifloat4x2_t_int64_t.mlir	1	SIMT	Vector/SIMTIndirectLoad.aiv.c310.bc	meta_op.aiv.c310.bc
3	SIMT/IndirectLoad/rank4-rank5	indirect_load_5d_hifloat8_t_int32_t	SIMT/IndirectLoad/rank4-rank5/indirect_load_5d_hifloat8_t_int32_t.mlir	1	SIMT	Vector/SIMTIndirectLoad.aiv.c310.bc	meta_op.aiv.c310.bc
3	SIMT/IndirectLoad/rank4-rank5	indirect_load_5d_hifloat8_t_int64_t	SIMT/IndirectLoad/rank4-rank5/indirect_load_5d_hifloat8_t_int64_t.mlir	1	SIMT	Vector/SIMTIndirectLoad.aiv.c310.bc	meta_op.aiv.c310.bc
3	SIMT/IndirectLoad/rank4-rank5	indirect_load_5d_int16_t_int32_t	SIMT/IndirectLoad/rank4-rank5/indirect_load_5d_int16_t_int32_t.mlir	1	SIMT	Vector/SIMTIndirectLoad.aiv.c310.bc	meta_op.aiv.c310.bc
3	SIMT/IndirectLoad/rank4-rank5	indirect_load_5d_int16_t_int64_t	SIMT/IndirectLoad/rank4-rank5/indirect_load_5d_int16_t_int64_t.mlir	1	SIMT	Vector/SIMTIndirectLoad.aiv.c310.bc	meta_op.aiv.c310.bc
3	SIMT/IndirectLoad/rank4-rank5	indirect_load_5d_int32_t_int32_t	SIMT/IndirectLoad/rank4-rank5/indirect_load_5d_int32_t_int32_t.mlir	1	SIMT	Vector/SIMTIndirectLoad.aiv.c310.bc	meta_op.aiv.c310.bc
3	SIMT/IndirectLoad/rank4-rank5	indirect_load_5d_int32_t_int64_t	SIMT/IndirectLoad/rank4-rank5/indirect_load_5d_int32_t_int64_t.mlir	1	SIMT	Vector/SIMTIndirectLoad.aiv.c310.bc	meta_op.aiv.c310.bc
3	SIMT/IndirectLoad/rank4-rank5	indirect_load_5d_int64_t_int32_t	SIMT/IndirectLoad/rank4-rank5/indirect_load_5d_int64_t_int32_t.mlir	1	SIMT	Vector/SIMTIndirectLoad.aiv.c310.bc	meta_op.aiv.c310.bc
3	SIMT/IndirectLoad/rank4-rank5	indirect_load_5d_int64_t_int64_t	SIMT/IndirectLoad/rank4-rank5/indirect_load_5d_int64_t_int64_t.mlir	1	SIMT	Vector/SIMTIndirectLoad.aiv.c310.bc	meta_op.aiv.c310.bc
3	SIMT/IndirectLoad/rank4-rank5	indirect_load_5d_int8_t_int32_t	SIMT/IndirectLoad/rank4-rank5/indirect_load_5d_int8_t_int32_t.mlir	1	SIMT	Vector/SIMTIndirectLoad.aiv.c310.bc	meta_op.aiv.c310.bc
3	SIMT/IndirectLoad/rank4-rank5	indirect_load_5d_int8_t_int64_t	SIMT/IndirectLoad/rank4-rank5/indirect_load_5d_int8_t_int64_t.mlir	1	SIMT	Vector/SIMTIndirectLoad.aiv.c310.bc	meta_op.aiv.c310.bc
3	SIMT/IndirectLoad/rank4-rank5	indirect_load_5d_uint16_t_int32_t	SIMT/IndirectLoad/rank4-rank5/indirect_load_5d_uint16_t_int32_t.mlir	1	SIMT	Vector/SIMTIndirectLoad.aiv.c310.bc	meta_op.aiv.c310.bc
3	SIMT/IndirectLoad/rank4-rank5	indirect_load_5d_uint16_t_int64_t	SIMT/IndirectLoad/rank4-rank5/indirect_load_5d_uint16_t_int64_t.mlir	1	SIMT	Vector/SIMTIndirectLoad.aiv.c310.bc	meta_op.aiv.c310.bc
3	SIMT/IndirectLoad/rank4-rank5	indirect_load_5d_uint32_t_int32_t	SIMT/IndirectLoad/rank4-rank5/indirect_load_5d_uint32_t_int32_t.mlir	1	SIMT	Vector/SIMTIndirectLoad.aiv.c310.bc	meta_op.aiv.c310.bc
3	SIMT/IndirectLoad/rank4-rank5	indirect_load_5d_uint32_t_int64_t	SIMT/IndirectLoad/rank4-rank5/indirect_load_5d_uint32_t_int64_t.mlir	1	SIMT	Vector/SIMTIndirectLoad.aiv.c310.bc	meta_op.aiv.c310.bc
3	SIMT/IndirectLoad/rank4-rank5	indirect_load_5d_uint64_t_int32_t	SIMT/IndirectLoad/rank4-rank5/indirect_load_5d_uint64_t_int32_t.mlir	1	SIMT	Vector/SIMTIndirectLoad.aiv.c310.bc	meta_op.aiv.c310.bc
3	SIMT/IndirectLoad/rank4-rank5	indirect_load_5d_uint64_t_int64_t	SIMT/IndirectLoad/rank4-rank5/indirect_load_5d_uint64_t_int64_t.mlir	1	SIMT	Vector/SIMTIndirectLoad.aiv.c310.bc	meta_op.aiv.c310.bc
3	SIMT/IndirectLoad/rank4-rank5	indirect_load_5d_uint8_t_int32_t	SIMT/IndirectLoad/rank4-rank5/indirect_load_5d_uint8_t_int32_t.mlir	1	SIMT	Vector/SIMTIndirectLoad.aiv.c310.bc	meta_op.aiv.c310.bc
3	SIMT/IndirectLoad/rank4-rank5	indirect_load_5d_uint8_t_int64_t	SIMT/IndirectLoad/rank4-rank5/indirect_load_5d_uint8_t_int64_t.mlir	1	SIMT	Vector/SIMTIndirectLoad.aiv.c310.bc	meta_op.aiv.c310.bc
3	SIMT/IndirectLoad/rank4-rank5	indirect_load_nonvolatile_4d_bfloat16_t_int32_t	SIMT/IndirectLoad/rank4-rank5/indirect_load_nonvolatile_4d_bfloat16_t_int32_t.mlir	1	SIMT	Vector/SIMTIndirectLoad.aiv.c310.bc	meta_op.aiv.c310.bc
3	SIMT/IndirectLoad/rank4-rank5	indirect_load_nonvolatile_4d_bfloat16_t_int64_t	SIMT/IndirectLoad/rank4-rank5/indirect_load_nonvolatile_4d_bfloat16_t_int64_t.mlir	1	SIMT	Vector/SIMTIndirectLoad.aiv.c310.bc	meta_op.aiv.c310.bc
3	SIMT/IndirectLoad/rank4-rank5	indirect_load_nonvolatile_4d_bool_int32_t	SIMT/IndirectLoad/rank4-rank5/indirect_load_nonvolatile_4d_bool_int32_t.mlir	1	SIMT	Vector/SIMTIndirectLoad.aiv.c310.bc	meta_op.aiv.c310.bc
3	SIMT/IndirectLoad/rank4-rank5	indirect_load_nonvolatile_4d_bool_int64_t	SIMT/IndirectLoad/rank4-rank5/indirect_load_nonvolatile_4d_bool_int64_t.mlir	1	SIMT	Vector/SIMTIndirectLoad.aiv.c310.bc	meta_op.aiv.c310.bc
3	SIMT/IndirectLoad/rank4-rank5	indirect_load_nonvolatile_4d_float8_e4m3_t_int32_t	SIMT/IndirectLoad/rank4-rank5/indirect_load_nonvolatile_4d_float8_e4m3_t_int32_t.mlir	1	SIMT	Vector/SIMTIndirectLoad.aiv.c310.bc	meta_op.aiv.c310.bc
3	SIMT/IndirectLoad/rank4-rank5	indirect_load_nonvolatile_4d_float8_e4m3_t_int64_t	SIMT/IndirectLoad/rank4-rank5/indirect_load_nonvolatile_4d_float8_e4m3_t_int64_t.mlir	1	SIMT	Vector/SIMTIndirectLoad.aiv.c310.bc	meta_op.aiv.c310.bc
3	SIMT/IndirectLoad/rank4-rank5	indirect_load_nonvolatile_4d_float8_e5m2_t_int32_t	SIMT/IndirectLoad/rank4-rank5/indirect_load_nonvolatile_4d_float8_e5m2_t_int32_t.mlir	1	SIMT	Vector/SIMTIndirectLoad.aiv.c310.bc	meta_op.aiv.c310.bc
3	SIMT/IndirectLoad/rank4-rank5	indirect_load_nonvolatile_4d_float8_e5m2_t_int64_t	SIMT/IndirectLoad/rank4-rank5/indirect_load_nonvolatile_4d_float8_e5m2_t_int64_t.mlir	1	SIMT	Vector/SIMTIndirectLoad.aiv.c310.bc	meta_op.aiv.c310.bc
3	SIMT/IndirectLoad/rank4-rank5	indirect_load_nonvolatile_4d_float_int32_t	SIMT/IndirectLoad/rank4-rank5/indirect_load_nonvolatile_4d_float_int32_t.mlir	1	SIMT	Vector/SIMTIndirectLoad.aiv.c310.bc	meta_op.aiv.c310.bc
3	SIMT/IndirectLoad/rank4-rank5	indirect_load_nonvolatile_4d_float_int64_t	SIMT/IndirectLoad/rank4-rank5/indirect_load_nonvolatile_4d_float_int64_t.mlir	1	SIMT	Vector/SIMTIndirectLoad.aiv.c310.bc	meta_op.aiv.c310.bc
3	SIMT/IndirectLoad/rank4-rank5	indirect_load_nonvolatile_4d_half_int32_t	SIMT/IndirectLoad/rank4-rank5/indirect_load_nonvolatile_4d_half_int32_t.mlir	1	SIMT	Vector/SIMTIndirectLoad.aiv.c310.bc	meta_op.aiv.c310.bc
3	SIMT/IndirectLoad/rank4-rank5	indirect_load_nonvolatile_4d_half_int64_t	SIMT/IndirectLoad/rank4-rank5/indirect_load_nonvolatile_4d_half_int64_t.mlir	1	SIMT	Vector/SIMTIndirectLoad.aiv.c310.bc	meta_op.aiv.c310.bc
3	SIMT/IndirectLoad/rank4-rank5	indirect_load_nonvolatile_4d_hifloat4x2_t_int32_t	SIMT/IndirectLoad/rank4-rank5/indirect_load_nonvolatile_4d_hifloat4x2_t_int32_t.mlir	1	SIMT	Vector/SIMTIndirectLoad.aiv.c310.bc	meta_op.aiv.c310.bc
3	SIMT/IndirectLoad/rank4-rank5	indirect_load_nonvolatile_4d_hifloat4x2_t_int64_t	SIMT/IndirectLoad/rank4-rank5/indirect_load_nonvolatile_4d_hifloat4x2_t_int64_t.mlir	1	SIMT	Vector/SIMTIndirectLoad.aiv.c310.bc	meta_op.aiv.c310.bc
3	SIMT/IndirectLoad/rank4-rank5	indirect_load_nonvolatile_4d_hifloat8_t_int32_t	SIMT/IndirectLoad/rank4-rank5/indirect_load_nonvolatile_4d_hifloat8_t_int32_t.mlir	1	SIMT	Vector/SIMTIndirectLoad.aiv.c310.bc	meta_op.aiv.c310.bc
3	SIMT/IndirectLoad/rank4-rank5	indirect_load_nonvolatile_4d_hifloat8_t_int64_t	SIMT/IndirectLoad/rank4-rank5/indirect_load_nonvolatile_4d_hifloat8_t_int64_t.mlir	1	SIMT	Vector/SIMTIndirectLoad.aiv.c310.bc	meta_op.aiv.c310.bc
3	SIMT/IndirectLoad/rank4-rank5	indirect_load_nonvolatile_4d_int16_t_int32_t	SIMT/IndirectLoad/rank4-rank5/indirect_load_nonvolatile_4d_int16_t_int32_t.mlir	1	SIMT	Vector/SIMTIndirectLoad.aiv.c310.bc	meta_op.aiv.c310.bc
3	SIMT/IndirectLoad/rank4-rank5	indirect_load_nonvolatile_4d_int16_t_int64_t	SIMT/IndirectLoad/rank4-rank5/indirect_load_nonvolatile_4d_int16_t_int64_t.mlir	1	SIMT	Vector/SIMTIndirectLoad.aiv.c310.bc	meta_op.aiv.c310.bc
3	SIMT/IndirectLoad/rank4-rank5	indirect_load_nonvolatile_4d_int32_t_int32_t	SIMT/IndirectLoad/rank4-rank5/indirect_load_nonvolatile_4d_int32_t_int32_t.mlir	1	SIMT	Vector/SIMTIndirectLoad.aiv.c310.bc	meta_op.aiv.c310.bc
3	SIMT/IndirectLoad/rank4-rank5	indirect_load_nonvolatile_4d_int32_t_int64_t	SIMT/IndirectLoad/rank4-rank5/indirect_load_nonvolatile_4d_int32_t_int64_t.mlir	1	SIMT	Vector/SIMTIndirectLoad.aiv.c310.bc	meta_op.aiv.c310.bc
3	SIMT/IndirectLoad/rank4-rank5	indirect_load_nonvolatile_4d_int64_t_int32_t	SIMT/IndirectLoad/rank4-rank5/indirect_load_nonvolatile_4d_int64_t_int32_t.mlir	1	SIMT	Vector/SIMTIndirectLoad.aiv.c310.bc	meta_op.aiv.c310.bc
3	SIMT/IndirectLoad/rank4-rank5	indirect_load_nonvolatile_4d_int64_t_int64_t	SIMT/IndirectLoad/rank4-rank5/indirect_load_nonvolatile_4d_int64_t_int64_t.mlir	1	SIMT	Vector/SIMTIndirectLoad.aiv.c310.bc	meta_op.aiv.c310.bc
3	SIMT/IndirectLoad/rank4-rank5	indirect_load_nonvolatile_4d_int8_t_int32_t	SIMT/IndirectLoad/rank4-rank5/indirect_load_nonvolatile_4d_int8_t_int32_t.mlir	1	SIMT	Vector/SIMTIndirectLoad.aiv.c310.bc	meta_op.aiv.c310.bc
3	SIMT/IndirectLoad/rank4-rank5	indirect_load_nonvolatile_4d_int8_t_int64_t	SIMT/IndirectLoad/rank4-rank5/indirect_load_nonvolatile_4d_int8_t_int64_t.mlir	1	SIMT	Vector/SIMTIndirectLoad.aiv.c310.bc	meta_op.aiv.c310.bc
3	SIMT/IndirectLoad/rank4-rank5	indirect_load_nonvolatile_4d_uint16_t_int32_t	SIMT/IndirectLoad/rank4-rank5/indirect_load_nonvolatile_4d_uint16_t_int32_t.mlir	1	SIMT	Vector/SIMTIndirectLoad.aiv.c310.bc	meta_op.aiv.c310.bc
3	SIMT/IndirectLoad/rank4-rank5	indirect_load_nonvolatile_4d_uint16_t_int64_t	SIMT/IndirectLoad/rank4-rank5/indirect_load_nonvolatile_4d_uint16_t_int64_t.mlir	1	SIMT	Vector/SIMTIndirectLoad.aiv.c310.bc	meta_op.aiv.c310.bc
3	SIMT/IndirectLoad/rank4-rank5	indirect_load_nonvolatile_4d_uint32_t_int32_t	SIMT/IndirectLoad/rank4-rank5/indirect_load_nonvolatile_4d_uint32_t_int32_t.mlir	1	SIMT	Vector/SIMTIndirectLoad.aiv.c310.bc	meta_op.aiv.c310.bc
3	SIMT/IndirectLoad/rank4-rank5	indirect_load_nonvolatile_4d_uint32_t_int64_t	SIMT/IndirectLoad/rank4-rank5/indirect_load_nonvolatile_4d_uint32_t_int64_t.mlir	1	SIMT	Vector/SIMTIndirectLoad.aiv.c310.bc	meta_op.aiv.c310.bc
3	SIMT/IndirectLoad/rank4-rank5	indirect_load_nonvolatile_4d_uint64_t_int32_t	SIMT/IndirectLoad/rank4-rank5/indirect_load_nonvolatile_4d_uint64_t_int32_t.mlir	1	SIMT	Vector/SIMTIndirectLoad.aiv.c310.bc	meta_op.aiv.c310.bc
3	SIMT/IndirectLoad/rank4-rank5	indirect_load_nonvolatile_4d_uint64_t_int64_t	SIMT/IndirectLoad/rank4-rank5/indirect_load_nonvolatile_4d_uint64_t_int64_t.mlir	1	SIMT	Vector/SIMTIndirectLoad.aiv.c310.bc	meta_op.aiv.c310.bc
3	SIMT/IndirectLoad/rank4-rank5	indirect_load_nonvolatile_4d_uint8_t_int32_t	SIMT/IndirectLoad/rank4-rank5/indirect_load_nonvolatile_4d_uint8_t_int32_t.mlir	1	SIMT	Vector/SIMTIndirectLoad.aiv.c310.bc	meta_op.aiv.c310.bc
3	SIMT/IndirectLoad/rank4-rank5	indirect_load_nonvolatile_4d_uint8_t_int64_t	SIMT/IndirectLoad/rank4-rank5/indirect_load_nonvolatile_4d_uint8_t_int64_t.mlir	1	SIMT	Vector/SIMTIndirectLoad.aiv.c310.bc	meta_op.aiv.c310.bc
3	SIMT/IndirectLoad/rank4-rank5	indirect_load_nonvolatile_5d_bfloat16_t_int32_t	SIMT/IndirectLoad/rank4-rank5/indirect_load_nonvolatile_5d_bfloat16_t_int32_t.mlir	1	SIMT	Vector/SIMTIndirectLoad.aiv.c310.bc	meta_op.aiv.c310.bc
3	SIMT/IndirectLoad/rank4-rank5	indirect_load_nonvolatile_5d_bfloat16_t_int64_t	SIMT/IndirectLoad/rank4-rank5/indirect_load_nonvolatile_5d_bfloat16_t_int64_t.mlir	1	SIMT	Vector/SIMTIndirectLoad.aiv.c310.bc	meta_op.aiv.c310.bc
3	SIMT/IndirectLoad/rank4-rank5	indirect_load_nonvolatile_5d_bool_int32_t	SIMT/IndirectLoad/rank4-rank5/indirect_load_nonvolatile_5d_bool_int32_t.mlir	1	SIMT	Vector/SIMTIndirectLoad.aiv.c310.bc	meta_op.aiv.c310.bc
3	SIMT/IndirectLoad/rank4-rank5	indirect_load_nonvolatile_5d_bool_int64_t	SIMT/IndirectLoad/rank4-rank5/indirect_load_nonvolatile_5d_bool_int64_t.mlir	1	SIMT	Vector/SIMTIndirectLoad.aiv.c310.bc	meta_op.aiv.c310.bc
3	SIMT/IndirectLoad/rank4-rank5	indirect_load_nonvolatile_5d_float8_e4m3_t_int32_t	SIMT/IndirectLoad/rank4-rank5/indirect_load_nonvolatile_5d_float8_e4m3_t_int32_t.mlir	1	SIMT	Vector/SIMTIndirectLoad.aiv.c310.bc	meta_op.aiv.c310.bc
3	SIMT/IndirectLoad/rank4-rank5	indirect_load_nonvolatile_5d_float8_e4m3_t_int64_t	SIMT/IndirectLoad/rank4-rank5/indirect_load_nonvolatile_5d_float8_e4m3_t_int64_t.mlir	1	SIMT	Vector/SIMTIndirectLoad.aiv.c310.bc	meta_op.aiv.c310.bc
3	SIMT/IndirectLoad/rank4-rank5	indirect_load_nonvolatile_5d_float8_e5m2_t_int32_t	SIMT/IndirectLoad/rank4-rank5/indirect_load_nonvolatile_5d_float8_e5m2_t_int32_t.mlir	1	SIMT	Vector/SIMTIndirectLoad.aiv.c310.bc	meta_op.aiv.c310.bc
3	SIMT/IndirectLoad/rank4-rank5	indirect_load_nonvolatile_5d_float8_e5m2_t_int64_t	SIMT/IndirectLoad/rank4-rank5/indirect_load_nonvolatile_5d_float8_e5m2_t_int64_t.mlir	1	SIMT	Vector/SIMTIndirectLoad.aiv.c310.bc	meta_op.aiv.c310.bc
3	SIMT/IndirectLoad/rank4-rank5	indirect_load_nonvolatile_5d_float_int32_t	SIMT/IndirectLoad/rank4-rank5/indirect_load_nonvolatile_5d_float_int32_t.mlir	1	SIMT	Vector/SIMTIndirectLoad.aiv.c310.bc	meta_op.aiv.c310.bc
3	SIMT/IndirectLoad/rank4-rank5	indirect_load_nonvolatile_5d_float_int64_t	SIMT/IndirectLoad/rank4-rank5/indirect_load_nonvolatile_5d_float_int64_t.mlir	1	SIMT	Vector/SIMTIndirectLoad.aiv.c310.bc	meta_op.aiv.c310.bc
3	SIMT/IndirectLoad/rank4-rank5	indirect_load_nonvolatile_5d_half_int32_t	SIMT/IndirectLoad/rank4-rank5/indirect_load_nonvolatile_5d_half_int32_t.mlir	1	SIMT	Vector/SIMTIndirectLoad.aiv.c310.bc	meta_op.aiv.c310.bc
3	SIMT/IndirectLoad/rank4-rank5	indirect_load_nonvolatile_5d_half_int64_t	SIMT/IndirectLoad/rank4-rank5/indirect_load_nonvolatile_5d_half_int64_t.mlir	1	SIMT	Vector/SIMTIndirectLoad.aiv.c310.bc	meta_op.aiv.c310.bc
3	SIMT/IndirectLoad/rank4-rank5	indirect_load_nonvolatile_5d_hifloat4x2_t_int32_t	SIMT/IndirectLoad/rank4-rank5/indirect_load_nonvolatile_5d_hifloat4x2_t_int32_t.mlir	1	SIMT	Vector/SIMTIndirectLoad.aiv.c310.bc	meta_op.aiv.c310.bc
3	SIMT/IndirectLoad/rank4-rank5	indirect_load_nonvolatile_5d_hifloat4x2_t_int64_t	SIMT/IndirectLoad/rank4-rank5/indirect_load_nonvolatile_5d_hifloat4x2_t_int64_t.mlir	1	SIMT	Vector/SIMTIndirectLoad.aiv.c310.bc	meta_op.aiv.c310.bc
3	SIMT/IndirectLoad/rank4-rank5	indirect_load_nonvolatile_5d_hifloat8_t_int32_t	SIMT/IndirectLoad/rank4-rank5/indirect_load_nonvolatile_5d_hifloat8_t_int32_t.mlir	1	SIMT	Vector/SIMTIndirectLoad.aiv.c310.bc	meta_op.aiv.c310.bc
3	SIMT/IndirectLoad/rank4-rank5	indirect_load_nonvolatile_5d_hifloat8_t_int64_t	SIMT/IndirectLoad/rank4-rank5/indirect_load_nonvolatile_5d_hifloat8_t_int64_t.mlir	1	SIMT	Vector/SIMTIndirectLoad.aiv.c310.bc	meta_op.aiv.c310.bc
3	SIMT/IndirectLoad/rank4-rank5	indirect_load_nonvolatile_5d_int16_t_int32_t	SIMT/IndirectLoad/rank4-rank5/indirect_load_nonvolatile_5d_int16_t_int32_t.mlir	1	SIMT	Vector/SIMTIndirectLoad.aiv.c310.bc	meta_op.aiv.c310.bc
3	SIMT/IndirectLoad/rank4-rank5	indirect_load_nonvolatile_5d_int16_t_int64_t	SIMT/IndirectLoad/rank4-rank5/indirect_load_nonvolatile_5d_int16_t_int64_t.mlir	1	SIMT	Vector/SIMTIndirectLoad.aiv.c310.bc	meta_op.aiv.c310.bc
3	SIMT/IndirectLoad/rank4-rank5	indirect_load_nonvolatile_5d_int32_t_int32_t	SIMT/IndirectLoad/rank4-rank5/indirect_load_nonvolatile_5d_int32_t_int32_t.mlir	1	SIMT	Vector/SIMTIndirectLoad.aiv.c310.bc	meta_op.aiv.c310.bc
3	SIMT/IndirectLoad/rank4-rank5	indirect_load_nonvolatile_5d_int32_t_int64_t	SIMT/IndirectLoad/rank4-rank5/indirect_load_nonvolatile_5d_int32_t_int64_t.mlir	1	SIMT	Vector/SIMTIndirectLoad.aiv.c310.bc	meta_op.aiv.c310.bc
3	SIMT/IndirectLoad/rank4-rank5	indirect_load_nonvolatile_5d_int64_t_int32_t	SIMT/IndirectLoad/rank4-rank5/indirect_load_nonvolatile_5d_int64_t_int32_t.mlir	1	SIMT	Vector/SIMTIndirectLoad.aiv.c310.bc	meta_op.aiv.c310.bc
3	SIMT/IndirectLoad/rank4-rank5	indirect_load_nonvolatile_5d_int64_t_int64_t	SIMT/IndirectLoad/rank4-rank5/indirect_load_nonvolatile_5d_int64_t_int64_t.mlir	1	SIMT	Vector/SIMTIndirectLoad.aiv.c310.bc	meta_op.aiv.c310.bc
3	SIMT/IndirectLoad/rank4-rank5	indirect_load_nonvolatile_5d_int8_t_int32_t	SIMT/IndirectLoad/rank4-rank5/indirect_load_nonvolatile_5d_int8_t_int32_t.mlir	1	SIMT	Vector/SIMTIndirectLoad.aiv.c310.bc	meta_op.aiv.c310.bc
3	SIMT/IndirectLoad/rank4-rank5	indirect_load_nonvolatile_5d_int8_t_int64_t	SIMT/IndirectLoad/rank4-rank5/indirect_load_nonvolatile_5d_int8_t_int64_t.mlir	1	SIMT	Vector/SIMTIndirectLoad.aiv.c310.bc	meta_op.aiv.c310.bc
3	SIMT/IndirectLoad/rank4-rank5	indirect_load_nonvolatile_5d_uint16_t_int32_t	SIMT/IndirectLoad/rank4-rank5/indirect_load_nonvolatile_5d_uint16_t_int32_t.mlir	1	SIMT	Vector/SIMTIndirectLoad.aiv.c310.bc	meta_op.aiv.c310.bc
3	SIMT/IndirectLoad/rank4-rank5	indirect_load_nonvolatile_5d_uint16_t_int64_t	SIMT/IndirectLoad/rank4-rank5/indirect_load_nonvolatile_5d_uint16_t_int64_t.mlir	1	SIMT	Vector/SIMTIndirectLoad.aiv.c310.bc	meta_op.aiv.c310.bc
3	SIMT/IndirectLoad/rank4-rank5	indirect_load_nonvolatile_5d_uint32_t_int32_t	SIMT/IndirectLoad/rank4-rank5/indirect_load_nonvolatile_5d_uint32_t_int32_t.mlir	1	SIMT	Vector/SIMTIndirectLoad.aiv.c310.bc	meta_op.aiv.c310.bc
3	SIMT/IndirectLoad/rank4-rank5	indirect_load_nonvolatile_5d_uint32_t_int64_t	SIMT/IndirectLoad/rank4-rank5/indirect_load_nonvolatile_5d_uint32_t_int64_t.mlir	1	SIMT	Vector/SIMTIndirectLoad.aiv.c310.bc	meta_op.aiv.c310.bc
3	SIMT/IndirectLoad/rank4-rank5	indirect_load_nonvolatile_5d_uint64_t_int32_t	SIMT/IndirectLoad/rank4-rank5/indirect_load_nonvolatile_5d_uint64_t_int32_t.mlir	1	SIMT	Vector/SIMTIndirectLoad.aiv.c310.bc	meta_op.aiv.c310.bc
3	SIMT/IndirectLoad/rank4-rank5	indirect_load_nonvolatile_5d_uint64_t_int64_t	SIMT/IndirectLoad/rank4-rank5/indirect_load_nonvolatile_5d_uint64_t_int64_t.mlir	1	SIMT	Vector/SIMTIndirectLoad.aiv.c310.bc	meta_op.aiv.c310.bc
3	SIMT/IndirectLoad/rank4-rank5	indirect_load_nonvolatile_5d_uint8_t_int32_t	SIMT/IndirectLoad/rank4-rank5/indirect_load_nonvolatile_5d_uint8_t_int32_t.mlir	1	SIMT	Vector/SIMTIndirectLoad.aiv.c310.bc	meta_op.aiv.c310.bc
3	SIMT/IndirectLoad/rank4-rank5	indirect_load_nonvolatile_5d_uint8_t_int64_t	SIMT/IndirectLoad/rank4-rank5/indirect_load_nonvolatile_5d_uint8_t_int64_t.mlir	1	SIMT	Vector/SIMTIndirectLoad.aiv.c310.bc	meta_op.aiv.c310.bc
3	SIMT/IndirectStore/masked-high-rank	indirect_store_3d_bfloat16_t_int32_t	SIMT/IndirectStore/masked-high-rank/indirect_store_3d_bfloat16_t_int32_t.mlir	1	SIMT	Vector/SIMTIndirectStore.aiv.c310.bc	meta_op.aiv.c310.bc
3	SIMT/IndirectStore/masked-high-rank	indirect_store_3d_bfloat16_t_int64_t	SIMT/IndirectStore/masked-high-rank/indirect_store_3d_bfloat16_t_int64_t.mlir	1	SIMT	Vector/SIMTIndirectStore.aiv.c310.bc	meta_op.aiv.c310.bc
3	SIMT/IndirectStore/masked-high-rank	indirect_store_3d_bool_int32_t	SIMT/IndirectStore/masked-high-rank/indirect_store_3d_bool_int32_t.mlir	1	SIMT	Vector/SIMTIndirectStore.aiv.c310.bc	meta_op.aiv.c310.bc
3	SIMT/IndirectStore/masked-high-rank	indirect_store_3d_bool_int64_t	SIMT/IndirectStore/masked-high-rank/indirect_store_3d_bool_int64_t.mlir	1	SIMT	Vector/SIMTIndirectStore.aiv.c310.bc	meta_op.aiv.c310.bc
3	SIMT/IndirectStore/masked-high-rank	indirect_store_3d_float8_e4m3_t_int32_t	SIMT/IndirectStore/masked-high-rank/indirect_store_3d_float8_e4m3_t_int32_t.mlir	1	SIMT	Vector/SIMTIndirectStore.aiv.c310.bc	meta_op.aiv.c310.bc
3	SIMT/IndirectStore/masked-high-rank	indirect_store_3d_float8_e4m3_t_int64_t	SIMT/IndirectStore/masked-high-rank/indirect_store_3d_float8_e4m3_t_int64_t.mlir	1	SIMT	Vector/SIMTIndirectStore.aiv.c310.bc	meta_op.aiv.c310.bc
3	SIMT/IndirectStore/masked-high-rank	indirect_store_3d_float8_e5m2_t_int32_t	SIMT/IndirectStore/masked-high-rank/indirect_store_3d_float8_e5m2_t_int32_t.mlir	1	SIMT	Vector/SIMTIndirectStore.aiv.c310.bc	meta_op.aiv.c310.bc
3	SIMT/IndirectStore/masked-high-rank	indirect_store_3d_float8_e5m2_t_int64_t	SIMT/IndirectStore/masked-high-rank/indirect_store_3d_float8_e5m2_t_int64_t.mlir	1	SIMT	Vector/SIMTIndirectStore.aiv.c310.bc	meta_op.aiv.c310.bc
3	SIMT/IndirectStore/masked-high-rank	indirect_store_3d_float_int32_t	SIMT/IndirectStore/masked-high-rank/indirect_store_3d_float_int32_t.mlir	1	SIMT	Vector/SIMTIndirectStore.aiv.c310.bc	meta_op.aiv.c310.bc
3	SIMT/IndirectStore/masked-high-rank	indirect_store_3d_float_int64_t	SIMT/IndirectStore/masked-high-rank/indirect_store_3d_float_int64_t.mlir	1	SIMT	Vector/SIMTIndirectStore.aiv.c310.bc	meta_op.aiv.c310.bc
3	SIMT/IndirectStore/masked-high-rank	indirect_store_3d_half_int32_t	SIMT/IndirectStore/masked-high-rank/indirect_store_3d_half_int32_t.mlir	1	SIMT	Vector/SIMTIndirectStore.aiv.c310.bc	meta_op.aiv.c310.bc
3	SIMT/IndirectStore/masked-high-rank	indirect_store_3d_half_int64_t	SIMT/IndirectStore/masked-high-rank/indirect_store_3d_half_int64_t.mlir	1	SIMT	Vector/SIMTIndirectStore.aiv.c310.bc	meta_op.aiv.c310.bc
3	SIMT/IndirectStore/masked-high-rank	indirect_store_3d_hifloat4x2_t_int32_t	SIMT/IndirectStore/masked-high-rank/indirect_store_3d_hifloat4x2_t_int32_t.mlir	1	SIMT	Vector/SIMTIndirectStore.aiv.c310.bc	meta_op.aiv.c310.bc
3	SIMT/IndirectStore/masked-high-rank	indirect_store_3d_hifloat4x2_t_int64_t	SIMT/IndirectStore/masked-high-rank/indirect_store_3d_hifloat4x2_t_int64_t.mlir	1	SIMT	Vector/SIMTIndirectStore.aiv.c310.bc	meta_op.aiv.c310.bc
3	SIMT/IndirectStore/masked-high-rank	indirect_store_3d_hifloat8_t_int32_t	SIMT/IndirectStore/masked-high-rank/indirect_store_3d_hifloat8_t_int32_t.mlir	1	SIMT	Vector/SIMTIndirectStore.aiv.c310.bc	meta_op.aiv.c310.bc
3	SIMT/IndirectStore/masked-high-rank	indirect_store_3d_hifloat8_t_int64_t	SIMT/IndirectStore/masked-high-rank/indirect_store_3d_hifloat8_t_int64_t.mlir	1	SIMT	Vector/SIMTIndirectStore.aiv.c310.bc	meta_op.aiv.c310.bc
3	SIMT/IndirectStore/masked-high-rank	indirect_store_3d_int16_t_int32_t	SIMT/IndirectStore/masked-high-rank/indirect_store_3d_int16_t_int32_t.mlir	1	SIMT	Vector/SIMTIndirectStore.aiv.c310.bc	meta_op.aiv.c310.bc
3	SIMT/IndirectStore/masked-high-rank	indirect_store_3d_int16_t_int64_t	SIMT/IndirectStore/masked-high-rank/indirect_store_3d_int16_t_int64_t.mlir	1	SIMT	Vector/SIMTIndirectStore.aiv.c310.bc	meta_op.aiv.c310.bc
3	SIMT/IndirectStore/masked-high-rank	indirect_store_3d_int32_t_int32_t	SIMT/IndirectStore/masked-high-rank/indirect_store_3d_int32_t_int32_t.mlir	1	SIMT	Vector/SIMTIndirectStore.aiv.c310.bc	meta_op.aiv.c310.bc
3	SIMT/IndirectStore/masked-high-rank	indirect_store_3d_int32_t_int64_t	SIMT/IndirectStore/masked-high-rank/indirect_store_3d_int32_t_int64_t.mlir	1	SIMT	Vector/SIMTIndirectStore.aiv.c310.bc	meta_op.aiv.c310.bc
3	SIMT/IndirectStore/masked-high-rank	indirect_store_3d_int64_t_int32_t	SIMT/IndirectStore/masked-high-rank/indirect_store_3d_int64_t_int32_t.mlir	1	SIMT	Vector/SIMTIndirectStore.aiv.c310.bc	meta_op.aiv.c310.bc
3	SIMT/IndirectStore/masked-high-rank	indirect_store_3d_int64_t_int64_t	SIMT/IndirectStore/masked-high-rank/indirect_store_3d_int64_t_int64_t.mlir	1	SIMT	Vector/SIMTIndirectStore.aiv.c310.bc	meta_op.aiv.c310.bc
3	SIMT/IndirectStore/masked-high-rank	indirect_store_3d_int8_t_int32_t	SIMT/IndirectStore/masked-high-rank/indirect_store_3d_int8_t_int32_t.mlir	1	SIMT	Vector/SIMTIndirectStore.aiv.c310.bc	meta_op.aiv.c310.bc
3	SIMT/IndirectStore/masked-high-rank	indirect_store_3d_int8_t_int64_t	SIMT/IndirectStore/masked-high-rank/indirect_store_3d_int8_t_int64_t.mlir	1	SIMT	Vector/SIMTIndirectStore.aiv.c310.bc	meta_op.aiv.c310.bc
3	SIMT/IndirectStore/masked-high-rank	indirect_store_3d_uint16_t_int32_t	SIMT/IndirectStore/masked-high-rank/indirect_store_3d_uint16_t_int32_t.mlir	1	SIMT	Vector/SIMTIndirectStore.aiv.c310.bc	meta_op.aiv.c310.bc
3	SIMT/IndirectStore/masked-high-rank	indirect_store_3d_uint16_t_int64_t	SIMT/IndirectStore/masked-high-rank/indirect_store_3d_uint16_t_int64_t.mlir	1	SIMT	Vector/SIMTIndirectStore.aiv.c310.bc	meta_op.aiv.c310.bc
3	SIMT/IndirectStore/masked-high-rank	indirect_store_3d_uint32_t_int32_t	SIMT/IndirectStore/masked-high-rank/indirect_store_3d_uint32_t_int32_t.mlir	1	SIMT	Vector/SIMTIndirectStore.aiv.c310.bc	meta_op.aiv.c310.bc
3	SIMT/IndirectStore/masked-high-rank	indirect_store_3d_uint32_t_int64_t	SIMT/IndirectStore/masked-high-rank/indirect_store_3d_uint32_t_int64_t.mlir	1	SIMT	Vector/SIMTIndirectStore.aiv.c310.bc	meta_op.aiv.c310.bc
3	SIMT/IndirectStore/masked-high-rank	indirect_store_3d_uint64_t_int32_t	SIMT/IndirectStore/masked-high-rank/indirect_store_3d_uint64_t_int32_t.mlir	1	SIMT	Vector/SIMTIndirectStore.aiv.c310.bc	meta_op.aiv.c310.bc
3	SIMT/IndirectStore/masked-high-rank	indirect_store_3d_uint64_t_int64_t	SIMT/IndirectStore/masked-high-rank/indirect_store_3d_uint64_t_int64_t.mlir	1	SIMT	Vector/SIMTIndirectStore.aiv.c310.bc	meta_op.aiv.c310.bc
3	SIMT/IndirectStore/masked-high-rank	indirect_store_3d_uint8_t_int32_t	SIMT/IndirectStore/masked-high-rank/indirect_store_3d_uint8_t_int32_t.mlir	1	SIMT	Vector/SIMTIndirectStore.aiv.c310.bc	meta_op.aiv.c310.bc
3	SIMT/IndirectStore/masked-high-rank	indirect_store_3d_uint8_t_int64_t	SIMT/IndirectStore/masked-high-rank/indirect_store_3d_uint8_t_int64_t.mlir	1	SIMT	Vector/SIMTIndirectStore.aiv.c310.bc	meta_op.aiv.c310.bc
3	SIMT/IndirectStore/masked-high-rank	indirect_store_4d_bfloat16_t_int32_t	SIMT/IndirectStore/masked-high-rank/indirect_store_4d_bfloat16_t_int32_t.mlir	1	SIMT	Vector/SIMTIndirectStore.aiv.c310.bc	meta_op.aiv.c310.bc
3	SIMT/IndirectStore/masked-high-rank	indirect_store_4d_bfloat16_t_int64_t	SIMT/IndirectStore/masked-high-rank/indirect_store_4d_bfloat16_t_int64_t.mlir	1	SIMT	Vector/SIMTIndirectStore.aiv.c310.bc	meta_op.aiv.c310.bc
3	SIMT/IndirectStore/masked-high-rank	indirect_store_4d_bool_int32_t	SIMT/IndirectStore/masked-high-rank/indirect_store_4d_bool_int32_t.mlir	1	SIMT	Vector/SIMTIndirectStore.aiv.c310.bc	meta_op.aiv.c310.bc
3	SIMT/IndirectStore/masked-high-rank	indirect_store_4d_bool_int64_t	SIMT/IndirectStore/masked-high-rank/indirect_store_4d_bool_int64_t.mlir	1	SIMT	Vector/SIMTIndirectStore.aiv.c310.bc	meta_op.aiv.c310.bc
3	SIMT/IndirectStore/masked-high-rank	indirect_store_4d_float8_e4m3_t_int32_t	SIMT/IndirectStore/masked-high-rank/indirect_store_4d_float8_e4m3_t_int32_t.mlir	1	SIMT	Vector/SIMTIndirectStore.aiv.c310.bc	meta_op.aiv.c310.bc
3	SIMT/IndirectStore/masked-high-rank	indirect_store_4d_float8_e4m3_t_int64_t	SIMT/IndirectStore/masked-high-rank/indirect_store_4d_float8_e4m3_t_int64_t.mlir	1	SIMT	Vector/SIMTIndirectStore.aiv.c310.bc	meta_op.aiv.c310.bc
3	SIMT/IndirectStore/masked-high-rank	indirect_store_4d_float8_e5m2_t_int32_t	SIMT/IndirectStore/masked-high-rank/indirect_store_4d_float8_e5m2_t_int32_t.mlir	1	SIMT	Vector/SIMTIndirectStore.aiv.c310.bc	meta_op.aiv.c310.bc
3	SIMT/IndirectStore/masked-high-rank	indirect_store_4d_float8_e5m2_t_int64_t	SIMT/IndirectStore/masked-high-rank/indirect_store_4d_float8_e5m2_t_int64_t.mlir	1	SIMT	Vector/SIMTIndirectStore.aiv.c310.bc	meta_op.aiv.c310.bc
3	SIMT/IndirectStore/masked-high-rank	indirect_store_4d_float_int32_t	SIMT/IndirectStore/masked-high-rank/indirect_store_4d_float_int32_t.mlir	1	SIMT	Vector/SIMTIndirectStore.aiv.c310.bc	meta_op.aiv.c310.bc
3	SIMT/IndirectStore/masked-high-rank	indirect_store_4d_float_int64_t	SIMT/IndirectStore/masked-high-rank/indirect_store_4d_float_int64_t.mlir	1	SIMT	Vector/SIMTIndirectStore.aiv.c310.bc	meta_op.aiv.c310.bc
3	SIMT/IndirectStore/masked-high-rank	indirect_store_4d_half_int32_t	SIMT/IndirectStore/masked-high-rank/indirect_store_4d_half_int32_t.mlir	1	SIMT	Vector/SIMTIndirectStore.aiv.c310.bc	meta_op.aiv.c310.bc
3	SIMT/IndirectStore/masked-high-rank	indirect_store_4d_half_int64_t	SIMT/IndirectStore/masked-high-rank/indirect_store_4d_half_int64_t.mlir	1	SIMT	Vector/SIMTIndirectStore.aiv.c310.bc	meta_op.aiv.c310.bc
3	SIMT/IndirectStore/masked-high-rank	indirect_store_4d_hifloat4x2_t_int32_t	SIMT/IndirectStore/masked-high-rank/indirect_store_4d_hifloat4x2_t_int32_t.mlir	1	SIMT	Vector/SIMTIndirectStore.aiv.c310.bc	meta_op.aiv.c310.bc
3	SIMT/IndirectStore/masked-high-rank	indirect_store_4d_hifloat4x2_t_int64_t	SIMT/IndirectStore/masked-high-rank/indirect_store_4d_hifloat4x2_t_int64_t.mlir	1	SIMT	Vector/SIMTIndirectStore.aiv.c310.bc	meta_op.aiv.c310.bc
3	SIMT/IndirectStore/masked-high-rank	indirect_store_4d_hifloat8_t_int32_t	SIMT/IndirectStore/masked-high-rank/indirect_store_4d_hifloat8_t_int32_t.mlir	1	SIMT	Vector/SIMTIndirectStore.aiv.c310.bc	meta_op.aiv.c310.bc
3	SIMT/IndirectStore/masked-high-rank	indirect_store_4d_hifloat8_t_int64_t	SIMT/IndirectStore/masked-high-rank/indirect_store_4d_hifloat8_t_int64_t.mlir	1	SIMT	Vector/SIMTIndirectStore.aiv.c310.bc	meta_op.aiv.c310.bc
3	SIMT/IndirectStore/masked-high-rank	indirect_store_4d_int16_t_int32_t	SIMT/IndirectStore/masked-high-rank/indirect_store_4d_int16_t_int32_t.mlir	1	SIMT	Vector/SIMTIndirectStore.aiv.c310.bc	meta_op.aiv.c310.bc
3	SIMT/IndirectStore/masked-high-rank	indirect_store_4d_int16_t_int64_t	SIMT/IndirectStore/masked-high-rank/indirect_store_4d_int16_t_int64_t.mlir	1	SIMT	Vector/SIMTIndirectStore.aiv.c310.bc	meta_op.aiv.c310.bc
3	SIMT/IndirectStore/masked-high-rank	indirect_store_4d_int32_t_int32_t	SIMT/IndirectStore/masked-high-rank/indirect_store_4d_int32_t_int32_t.mlir	1	SIMT	Vector/SIMTIndirectStore.aiv.c310.bc	meta_op.aiv.c310.bc
3	SIMT/IndirectStore/masked-high-rank	indirect_store_4d_int32_t_int64_t	SIMT/IndirectStore/masked-high-rank/indirect_store_4d_int32_t_int64_t.mlir	1	SIMT	Vector/SIMTIndirectStore.aiv.c310.bc	meta_op.aiv.c310.bc
3	SIMT/IndirectStore/masked-high-rank	indirect_store_4d_int64_t_int32_t	SIMT/IndirectStore/masked-high-rank/indirect_store_4d_int64_t_int32_t.mlir	1	SIMT	Vector/SIMTIndirectStore.aiv.c310.bc	meta_op.aiv.c310.bc
3	SIMT/IndirectStore/masked-high-rank	indirect_store_4d_int64_t_int64_t	SIMT/IndirectStore/masked-high-rank/indirect_store_4d_int64_t_int64_t.mlir	1	SIMT	Vector/SIMTIndirectStore.aiv.c310.bc	meta_op.aiv.c310.bc
3	SIMT/IndirectStore/masked-high-rank	indirect_store_4d_int8_t_int32_t	SIMT/IndirectStore/masked-high-rank/indirect_store_4d_int8_t_int32_t.mlir	1	SIMT	Vector/SIMTIndirectStore.aiv.c310.bc	meta_op.aiv.c310.bc
3	SIMT/IndirectStore/masked-high-rank	indirect_store_4d_int8_t_int64_t	SIMT/IndirectStore/masked-high-rank/indirect_store_4d_int8_t_int64_t.mlir	1	SIMT	Vector/SIMTIndirectStore.aiv.c310.bc	meta_op.aiv.c310.bc
3	SIMT/IndirectStore/masked-high-rank	indirect_store_4d_uint16_t_int32_t	SIMT/IndirectStore/masked-high-rank/indirect_store_4d_uint16_t_int32_t.mlir	1	SIMT	Vector/SIMTIndirectStore.aiv.c310.bc	meta_op.aiv.c310.bc
3	SIMT/IndirectStore/masked-high-rank	indirect_store_4d_uint16_t_int64_t	SIMT/IndirectStore/masked-high-rank/indirect_store_4d_uint16_t_int64_t.mlir	1	SIMT	Vector/SIMTIndirectStore.aiv.c310.bc	meta_op.aiv.c310.bc
3	SIMT/IndirectStore/masked-high-rank	indirect_store_4d_uint32_t_int32_t	SIMT/IndirectStore/masked-high-rank/indirect_store_4d_uint32_t_int32_t.mlir	1	SIMT	Vector/SIMTIndirectStore.aiv.c310.bc	meta_op.aiv.c310.bc
3	SIMT/IndirectStore/masked-high-rank	indirect_store_4d_uint32_t_int64_t	SIMT/IndirectStore/masked-high-rank/indirect_store_4d_uint32_t_int64_t.mlir	1	SIMT	Vector/SIMTIndirectStore.aiv.c310.bc	meta_op.aiv.c310.bc
3	SIMT/IndirectStore/masked-high-rank	indirect_store_4d_uint64_t_int32_t	SIMT/IndirectStore/masked-high-rank/indirect_store_4d_uint64_t_int32_t.mlir	1	SIMT	Vector/SIMTIndirectStore.aiv.c310.bc	meta_op.aiv.c310.bc
3	SIMT/IndirectStore/masked-high-rank	indirect_store_4d_uint64_t_int64_t	SIMT/IndirectStore/masked-high-rank/indirect_store_4d_uint64_t_int64_t.mlir	1	SIMT	Vector/SIMTIndirectStore.aiv.c310.bc	meta_op.aiv.c310.bc
3	SIMT/IndirectStore/masked-high-rank	indirect_store_4d_uint8_t_int32_t	SIMT/IndirectStore/masked-high-rank/indirect_store_4d_uint8_t_int32_t.mlir	1	SIMT	Vector/SIMTIndirectStore.aiv.c310.bc	meta_op.aiv.c310.bc
3	SIMT/IndirectStore/masked-high-rank	indirect_store_4d_uint8_t_int64_t	SIMT/IndirectStore/masked-high-rank/indirect_store_4d_uint8_t_int64_t.mlir	1	SIMT	Vector/SIMTIndirectStore.aiv.c310.bc	meta_op.aiv.c310.bc
3	SIMT/IndirectStore/masked-high-rank	indirect_store_5d_bfloat16_t_int32_t	SIMT/IndirectStore/masked-high-rank/indirect_store_5d_bfloat16_t_int32_t.mlir	1	SIMT	Vector/SIMTIndirectStore.aiv.c310.bc	meta_op.aiv.c310.bc
3	SIMT/IndirectStore/masked-high-rank	indirect_store_5d_bfloat16_t_int64_t	SIMT/IndirectStore/masked-high-rank/indirect_store_5d_bfloat16_t_int64_t.mlir	1	SIMT	Vector/SIMTIndirectStore.aiv.c310.bc	meta_op.aiv.c310.bc
3	SIMT/IndirectStore/masked-high-rank	indirect_store_5d_bool_int32_t	SIMT/IndirectStore/masked-high-rank/indirect_store_5d_bool_int32_t.mlir	1	SIMT	Vector/SIMTIndirectStore.aiv.c310.bc	meta_op.aiv.c310.bc
3	SIMT/IndirectStore/masked-high-rank	indirect_store_5d_bool_int64_t	SIMT/IndirectStore/masked-high-rank/indirect_store_5d_bool_int64_t.mlir	1	SIMT	Vector/SIMTIndirectStore.aiv.c310.bc	meta_op.aiv.c310.bc
3	SIMT/IndirectStore/masked-high-rank	indirect_store_5d_float8_e4m3_t_int32_t	SIMT/IndirectStore/masked-high-rank/indirect_store_5d_float8_e4m3_t_int32_t.mlir	1	SIMT	Vector/SIMTIndirectStore.aiv.c310.bc	meta_op.aiv.c310.bc
3	SIMT/IndirectStore/masked-high-rank	indirect_store_5d_float8_e4m3_t_int64_t	SIMT/IndirectStore/masked-high-rank/indirect_store_5d_float8_e4m3_t_int64_t.mlir	1	SIMT	Vector/SIMTIndirectStore.aiv.c310.bc	meta_op.aiv.c310.bc
3	SIMT/IndirectStore/masked-high-rank	indirect_store_5d_float8_e5m2_t_int32_t	SIMT/IndirectStore/masked-high-rank/indirect_store_5d_float8_e5m2_t_int32_t.mlir	1	SIMT	Vector/SIMTIndirectStore.aiv.c310.bc	meta_op.aiv.c310.bc
3	SIMT/IndirectStore/masked-high-rank	indirect_store_5d_float8_e5m2_t_int64_t	SIMT/IndirectStore/masked-high-rank/indirect_store_5d_float8_e5m2_t_int64_t.mlir	1	SIMT	Vector/SIMTIndirectStore.aiv.c310.bc	meta_op.aiv.c310.bc
3	SIMT/IndirectStore/masked-high-rank	indirect_store_5d_float_int32_t	SIMT/IndirectStore/masked-high-rank/indirect_store_5d_float_int32_t.mlir	1	SIMT	Vector/SIMTIndirectStore.aiv.c310.bc	meta_op.aiv.c310.bc
3	SIMT/IndirectStore/masked-high-rank	indirect_store_5d_float_int64_t	SIMT/IndirectStore/masked-high-rank/indirect_store_5d_float_int64_t.mlir	1	SIMT	Vector/SIMTIndirectStore.aiv.c310.bc	meta_op.aiv.c310.bc
3	SIMT/IndirectStore/masked-high-rank	indirect_store_5d_half_int32_t	SIMT/IndirectStore/masked-high-rank/indirect_store_5d_half_int32_t.mlir	1	SIMT	Vector/SIMTIndirectStore.aiv.c310.bc	meta_op.aiv.c310.bc
3	SIMT/IndirectStore/masked-high-rank	indirect_store_5d_half_int64_t	SIMT/IndirectStore/masked-high-rank/indirect_store_5d_half_int64_t.mlir	1	SIMT	Vector/SIMTIndirectStore.aiv.c310.bc	meta_op.aiv.c310.bc
3	SIMT/IndirectStore/masked-high-rank	indirect_store_5d_hifloat4x2_t_int32_t	SIMT/IndirectStore/masked-high-rank/indirect_store_5d_hifloat4x2_t_int32_t.mlir	1	SIMT	Vector/SIMTIndirectStore.aiv.c310.bc	meta_op.aiv.c310.bc
3	SIMT/IndirectStore/masked-high-rank	indirect_store_5d_hifloat4x2_t_int64_t	SIMT/IndirectStore/masked-high-rank/indirect_store_5d_hifloat4x2_t_int64_t.mlir	1	SIMT	Vector/SIMTIndirectStore.aiv.c310.bc	meta_op.aiv.c310.bc
3	SIMT/IndirectStore/masked-high-rank	indirect_store_5d_hifloat8_t_int32_t	SIMT/IndirectStore/masked-high-rank/indirect_store_5d_hifloat8_t_int32_t.mlir	1	SIMT	Vector/SIMTIndirectStore.aiv.c310.bc	meta_op.aiv.c310.bc
3	SIMT/IndirectStore/masked-high-rank	indirect_store_5d_hifloat8_t_int64_t	SIMT/IndirectStore/masked-high-rank/indirect_store_5d_hifloat8_t_int64_t.mlir	1	SIMT	Vector/SIMTIndirectStore.aiv.c310.bc	meta_op.aiv.c310.bc
3	SIMT/IndirectStore/masked-high-rank	indirect_store_5d_int16_t_int32_t	SIMT/IndirectStore/masked-high-rank/indirect_store_5d_int16_t_int32_t.mlir	1	SIMT	Vector/SIMTIndirectStore.aiv.c310.bc	meta_op.aiv.c310.bc
3	SIMT/IndirectStore/masked-high-rank	indirect_store_5d_int16_t_int64_t	SIMT/IndirectStore/masked-high-rank/indirect_store_5d_int16_t_int64_t.mlir	1	SIMT	Vector/SIMTIndirectStore.aiv.c310.bc	meta_op.aiv.c310.bc
3	SIMT/IndirectStore/masked-high-rank	indirect_store_5d_int32_t_int32_t	SIMT/IndirectStore/masked-high-rank/indirect_store_5d_int32_t_int32_t.mlir	1	SIMT	Vector/SIMTIndirectStore.aiv.c310.bc	meta_op.aiv.c310.bc
3	SIMT/IndirectStore/masked-high-rank	indirect_store_5d_int32_t_int64_t	SIMT/IndirectStore/masked-high-rank/indirect_store_5d_int32_t_int64_t.mlir	1	SIMT	Vector/SIMTIndirectStore.aiv.c310.bc	meta_op.aiv.c310.bc
3	SIMT/IndirectStore/masked-high-rank	indirect_store_5d_int64_t_int32_t	SIMT/IndirectStore/masked-high-rank/indirect_store_5d_int64_t_int32_t.mlir	1	SIMT	Vector/SIMTIndirectStore.aiv.c310.bc	meta_op.aiv.c310.bc
3	SIMT/IndirectStore/masked-high-rank	indirect_store_5d_int64_t_int64_t	SIMT/IndirectStore/masked-high-rank/indirect_store_5d_int64_t_int64_t.mlir	1	SIMT	Vector/SIMTIndirectStore.aiv.c310.bc	meta_op.aiv.c310.bc
3	SIMT/IndirectStore/masked-high-rank	indirect_store_5d_int8_t_int32_t	SIMT/IndirectStore/masked-high-rank/indirect_store_5d_int8_t_int32_t.mlir	1	SIMT	Vector/SIMTIndirectStore.aiv.c310.bc	meta_op.aiv.c310.bc
3	SIMT/IndirectStore/masked-high-rank	indirect_store_5d_int8_t_int64_t	SIMT/IndirectStore/masked-high-rank/indirect_store_5d_int8_t_int64_t.mlir	1	SIMT	Vector/SIMTIndirectStore.aiv.c310.bc	meta_op.aiv.c310.bc
3	SIMT/IndirectStore/masked-high-rank	indirect_store_5d_uint16_t_int32_t	SIMT/IndirectStore/masked-high-rank/indirect_store_5d_uint16_t_int32_t.mlir	1	SIMT	Vector/SIMTIndirectStore.aiv.c310.bc	meta_op.aiv.c310.bc
3	SIMT/IndirectStore/masked-high-rank	indirect_store_5d_uint16_t_int64_t	SIMT/IndirectStore/masked-high-rank/indirect_store_5d_uint16_t_int64_t.mlir	1	SIMT	Vector/SIMTIndirectStore.aiv.c310.bc	meta_op.aiv.c310.bc
3	SIMT/IndirectStore/masked-high-rank	indirect_store_5d_uint32_t_int32_t	SIMT/IndirectStore/masked-high-rank/indirect_store_5d_uint32_t_int32_t.mlir	1	SIMT	Vector/SIMTIndirectStore.aiv.c310.bc	meta_op.aiv.c310.bc
3	SIMT/IndirectStore/masked-high-rank	indirect_store_5d_uint32_t_int64_t	SIMT/IndirectStore/masked-high-rank/indirect_store_5d_uint32_t_int64_t.mlir	1	SIMT	Vector/SIMTIndirectStore.aiv.c310.bc	meta_op.aiv.c310.bc
3	SIMT/IndirectStore/masked-high-rank	indirect_store_5d_uint64_t_int32_t	SIMT/IndirectStore/masked-high-rank/indirect_store_5d_uint64_t_int32_t.mlir	1	SIMT	Vector/SIMTIndirectStore.aiv.c310.bc	meta_op.aiv.c310.bc
3	SIMT/IndirectStore/masked-high-rank	indirect_store_5d_uint64_t_int64_t	SIMT/IndirectStore/masked-high-rank/indirect_store_5d_uint64_t_int64_t.mlir	1	SIMT	Vector/SIMTIndirectStore.aiv.c310.bc	meta_op.aiv.c310.bc
3	SIMT/IndirectStore/masked-high-rank	indirect_store_5d_uint8_t_int32_t	SIMT/IndirectStore/masked-high-rank/indirect_store_5d_uint8_t_int32_t.mlir	1	SIMT	Vector/SIMTIndirectStore.aiv.c310.bc	meta_op.aiv.c310.bc
3	SIMT/IndirectStore/masked-high-rank	indirect_store_5d_uint8_t_int64_t	SIMT/IndirectStore/masked-high-rank/indirect_store_5d_uint8_t_int64_t.mlir	1	SIMT	Vector/SIMTIndirectStore.aiv.c310.bc	meta_op.aiv.c310.bc
3	SIMT/IndirectStore/masked-low-rank	indirect_store_1d_bfloat16_t_int32_t	SIMT/IndirectStore/masked-low-rank/indirect_store_1d_bfloat16_t_int32_t.mlir	1	SIMT	Vector/SIMTIndirectStore.aiv.c310.bc	meta_op.aiv.c310.bc
3	SIMT/IndirectStore/masked-low-rank	indirect_store_1d_bfloat16_t_int64_t	SIMT/IndirectStore/masked-low-rank/indirect_store_1d_bfloat16_t_int64_t.mlir	1	SIMT	Vector/SIMTIndirectStore.aiv.c310.bc	meta_op.aiv.c310.bc
3	SIMT/IndirectStore/masked-low-rank	indirect_store_1d_bool_int32_t	SIMT/IndirectStore/masked-low-rank/indirect_store_1d_bool_int32_t.mlir	1	SIMT	Vector/SIMTIndirectStore.aiv.c310.bc	meta_op.aiv.c310.bc
3	SIMT/IndirectStore/masked-low-rank	indirect_store_1d_bool_int64_t	SIMT/IndirectStore/masked-low-rank/indirect_store_1d_bool_int64_t.mlir	1	SIMT	Vector/SIMTIndirectStore.aiv.c310.bc	meta_op.aiv.c310.bc
3	SIMT/IndirectStore/masked-low-rank	indirect_store_1d_float8_e4m3_t_int32_t	SIMT/IndirectStore/masked-low-rank/indirect_store_1d_float8_e4m3_t_int32_t.mlir	1	SIMT	Vector/SIMTIndirectStore.aiv.c310.bc	meta_op.aiv.c310.bc
3	SIMT/IndirectStore/masked-low-rank	indirect_store_1d_float8_e4m3_t_int64_t	SIMT/IndirectStore/masked-low-rank/indirect_store_1d_float8_e4m3_t_int64_t.mlir	1	SIMT	Vector/SIMTIndirectStore.aiv.c310.bc	meta_op.aiv.c310.bc
3	SIMT/IndirectStore/masked-low-rank	indirect_store_1d_float8_e5m2_t_int32_t	SIMT/IndirectStore/masked-low-rank/indirect_store_1d_float8_e5m2_t_int32_t.mlir	1	SIMT	Vector/SIMTIndirectStore.aiv.c310.bc	meta_op.aiv.c310.bc
3	SIMT/IndirectStore/masked-low-rank	indirect_store_1d_float8_e5m2_t_int64_t	SIMT/IndirectStore/masked-low-rank/indirect_store_1d_float8_e5m2_t_int64_t.mlir	1	SIMT	Vector/SIMTIndirectStore.aiv.c310.bc	meta_op.aiv.c310.bc
3	SIMT/IndirectStore/masked-low-rank	indirect_store_1d_float_int32_t	SIMT/IndirectStore/masked-low-rank/indirect_store_1d_float_int32_t.mlir	1	SIMT	Vector/SIMTIndirectStore.aiv.c310.bc	meta_op.aiv.c310.bc
3	SIMT/IndirectStore/masked-low-rank	indirect_store_1d_float_int64_t	SIMT/IndirectStore/masked-low-rank/indirect_store_1d_float_int64_t.mlir	1	SIMT	Vector/SIMTIndirectStore.aiv.c310.bc	meta_op.aiv.c310.bc
3	SIMT/IndirectStore/masked-low-rank	indirect_store_1d_half_int32_t	SIMT/IndirectStore/masked-low-rank/indirect_store_1d_half_int32_t.mlir	1	SIMT	Vector/SIMTIndirectStore.aiv.c310.bc	meta_op.aiv.c310.bc
3	SIMT/IndirectStore/masked-low-rank	indirect_store_1d_half_int64_t	SIMT/IndirectStore/masked-low-rank/indirect_store_1d_half_int64_t.mlir	1	SIMT	Vector/SIMTIndirectStore.aiv.c310.bc	meta_op.aiv.c310.bc
3	SIMT/IndirectStore/masked-low-rank	indirect_store_1d_hifloat4x2_t_int32_t	SIMT/IndirectStore/masked-low-rank/indirect_store_1d_hifloat4x2_t_int32_t.mlir	1	SIMT	Vector/SIMTIndirectStore.aiv.c310.bc	meta_op.aiv.c310.bc
3	SIMT/IndirectStore/masked-low-rank	indirect_store_1d_hifloat4x2_t_int64_t	SIMT/IndirectStore/masked-low-rank/indirect_store_1d_hifloat4x2_t_int64_t.mlir	1	SIMT	Vector/SIMTIndirectStore.aiv.c310.bc	meta_op.aiv.c310.bc
3	SIMT/IndirectStore/masked-low-rank	indirect_store_1d_hifloat8_t_int32_t	SIMT/IndirectStore/masked-low-rank/indirect_store_1d_hifloat8_t_int32_t.mlir	1	SIMT	Vector/SIMTIndirectStore.aiv.c310.bc	meta_op.aiv.c310.bc
3	SIMT/IndirectStore/masked-low-rank	indirect_store_1d_hifloat8_t_int64_t	SIMT/IndirectStore/masked-low-rank/indirect_store_1d_hifloat8_t_int64_t.mlir	1	SIMT	Vector/SIMTIndirectStore.aiv.c310.bc	meta_op.aiv.c310.bc
3	SIMT/IndirectStore/masked-low-rank	indirect_store_1d_int16_t_int32_t	SIMT/IndirectStore/masked-low-rank/indirect_store_1d_int16_t_int32_t.mlir	1	SIMT	Vector/SIMTIndirectStore.aiv.c310.bc	meta_op.aiv.c310.bc
3	SIMT/IndirectStore/masked-low-rank	indirect_store_1d_int16_t_int64_t	SIMT/IndirectStore/masked-low-rank/indirect_store_1d_int16_t_int64_t.mlir	1	SIMT	Vector/SIMTIndirectStore.aiv.c310.bc	meta_op.aiv.c310.bc
3	SIMT/IndirectStore/masked-low-rank	indirect_store_1d_int32_t_int32_t	SIMT/IndirectStore/masked-low-rank/indirect_store_1d_int32_t_int32_t.mlir	1	SIMT	Vector/SIMTIndirectStore.aiv.c310.bc	meta_op.aiv.c310.bc
3	SIMT/IndirectStore/masked-low-rank	indirect_store_1d_int32_t_int64_t	SIMT/IndirectStore/masked-low-rank/indirect_store_1d_int32_t_int64_t.mlir	1	SIMT	Vector/SIMTIndirectStore.aiv.c310.bc	meta_op.aiv.c310.bc
3	SIMT/IndirectStore/masked-low-rank	indirect_store_1d_int64_t_int32_t	SIMT/IndirectStore/masked-low-rank/indirect_store_1d_int64_t_int32_t.mlir	1	SIMT	Vector/SIMTIndirectStore.aiv.c310.bc	meta_op.aiv.c310.bc
3	SIMT/IndirectStore/masked-low-rank	indirect_store_1d_int64_t_int64_t	SIMT/IndirectStore/masked-low-rank/indirect_store_1d_int64_t_int64_t.mlir	1	SIMT	Vector/SIMTIndirectStore.aiv.c310.bc	meta_op.aiv.c310.bc
3	SIMT/IndirectStore/masked-low-rank	indirect_store_1d_int8_t_int32_t	SIMT/IndirectStore/masked-low-rank/indirect_store_1d_int8_t_int32_t.mlir	1	SIMT	Vector/SIMTIndirectStore.aiv.c310.bc	meta_op.aiv.c310.bc
3	SIMT/IndirectStore/masked-low-rank	indirect_store_1d_int8_t_int64_t	SIMT/IndirectStore/masked-low-rank/indirect_store_1d_int8_t_int64_t.mlir	1	SIMT	Vector/SIMTIndirectStore.aiv.c310.bc	meta_op.aiv.c310.bc
3	SIMT/IndirectStore/masked-low-rank	indirect_store_1d_uint16_t_int32_t	SIMT/IndirectStore/masked-low-rank/indirect_store_1d_uint16_t_int32_t.mlir	1	SIMT	Vector/SIMTIndirectStore.aiv.c310.bc	meta_op.aiv.c310.bc
3	SIMT/IndirectStore/masked-low-rank	indirect_store_1d_uint16_t_int64_t	SIMT/IndirectStore/masked-low-rank/indirect_store_1d_uint16_t_int64_t.mlir	1	SIMT	Vector/SIMTIndirectStore.aiv.c310.bc	meta_op.aiv.c310.bc
3	SIMT/IndirectStore/masked-low-rank	indirect_store_1d_uint32_t_int32_t	SIMT/IndirectStore/masked-low-rank/indirect_store_1d_uint32_t_int32_t.mlir	1	SIMT	Vector/SIMTIndirectStore.aiv.c310.bc	meta_op.aiv.c310.bc
3	SIMT/IndirectStore/masked-low-rank	indirect_store_1d_uint32_t_int64_t	SIMT/IndirectStore/masked-low-rank/indirect_store_1d_uint32_t_int64_t.mlir	1	SIMT	Vector/SIMTIndirectStore.aiv.c310.bc	meta_op.aiv.c310.bc
3	SIMT/IndirectStore/masked-low-rank	indirect_store_1d_uint64_t_int32_t	SIMT/IndirectStore/masked-low-rank/indirect_store_1d_uint64_t_int32_t.mlir	1	SIMT	Vector/SIMTIndirectStore.aiv.c310.bc	meta_op.aiv.c310.bc
3	SIMT/IndirectStore/masked-low-rank	indirect_store_1d_uint64_t_int64_t	SIMT/IndirectStore/masked-low-rank/indirect_store_1d_uint64_t_int64_t.mlir	1	SIMT	Vector/SIMTIndirectStore.aiv.c310.bc	meta_op.aiv.c310.bc
3	SIMT/IndirectStore/masked-low-rank	indirect_store_1d_uint8_t_int32_t	SIMT/IndirectStore/masked-low-rank/indirect_store_1d_uint8_t_int32_t.mlir	1	SIMT	Vector/SIMTIndirectStore.aiv.c310.bc	meta_op.aiv.c310.bc
3	SIMT/IndirectStore/masked-low-rank	indirect_store_1d_uint8_t_int64_t	SIMT/IndirectStore/masked-low-rank/indirect_store_1d_uint8_t_int64_t.mlir	1	SIMT	Vector/SIMTIndirectStore.aiv.c310.bc	meta_op.aiv.c310.bc
3	SIMT/IndirectStore/masked-low-rank	indirect_store_2d_bfloat16_t_int32_t	SIMT/IndirectStore/masked-low-rank/indirect_store_2d_bfloat16_t_int32_t.mlir	1	SIMT	Vector/SIMTIndirectStore.aiv.c310.bc	meta_op.aiv.c310.bc
3	SIMT/IndirectStore/masked-low-rank	indirect_store_2d_bfloat16_t_int64_t	SIMT/IndirectStore/masked-low-rank/indirect_store_2d_bfloat16_t_int64_t.mlir	1	SIMT	Vector/SIMTIndirectStore.aiv.c310.bc	meta_op.aiv.c310.bc
3	SIMT/IndirectStore/masked-low-rank	indirect_store_2d_bool_int32_t	SIMT/IndirectStore/masked-low-rank/indirect_store_2d_bool_int32_t.mlir	1	SIMT	Vector/SIMTIndirectStore.aiv.c310.bc	meta_op.aiv.c310.bc
3	SIMT/IndirectStore/masked-low-rank	indirect_store_2d_bool_int64_t	SIMT/IndirectStore/masked-low-rank/indirect_store_2d_bool_int64_t.mlir	1	SIMT	Vector/SIMTIndirectStore.aiv.c310.bc	meta_op.aiv.c310.bc
3	SIMT/IndirectStore/masked-low-rank	indirect_store_2d_float8_e4m3_t_int32_t	SIMT/IndirectStore/masked-low-rank/indirect_store_2d_float8_e4m3_t_int32_t.mlir	1	SIMT	Vector/SIMTIndirectStore.aiv.c310.bc	meta_op.aiv.c310.bc
3	SIMT/IndirectStore/masked-low-rank	indirect_store_2d_float8_e4m3_t_int64_t	SIMT/IndirectStore/masked-low-rank/indirect_store_2d_float8_e4m3_t_int64_t.mlir	1	SIMT	Vector/SIMTIndirectStore.aiv.c310.bc	meta_op.aiv.c310.bc
3	SIMT/IndirectStore/masked-low-rank	indirect_store_2d_float8_e5m2_t_int32_t	SIMT/IndirectStore/masked-low-rank/indirect_store_2d_float8_e5m2_t_int32_t.mlir	1	SIMT	Vector/SIMTIndirectStore.aiv.c310.bc	meta_op.aiv.c310.bc
3	SIMT/IndirectStore/masked-low-rank	indirect_store_2d_float8_e5m2_t_int64_t	SIMT/IndirectStore/masked-low-rank/indirect_store_2d_float8_e5m2_t_int64_t.mlir	1	SIMT	Vector/SIMTIndirectStore.aiv.c310.bc	meta_op.aiv.c310.bc
3	SIMT/IndirectStore/masked-low-rank	indirect_store_2d_float_int32_t	SIMT/IndirectStore/masked-low-rank/indirect_store_2d_float_int32_t.mlir	1	SIMT	Vector/SIMTIndirectStore.aiv.c310.bc	meta_op.aiv.c310.bc
3	SIMT/IndirectStore/masked-low-rank	indirect_store_2d_float_int64_t	SIMT/IndirectStore/masked-low-rank/indirect_store_2d_float_int64_t.mlir	1	SIMT	Vector/SIMTIndirectStore.aiv.c310.bc	meta_op.aiv.c310.bc
3	SIMT/IndirectStore/masked-low-rank	indirect_store_2d_half_int32_t	SIMT/IndirectStore/masked-low-rank/indirect_store_2d_half_int32_t.mlir	1	SIMT	Vector/SIMTIndirectStore.aiv.c310.bc	meta_op.aiv.c310.bc
3	SIMT/IndirectStore/masked-low-rank	indirect_store_2d_half_int64_t	SIMT/IndirectStore/masked-low-rank/indirect_store_2d_half_int64_t.mlir	1	SIMT	Vector/SIMTIndirectStore.aiv.c310.bc	meta_op.aiv.c310.bc
3	SIMT/IndirectStore/masked-low-rank	indirect_store_2d_hifloat4x2_t_int32_t	SIMT/IndirectStore/masked-low-rank/indirect_store_2d_hifloat4x2_t_int32_t.mlir	1	SIMT	Vector/SIMTIndirectStore.aiv.c310.bc	meta_op.aiv.c310.bc
3	SIMT/IndirectStore/masked-low-rank	indirect_store_2d_hifloat4x2_t_int64_t	SIMT/IndirectStore/masked-low-rank/indirect_store_2d_hifloat4x2_t_int64_t.mlir	1	SIMT	Vector/SIMTIndirectStore.aiv.c310.bc	meta_op.aiv.c310.bc
3	SIMT/IndirectStore/masked-low-rank	indirect_store_2d_hifloat8_t_int32_t	SIMT/IndirectStore/masked-low-rank/indirect_store_2d_hifloat8_t_int32_t.mlir	1	SIMT	Vector/SIMTIndirectStore.aiv.c310.bc	meta_op.aiv.c310.bc
3	SIMT/IndirectStore/masked-low-rank	indirect_store_2d_hifloat8_t_int64_t	SIMT/IndirectStore/masked-low-rank/indirect_store_2d_hifloat8_t_int64_t.mlir	1	SIMT	Vector/SIMTIndirectStore.aiv.c310.bc	meta_op.aiv.c310.bc
3	SIMT/IndirectStore/masked-low-rank	indirect_store_2d_int16_t_int32_t	SIMT/IndirectStore/masked-low-rank/indirect_store_2d_int16_t_int32_t.mlir	1	SIMT	Vector/SIMTIndirectStore.aiv.c310.bc	meta_op.aiv.c310.bc
3	SIMT/IndirectStore/masked-low-rank	indirect_store_2d_int16_t_int64_t	SIMT/IndirectStore/masked-low-rank/indirect_store_2d_int16_t_int64_t.mlir	1	SIMT	Vector/SIMTIndirectStore.aiv.c310.bc	meta_op.aiv.c310.bc
3	SIMT/IndirectStore/masked-low-rank	indirect_store_2d_int32_t_int32_t	SIMT/IndirectStore/masked-low-rank/indirect_store_2d_int32_t_int32_t.mlir	1	SIMT	Vector/SIMTIndirectStore.aiv.c310.bc	meta_op.aiv.c310.bc
3	SIMT/IndirectStore/masked-low-rank	indirect_store_2d_int32_t_int64_t	SIMT/IndirectStore/masked-low-rank/indirect_store_2d_int32_t_int64_t.mlir	1	SIMT	Vector/SIMTIndirectStore.aiv.c310.bc	meta_op.aiv.c310.bc
3	SIMT/IndirectStore/masked-low-rank	indirect_store_2d_int64_t_int32_t	SIMT/IndirectStore/masked-low-rank/indirect_store_2d_int64_t_int32_t.mlir	1	SIMT	Vector/SIMTIndirectStore.aiv.c310.bc	meta_op.aiv.c310.bc
3	SIMT/IndirectStore/masked-low-rank	indirect_store_2d_int64_t_int64_t	SIMT/IndirectStore/masked-low-rank/indirect_store_2d_int64_t_int64_t.mlir	1	SIMT	Vector/SIMTIndirectStore.aiv.c310.bc	meta_op.aiv.c310.bc
3	SIMT/IndirectStore/masked-low-rank	indirect_store_2d_int8_t_int32_t	SIMT/IndirectStore/masked-low-rank/indirect_store_2d_int8_t_int32_t.mlir	1	SIMT	Vector/SIMTIndirectStore.aiv.c310.bc	meta_op.aiv.c310.bc
3	SIMT/IndirectStore/masked-low-rank	indirect_store_2d_int8_t_int64_t	SIMT/IndirectStore/masked-low-rank/indirect_store_2d_int8_t_int64_t.mlir	1	SIMT	Vector/SIMTIndirectStore.aiv.c310.bc	meta_op.aiv.c310.bc
3	SIMT/IndirectStore/masked-low-rank	indirect_store_2d_uint16_t_int32_t	SIMT/IndirectStore/masked-low-rank/indirect_store_2d_uint16_t_int32_t.mlir	1	SIMT	Vector/SIMTIndirectStore.aiv.c310.bc	meta_op.aiv.c310.bc
3	SIMT/IndirectStore/masked-low-rank	indirect_store_2d_uint16_t_int64_t	SIMT/IndirectStore/masked-low-rank/indirect_store_2d_uint16_t_int64_t.mlir	1	SIMT	Vector/SIMTIndirectStore.aiv.c310.bc	meta_op.aiv.c310.bc
3	SIMT/IndirectStore/masked-low-rank	indirect_store_2d_uint32_t_int32_t	SIMT/IndirectStore/masked-low-rank/indirect_store_2d_uint32_t_int32_t.mlir	1	SIMT	Vector/SIMTIndirectStore.aiv.c310.bc	meta_op.aiv.c310.bc
3	SIMT/IndirectStore/masked-low-rank	indirect_store_2d_uint32_t_int64_t	SIMT/IndirectStore/masked-low-rank/indirect_store_2d_uint32_t_int64_t.mlir	1	SIMT	Vector/SIMTIndirectStore.aiv.c310.bc	meta_op.aiv.c310.bc
3	SIMT/IndirectStore/masked-low-rank	indirect_store_2d_uint64_t_int32_t	SIMT/IndirectStore/masked-low-rank/indirect_store_2d_uint64_t_int32_t.mlir	1	SIMT	Vector/SIMTIndirectStore.aiv.c310.bc	meta_op.aiv.c310.bc
3	SIMT/IndirectStore/masked-low-rank	indirect_store_2d_uint64_t_int64_t	SIMT/IndirectStore/masked-low-rank/indirect_store_2d_uint64_t_int64_t.mlir	1	SIMT	Vector/SIMTIndirectStore.aiv.c310.bc	meta_op.aiv.c310.bc
3	SIMT/IndirectStore/masked-low-rank	indirect_store_2d_uint8_t_int32_t	SIMT/IndirectStore/masked-low-rank/indirect_store_2d_uint8_t_int32_t.mlir	1	SIMT	Vector/SIMTIndirectStore.aiv.c310.bc	meta_op.aiv.c310.bc
3	SIMT/IndirectStore/masked-low-rank	indirect_store_2d_uint8_t_int64_t	SIMT/IndirectStore/masked-low-rank/indirect_store_2d_uint8_t_int64_t.mlir	1	SIMT	Vector/SIMTIndirectStore.aiv.c310.bc	meta_op.aiv.c310.bc
3	SIMT/IndirectStore/unmasked-high-rank	indirect_store_no_mask_3d_bfloat16_t_int32_t	SIMT/IndirectStore/unmasked-high-rank/indirect_store_no_mask_3d_bfloat16_t_int32_t.mlir	1	SIMT	Vector/SIMTIndirectStore.aiv.c310.bc	meta_op.aiv.c310.bc
3	SIMT/IndirectStore/unmasked-high-rank	indirect_store_no_mask_3d_bfloat16_t_int64_t	SIMT/IndirectStore/unmasked-high-rank/indirect_store_no_mask_3d_bfloat16_t_int64_t.mlir	1	SIMT	Vector/SIMTIndirectStore.aiv.c310.bc	meta_op.aiv.c310.bc
3	SIMT/IndirectStore/unmasked-high-rank	indirect_store_no_mask_3d_bool_int32_t	SIMT/IndirectStore/unmasked-high-rank/indirect_store_no_mask_3d_bool_int32_t.mlir	1	SIMT	Vector/SIMTIndirectStore.aiv.c310.bc	meta_op.aiv.c310.bc
3	SIMT/IndirectStore/unmasked-high-rank	indirect_store_no_mask_3d_bool_int64_t	SIMT/IndirectStore/unmasked-high-rank/indirect_store_no_mask_3d_bool_int64_t.mlir	1	SIMT	Vector/SIMTIndirectStore.aiv.c310.bc	meta_op.aiv.c310.bc
3	SIMT/IndirectStore/unmasked-high-rank	indirect_store_no_mask_3d_float8_e4m3_t_int32_t	SIMT/IndirectStore/unmasked-high-rank/indirect_store_no_mask_3d_float8_e4m3_t_int32_t.mlir	1	SIMT	Vector/SIMTIndirectStore.aiv.c310.bc	meta_op.aiv.c310.bc
3	SIMT/IndirectStore/unmasked-high-rank	indirect_store_no_mask_3d_float8_e4m3_t_int64_t	SIMT/IndirectStore/unmasked-high-rank/indirect_store_no_mask_3d_float8_e4m3_t_int64_t.mlir	1	SIMT	Vector/SIMTIndirectStore.aiv.c310.bc	meta_op.aiv.c310.bc
3	SIMT/IndirectStore/unmasked-high-rank	indirect_store_no_mask_3d_float8_e5m2_t_int32_t	SIMT/IndirectStore/unmasked-high-rank/indirect_store_no_mask_3d_float8_e5m2_t_int32_t.mlir	1	SIMT	Vector/SIMTIndirectStore.aiv.c310.bc	meta_op.aiv.c310.bc
3	SIMT/IndirectStore/unmasked-high-rank	indirect_store_no_mask_3d_float8_e5m2_t_int64_t	SIMT/IndirectStore/unmasked-high-rank/indirect_store_no_mask_3d_float8_e5m2_t_int64_t.mlir	1	SIMT	Vector/SIMTIndirectStore.aiv.c310.bc	meta_op.aiv.c310.bc
3	SIMT/IndirectStore/unmasked-high-rank	indirect_store_no_mask_3d_float_int32_t	SIMT/IndirectStore/unmasked-high-rank/indirect_store_no_mask_3d_float_int32_t.mlir	1	SIMT	Vector/SIMTIndirectStore.aiv.c310.bc	meta_op.aiv.c310.bc
3	SIMT/IndirectStore/unmasked-high-rank	indirect_store_no_mask_3d_float_int64_t	SIMT/IndirectStore/unmasked-high-rank/indirect_store_no_mask_3d_float_int64_t.mlir	1	SIMT	Vector/SIMTIndirectStore.aiv.c310.bc	meta_op.aiv.c310.bc
3	SIMT/IndirectStore/unmasked-high-rank	indirect_store_no_mask_3d_half_int32_t	SIMT/IndirectStore/unmasked-high-rank/indirect_store_no_mask_3d_half_int32_t.mlir	1	SIMT	Vector/SIMTIndirectStore.aiv.c310.bc	meta_op.aiv.c310.bc
3	SIMT/IndirectStore/unmasked-high-rank	indirect_store_no_mask_3d_half_int64_t	SIMT/IndirectStore/unmasked-high-rank/indirect_store_no_mask_3d_half_int64_t.mlir	1	SIMT	Vector/SIMTIndirectStore.aiv.c310.bc	meta_op.aiv.c310.bc
3	SIMT/IndirectStore/unmasked-high-rank	indirect_store_no_mask_3d_hifloat4x2_t_int32_t	SIMT/IndirectStore/unmasked-high-rank/indirect_store_no_mask_3d_hifloat4x2_t_int32_t.mlir	1	SIMT	Vector/SIMTIndirectStore.aiv.c310.bc	meta_op.aiv.c310.bc
3	SIMT/IndirectStore/unmasked-high-rank	indirect_store_no_mask_3d_hifloat4x2_t_int64_t	SIMT/IndirectStore/unmasked-high-rank/indirect_store_no_mask_3d_hifloat4x2_t_int64_t.mlir	1	SIMT	Vector/SIMTIndirectStore.aiv.c310.bc	meta_op.aiv.c310.bc
3	SIMT/IndirectStore/unmasked-high-rank	indirect_store_no_mask_3d_hifloat8_t_int32_t	SIMT/IndirectStore/unmasked-high-rank/indirect_store_no_mask_3d_hifloat8_t_int32_t.mlir	1	SIMT	Vector/SIMTIndirectStore.aiv.c310.bc	meta_op.aiv.c310.bc
3	SIMT/IndirectStore/unmasked-high-rank	indirect_store_no_mask_3d_hifloat8_t_int64_t	SIMT/IndirectStore/unmasked-high-rank/indirect_store_no_mask_3d_hifloat8_t_int64_t.mlir	1	SIMT	Vector/SIMTIndirectStore.aiv.c310.bc	meta_op.aiv.c310.bc
3	SIMT/IndirectStore/unmasked-high-rank	indirect_store_no_mask_3d_int16_t_int32_t	SIMT/IndirectStore/unmasked-high-rank/indirect_store_no_mask_3d_int16_t_int32_t.mlir	1	SIMT	Vector/SIMTIndirectStore.aiv.c310.bc	meta_op.aiv.c310.bc
3	SIMT/IndirectStore/unmasked-high-rank	indirect_store_no_mask_3d_int16_t_int64_t	SIMT/IndirectStore/unmasked-high-rank/indirect_store_no_mask_3d_int16_t_int64_t.mlir	1	SIMT	Vector/SIMTIndirectStore.aiv.c310.bc	meta_op.aiv.c310.bc
3	SIMT/IndirectStore/unmasked-high-rank	indirect_store_no_mask_3d_int32_t_int32_t	SIMT/IndirectStore/unmasked-high-rank/indirect_store_no_mask_3d_int32_t_int32_t.mlir	1	SIMT	Vector/SIMTIndirectStore.aiv.c310.bc	meta_op.aiv.c310.bc
3	SIMT/IndirectStore/unmasked-high-rank	indirect_store_no_mask_3d_int32_t_int64_t	SIMT/IndirectStore/unmasked-high-rank/indirect_store_no_mask_3d_int32_t_int64_t.mlir	1	SIMT	Vector/SIMTIndirectStore.aiv.c310.bc	meta_op.aiv.c310.bc
3	SIMT/IndirectStore/unmasked-high-rank	indirect_store_no_mask_3d_int64_t_int32_t	SIMT/IndirectStore/unmasked-high-rank/indirect_store_no_mask_3d_int64_t_int32_t.mlir	1	SIMT	Vector/SIMTIndirectStore.aiv.c310.bc	meta_op.aiv.c310.bc
3	SIMT/IndirectStore/unmasked-high-rank	indirect_store_no_mask_3d_int64_t_int64_t	SIMT/IndirectStore/unmasked-high-rank/indirect_store_no_mask_3d_int64_t_int64_t.mlir	1	SIMT	Vector/SIMTIndirectStore.aiv.c310.bc	meta_op.aiv.c310.bc
3	SIMT/IndirectStore/unmasked-high-rank	indirect_store_no_mask_3d_int8_t_int32_t	SIMT/IndirectStore/unmasked-high-rank/indirect_store_no_mask_3d_int8_t_int32_t.mlir	1	SIMT	Vector/SIMTIndirectStore.aiv.c310.bc	meta_op.aiv.c310.bc
3	SIMT/IndirectStore/unmasked-high-rank	indirect_store_no_mask_3d_int8_t_int64_t	SIMT/IndirectStore/unmasked-high-rank/indirect_store_no_mask_3d_int8_t_int64_t.mlir	1	SIMT	Vector/SIMTIndirectStore.aiv.c310.bc	meta_op.aiv.c310.bc
3	SIMT/IndirectStore/unmasked-high-rank	indirect_store_no_mask_3d_uint16_t_int32_t	SIMT/IndirectStore/unmasked-high-rank/indirect_store_no_mask_3d_uint16_t_int32_t.mlir	1	SIMT	Vector/SIMTIndirectStore.aiv.c310.bc	meta_op.aiv.c310.bc
3	SIMT/IndirectStore/unmasked-high-rank	indirect_store_no_mask_3d_uint16_t_int64_t	SIMT/IndirectStore/unmasked-high-rank/indirect_store_no_mask_3d_uint16_t_int64_t.mlir	1	SIMT	Vector/SIMTIndirectStore.aiv.c310.bc	meta_op.aiv.c310.bc
3	SIMT/IndirectStore/unmasked-high-rank	indirect_store_no_mask_3d_uint32_t_int32_t	SIMT/IndirectStore/unmasked-high-rank/indirect_store_no_mask_3d_uint32_t_int32_t.mlir	1	SIMT	Vector/SIMTIndirectStore.aiv.c310.bc	meta_op.aiv.c310.bc
3	SIMT/IndirectStore/unmasked-high-rank	indirect_store_no_mask_3d_uint32_t_int64_t	SIMT/IndirectStore/unmasked-high-rank/indirect_store_no_mask_3d_uint32_t_int64_t.mlir	1	SIMT	Vector/SIMTIndirectStore.aiv.c310.bc	meta_op.aiv.c310.bc
3	SIMT/IndirectStore/unmasked-high-rank	indirect_store_no_mask_3d_uint64_t_int32_t	SIMT/IndirectStore/unmasked-high-rank/indirect_store_no_mask_3d_uint64_t_int32_t.mlir	1	SIMT	Vector/SIMTIndirectStore.aiv.c310.bc	meta_op.aiv.c310.bc
3	SIMT/IndirectStore/unmasked-high-rank	indirect_store_no_mask_3d_uint64_t_int64_t	SIMT/IndirectStore/unmasked-high-rank/indirect_store_no_mask_3d_uint64_t_int64_t.mlir	1	SIMT	Vector/SIMTIndirectStore.aiv.c310.bc	meta_op.aiv.c310.bc
3	SIMT/IndirectStore/unmasked-high-rank	indirect_store_no_mask_3d_uint8_t_int32_t	SIMT/IndirectStore/unmasked-high-rank/indirect_store_no_mask_3d_uint8_t_int32_t.mlir	1	SIMT	Vector/SIMTIndirectStore.aiv.c310.bc	meta_op.aiv.c310.bc
3	SIMT/IndirectStore/unmasked-high-rank	indirect_store_no_mask_3d_uint8_t_int64_t	SIMT/IndirectStore/unmasked-high-rank/indirect_store_no_mask_3d_uint8_t_int64_t.mlir	1	SIMT	Vector/SIMTIndirectStore.aiv.c310.bc	meta_op.aiv.c310.bc
3	SIMT/IndirectStore/unmasked-high-rank	indirect_store_no_mask_4d_bfloat16_t_int32_t	SIMT/IndirectStore/unmasked-high-rank/indirect_store_no_mask_4d_bfloat16_t_int32_t.mlir	1	SIMT	Vector/SIMTIndirectStore.aiv.c310.bc	meta_op.aiv.c310.bc
3	SIMT/IndirectStore/unmasked-high-rank	indirect_store_no_mask_4d_bfloat16_t_int64_t	SIMT/IndirectStore/unmasked-high-rank/indirect_store_no_mask_4d_bfloat16_t_int64_t.mlir	1	SIMT	Vector/SIMTIndirectStore.aiv.c310.bc	meta_op.aiv.c310.bc
3	SIMT/IndirectStore/unmasked-high-rank	indirect_store_no_mask_4d_bool_int32_t	SIMT/IndirectStore/unmasked-high-rank/indirect_store_no_mask_4d_bool_int32_t.mlir	1	SIMT	Vector/SIMTIndirectStore.aiv.c310.bc	meta_op.aiv.c310.bc
3	SIMT/IndirectStore/unmasked-high-rank	indirect_store_no_mask_4d_bool_int64_t	SIMT/IndirectStore/unmasked-high-rank/indirect_store_no_mask_4d_bool_int64_t.mlir	1	SIMT	Vector/SIMTIndirectStore.aiv.c310.bc	meta_op.aiv.c310.bc
3	SIMT/IndirectStore/unmasked-high-rank	indirect_store_no_mask_4d_float8_e4m3_t_int32_t	SIMT/IndirectStore/unmasked-high-rank/indirect_store_no_mask_4d_float8_e4m3_t_int32_t.mlir	1	SIMT	Vector/SIMTIndirectStore.aiv.c310.bc	meta_op.aiv.c310.bc
3	SIMT/IndirectStore/unmasked-high-rank	indirect_store_no_mask_4d_float8_e4m3_t_int64_t	SIMT/IndirectStore/unmasked-high-rank/indirect_store_no_mask_4d_float8_e4m3_t_int64_t.mlir	1	SIMT	Vector/SIMTIndirectStore.aiv.c310.bc	meta_op.aiv.c310.bc
3	SIMT/IndirectStore/unmasked-high-rank	indirect_store_no_mask_4d_float8_e5m2_t_int32_t	SIMT/IndirectStore/unmasked-high-rank/indirect_store_no_mask_4d_float8_e5m2_t_int32_t.mlir	1	SIMT	Vector/SIMTIndirectStore.aiv.c310.bc	meta_op.aiv.c310.bc
3	SIMT/IndirectStore/unmasked-high-rank	indirect_store_no_mask_4d_float8_e5m2_t_int64_t	SIMT/IndirectStore/unmasked-high-rank/indirect_store_no_mask_4d_float8_e5m2_t_int64_t.mlir	1	SIMT	Vector/SIMTIndirectStore.aiv.c310.bc	meta_op.aiv.c310.bc
3	SIMT/IndirectStore/unmasked-high-rank	indirect_store_no_mask_4d_float_int32_t	SIMT/IndirectStore/unmasked-high-rank/indirect_store_no_mask_4d_float_int32_t.mlir	1	SIMT	Vector/SIMTIndirectStore.aiv.c310.bc	meta_op.aiv.c310.bc
3	SIMT/IndirectStore/unmasked-high-rank	indirect_store_no_mask_4d_float_int64_t	SIMT/IndirectStore/unmasked-high-rank/indirect_store_no_mask_4d_float_int64_t.mlir	1	SIMT	Vector/SIMTIndirectStore.aiv.c310.bc	meta_op.aiv.c310.bc
3	SIMT/IndirectStore/unmasked-high-rank	indirect_store_no_mask_4d_half_int32_t	SIMT/IndirectStore/unmasked-high-rank/indirect_store_no_mask_4d_half_int32_t.mlir	1	SIMT	Vector/SIMTIndirectStore.aiv.c310.bc	meta_op.aiv.c310.bc
3	SIMT/IndirectStore/unmasked-high-rank	indirect_store_no_mask_4d_half_int64_t	SIMT/IndirectStore/unmasked-high-rank/indirect_store_no_mask_4d_half_int64_t.mlir	1	SIMT	Vector/SIMTIndirectStore.aiv.c310.bc	meta_op.aiv.c310.bc
3	SIMT/IndirectStore/unmasked-high-rank	indirect_store_no_mask_4d_hifloat4x2_t_int32_t	SIMT/IndirectStore/unmasked-high-rank/indirect_store_no_mask_4d_hifloat4x2_t_int32_t.mlir	1	SIMT	Vector/SIMTIndirectStore.aiv.c310.bc	meta_op.aiv.c310.bc
3	SIMT/IndirectStore/unmasked-high-rank	indirect_store_no_mask_4d_hifloat4x2_t_int64_t	SIMT/IndirectStore/unmasked-high-rank/indirect_store_no_mask_4d_hifloat4x2_t_int64_t.mlir	1	SIMT	Vector/SIMTIndirectStore.aiv.c310.bc	meta_op.aiv.c310.bc
3	SIMT/IndirectStore/unmasked-high-rank	indirect_store_no_mask_4d_hifloat8_t_int32_t	SIMT/IndirectStore/unmasked-high-rank/indirect_store_no_mask_4d_hifloat8_t_int32_t.mlir	1	SIMT	Vector/SIMTIndirectStore.aiv.c310.bc	meta_op.aiv.c310.bc
3	SIMT/IndirectStore/unmasked-high-rank	indirect_store_no_mask_4d_hifloat8_t_int64_t	SIMT/IndirectStore/unmasked-high-rank/indirect_store_no_mask_4d_hifloat8_t_int64_t.mlir	1	SIMT	Vector/SIMTIndirectStore.aiv.c310.bc	meta_op.aiv.c310.bc
3	SIMT/IndirectStore/unmasked-high-rank	indirect_store_no_mask_4d_int16_t_int32_t	SIMT/IndirectStore/unmasked-high-rank/indirect_store_no_mask_4d_int16_t_int32_t.mlir	1	SIMT	Vector/SIMTIndirectStore.aiv.c310.bc	meta_op.aiv.c310.bc
3	SIMT/IndirectStore/unmasked-high-rank	indirect_store_no_mask_4d_int16_t_int64_t	SIMT/IndirectStore/unmasked-high-rank/indirect_store_no_mask_4d_int16_t_int64_t.mlir	1	SIMT	Vector/SIMTIndirectStore.aiv.c310.bc	meta_op.aiv.c310.bc
3	SIMT/IndirectStore/unmasked-high-rank	indirect_store_no_mask_4d_int32_t_int32_t	SIMT/IndirectStore/unmasked-high-rank/indirect_store_no_mask_4d_int32_t_int32_t.mlir	1	SIMT	Vector/SIMTIndirectStore.aiv.c310.bc	meta_op.aiv.c310.bc
3	SIMT/IndirectStore/unmasked-high-rank	indirect_store_no_mask_4d_int32_t_int64_t	SIMT/IndirectStore/unmasked-high-rank/indirect_store_no_mask_4d_int32_t_int64_t.mlir	1	SIMT	Vector/SIMTIndirectStore.aiv.c310.bc	meta_op.aiv.c310.bc
3	SIMT/IndirectStore/unmasked-high-rank	indirect_store_no_mask_4d_int64_t_int32_t	SIMT/IndirectStore/unmasked-high-rank/indirect_store_no_mask_4d_int64_t_int32_t.mlir	1	SIMT	Vector/SIMTIndirectStore.aiv.c310.bc	meta_op.aiv.c310.bc
3	SIMT/IndirectStore/unmasked-high-rank	indirect_store_no_mask_4d_int64_t_int64_t	SIMT/IndirectStore/unmasked-high-rank/indirect_store_no_mask_4d_int64_t_int64_t.mlir	1	SIMT	Vector/SIMTIndirectStore.aiv.c310.bc	meta_op.aiv.c310.bc
3	SIMT/IndirectStore/unmasked-high-rank	indirect_store_no_mask_4d_int8_t_int32_t	SIMT/IndirectStore/unmasked-high-rank/indirect_store_no_mask_4d_int8_t_int32_t.mlir	1	SIMT	Vector/SIMTIndirectStore.aiv.c310.bc	meta_op.aiv.c310.bc
3	SIMT/IndirectStore/unmasked-high-rank	indirect_store_no_mask_4d_int8_t_int64_t	SIMT/IndirectStore/unmasked-high-rank/indirect_store_no_mask_4d_int8_t_int64_t.mlir	1	SIMT	Vector/SIMTIndirectStore.aiv.c310.bc	meta_op.aiv.c310.bc
3	SIMT/IndirectStore/unmasked-high-rank	indirect_store_no_mask_4d_uint16_t_int32_t	SIMT/IndirectStore/unmasked-high-rank/indirect_store_no_mask_4d_uint16_t_int32_t.mlir	1	SIMT	Vector/SIMTIndirectStore.aiv.c310.bc	meta_op.aiv.c310.bc
3	SIMT/IndirectStore/unmasked-high-rank	indirect_store_no_mask_4d_uint16_t_int64_t	SIMT/IndirectStore/unmasked-high-rank/indirect_store_no_mask_4d_uint16_t_int64_t.mlir	1	SIMT	Vector/SIMTIndirectStore.aiv.c310.bc	meta_op.aiv.c310.bc
3	SIMT/IndirectStore/unmasked-high-rank	indirect_store_no_mask_4d_uint32_t_int32_t	SIMT/IndirectStore/unmasked-high-rank/indirect_store_no_mask_4d_uint32_t_int32_t.mlir	1	SIMT	Vector/SIMTIndirectStore.aiv.c310.bc	meta_op.aiv.c310.bc
3	SIMT/IndirectStore/unmasked-high-rank	indirect_store_no_mask_4d_uint32_t_int64_t	SIMT/IndirectStore/unmasked-high-rank/indirect_store_no_mask_4d_uint32_t_int64_t.mlir	1	SIMT	Vector/SIMTIndirectStore.aiv.c310.bc	meta_op.aiv.c310.bc
3	SIMT/IndirectStore/unmasked-high-rank	indirect_store_no_mask_4d_uint64_t_int32_t	SIMT/IndirectStore/unmasked-high-rank/indirect_store_no_mask_4d_uint64_t_int32_t.mlir	1	SIMT	Vector/SIMTIndirectStore.aiv.c310.bc	meta_op.aiv.c310.bc
3	SIMT/IndirectStore/unmasked-high-rank	indirect_store_no_mask_4d_uint64_t_int64_t	SIMT/IndirectStore/unmasked-high-rank/indirect_store_no_mask_4d_uint64_t_int64_t.mlir	1	SIMT	Vector/SIMTIndirectStore.aiv.c310.bc	meta_op.aiv.c310.bc
3	SIMT/IndirectStore/unmasked-high-rank	indirect_store_no_mask_4d_uint8_t_int32_t	SIMT/IndirectStore/unmasked-high-rank/indirect_store_no_mask_4d_uint8_t_int32_t.mlir	1	SIMT	Vector/SIMTIndirectStore.aiv.c310.bc	meta_op.aiv.c310.bc
3	SIMT/IndirectStore/unmasked-high-rank	indirect_store_no_mask_4d_uint8_t_int64_t	SIMT/IndirectStore/unmasked-high-rank/indirect_store_no_mask_4d_uint8_t_int64_t.mlir	1	SIMT	Vector/SIMTIndirectStore.aiv.c310.bc	meta_op.aiv.c310.bc
3	SIMT/IndirectStore/unmasked-high-rank	indirect_store_no_mask_5d_bfloat16_t_int32_t	SIMT/IndirectStore/unmasked-high-rank/indirect_store_no_mask_5d_bfloat16_t_int32_t.mlir	1	SIMT	Vector/SIMTIndirectStore.aiv.c310.bc	meta_op.aiv.c310.bc
3	SIMT/IndirectStore/unmasked-high-rank	indirect_store_no_mask_5d_bfloat16_t_int64_t	SIMT/IndirectStore/unmasked-high-rank/indirect_store_no_mask_5d_bfloat16_t_int64_t.mlir	1	SIMT	Vector/SIMTIndirectStore.aiv.c310.bc	meta_op.aiv.c310.bc
3	SIMT/IndirectStore/unmasked-high-rank	indirect_store_no_mask_5d_bool_int32_t	SIMT/IndirectStore/unmasked-high-rank/indirect_store_no_mask_5d_bool_int32_t.mlir	1	SIMT	Vector/SIMTIndirectStore.aiv.c310.bc	meta_op.aiv.c310.bc
3	SIMT/IndirectStore/unmasked-high-rank	indirect_store_no_mask_5d_bool_int64_t	SIMT/IndirectStore/unmasked-high-rank/indirect_store_no_mask_5d_bool_int64_t.mlir	1	SIMT	Vector/SIMTIndirectStore.aiv.c310.bc	meta_op.aiv.c310.bc
3	SIMT/IndirectStore/unmasked-high-rank	indirect_store_no_mask_5d_float8_e4m3_t_int32_t	SIMT/IndirectStore/unmasked-high-rank/indirect_store_no_mask_5d_float8_e4m3_t_int32_t.mlir	1	SIMT	Vector/SIMTIndirectStore.aiv.c310.bc	meta_op.aiv.c310.bc
3	SIMT/IndirectStore/unmasked-high-rank	indirect_store_no_mask_5d_float8_e4m3_t_int64_t	SIMT/IndirectStore/unmasked-high-rank/indirect_store_no_mask_5d_float8_e4m3_t_int64_t.mlir	1	SIMT	Vector/SIMTIndirectStore.aiv.c310.bc	meta_op.aiv.c310.bc
3	SIMT/IndirectStore/unmasked-high-rank	indirect_store_no_mask_5d_float8_e5m2_t_int32_t	SIMT/IndirectStore/unmasked-high-rank/indirect_store_no_mask_5d_float8_e5m2_t_int32_t.mlir	1	SIMT	Vector/SIMTIndirectStore.aiv.c310.bc	meta_op.aiv.c310.bc
3	SIMT/IndirectStore/unmasked-high-rank	indirect_store_no_mask_5d_float8_e5m2_t_int64_t	SIMT/IndirectStore/unmasked-high-rank/indirect_store_no_mask_5d_float8_e5m2_t_int64_t.mlir	1	SIMT	Vector/SIMTIndirectStore.aiv.c310.bc	meta_op.aiv.c310.bc
3	SIMT/IndirectStore/unmasked-high-rank	indirect_store_no_mask_5d_float_int32_t	SIMT/IndirectStore/unmasked-high-rank/indirect_store_no_mask_5d_float_int32_t.mlir	1	SIMT	Vector/SIMTIndirectStore.aiv.c310.bc	meta_op.aiv.c310.bc
3	SIMT/IndirectStore/unmasked-high-rank	indirect_store_no_mask_5d_float_int64_t	SIMT/IndirectStore/unmasked-high-rank/indirect_store_no_mask_5d_float_int64_t.mlir	1	SIMT	Vector/SIMTIndirectStore.aiv.c310.bc	meta_op.aiv.c310.bc
3	SIMT/IndirectStore/unmasked-high-rank	indirect_store_no_mask_5d_half_int32_t	SIMT/IndirectStore/unmasked-high-rank/indirect_store_no_mask_5d_half_int32_t.mlir	1	SIMT	Vector/SIMTIndirectStore.aiv.c310.bc	meta_op.aiv.c310.bc
3	SIMT/IndirectStore/unmasked-high-rank	indirect_store_no_mask_5d_half_int64_t	SIMT/IndirectStore/unmasked-high-rank/indirect_store_no_mask_5d_half_int64_t.mlir	1	SIMT	Vector/SIMTIndirectStore.aiv.c310.bc	meta_op.aiv.c310.bc
3	SIMT/IndirectStore/unmasked-high-rank	indirect_store_no_mask_5d_hifloat4x2_t_int32_t	SIMT/IndirectStore/unmasked-high-rank/indirect_store_no_mask_5d_hifloat4x2_t_int32_t.mlir	1	SIMT	Vector/SIMTIndirectStore.aiv.c310.bc	meta_op.aiv.c310.bc
3	SIMT/IndirectStore/unmasked-high-rank	indirect_store_no_mask_5d_hifloat4x2_t_int64_t	SIMT/IndirectStore/unmasked-high-rank/indirect_store_no_mask_5d_hifloat4x2_t_int64_t.mlir	1	SIMT	Vector/SIMTIndirectStore.aiv.c310.bc	meta_op.aiv.c310.bc
3	SIMT/IndirectStore/unmasked-high-rank	indirect_store_no_mask_5d_hifloat8_t_int32_t	SIMT/IndirectStore/unmasked-high-rank/indirect_store_no_mask_5d_hifloat8_t_int32_t.mlir	1	SIMT	Vector/SIMTIndirectStore.aiv.c310.bc	meta_op.aiv.c310.bc
3	SIMT/IndirectStore/unmasked-high-rank	indirect_store_no_mask_5d_hifloat8_t_int64_t	SIMT/IndirectStore/unmasked-high-rank/indirect_store_no_mask_5d_hifloat8_t_int64_t.mlir	1	SIMT	Vector/SIMTIndirectStore.aiv.c310.bc	meta_op.aiv.c310.bc
3	SIMT/IndirectStore/unmasked-high-rank	indirect_store_no_mask_5d_int16_t_int32_t	SIMT/IndirectStore/unmasked-high-rank/indirect_store_no_mask_5d_int16_t_int32_t.mlir	1	SIMT	Vector/SIMTIndirectStore.aiv.c310.bc	meta_op.aiv.c310.bc
3	SIMT/IndirectStore/unmasked-high-rank	indirect_store_no_mask_5d_int16_t_int64_t	SIMT/IndirectStore/unmasked-high-rank/indirect_store_no_mask_5d_int16_t_int64_t.mlir	1	SIMT	Vector/SIMTIndirectStore.aiv.c310.bc	meta_op.aiv.c310.bc
3	SIMT/IndirectStore/unmasked-high-rank	indirect_store_no_mask_5d_int32_t_int32_t	SIMT/IndirectStore/unmasked-high-rank/indirect_store_no_mask_5d_int32_t_int32_t.mlir	1	SIMT	Vector/SIMTIndirectStore.aiv.c310.bc	meta_op.aiv.c310.bc
3	SIMT/IndirectStore/unmasked-high-rank	indirect_store_no_mask_5d_int32_t_int64_t	SIMT/IndirectStore/unmasked-high-rank/indirect_store_no_mask_5d_int32_t_int64_t.mlir	1	SIMT	Vector/SIMTIndirectStore.aiv.c310.bc	meta_op.aiv.c310.bc
3	SIMT/IndirectStore/unmasked-high-rank	indirect_store_no_mask_5d_int64_t_int32_t	SIMT/IndirectStore/unmasked-high-rank/indirect_store_no_mask_5d_int64_t_int32_t.mlir	1	SIMT	Vector/SIMTIndirectStore.aiv.c310.bc	meta_op.aiv.c310.bc
3	SIMT/IndirectStore/unmasked-high-rank	indirect_store_no_mask_5d_int64_t_int64_t	SIMT/IndirectStore/unmasked-high-rank/indirect_store_no_mask_5d_int64_t_int64_t.mlir	1	SIMT	Vector/SIMTIndirectStore.aiv.c310.bc	meta_op.aiv.c310.bc
3	SIMT/IndirectStore/unmasked-high-rank	indirect_store_no_mask_5d_int8_t_int32_t	SIMT/IndirectStore/unmasked-high-rank/indirect_store_no_mask_5d_int8_t_int32_t.mlir	1	SIMT	Vector/SIMTIndirectStore.aiv.c310.bc	meta_op.aiv.c310.bc
3	SIMT/IndirectStore/unmasked-high-rank	indirect_store_no_mask_5d_int8_t_int64_t	SIMT/IndirectStore/unmasked-high-rank/indirect_store_no_mask_5d_int8_t_int64_t.mlir	1	SIMT	Vector/SIMTIndirectStore.aiv.c310.bc	meta_op.aiv.c310.bc
3	SIMT/IndirectStore/unmasked-high-rank	indirect_store_no_mask_5d_uint16_t_int32_t	SIMT/IndirectStore/unmasked-high-rank/indirect_store_no_mask_5d_uint16_t_int32_t.mlir	1	SIMT	Vector/SIMTIndirectStore.aiv.c310.bc	meta_op.aiv.c310.bc
3	SIMT/IndirectStore/unmasked-high-rank	indirect_store_no_mask_5d_uint16_t_int64_t	SIMT/IndirectStore/unmasked-high-rank/indirect_store_no_mask_5d_uint16_t_int64_t.mlir	1	SIMT	Vector/SIMTIndirectStore.aiv.c310.bc	meta_op.aiv.c310.bc
3	SIMT/IndirectStore/unmasked-high-rank	indirect_store_no_mask_5d_uint32_t_int32_t	SIMT/IndirectStore/unmasked-high-rank/indirect_store_no_mask_5d_uint32_t_int32_t.mlir	1	SIMT	Vector/SIMTIndirectStore.aiv.c310.bc	meta_op.aiv.c310.bc
3	SIMT/IndirectStore/unmasked-high-rank	indirect_store_no_mask_5d_uint32_t_int64_t	SIMT/IndirectStore/unmasked-high-rank/indirect_store_no_mask_5d_uint32_t_int64_t.mlir	1	SIMT	Vector/SIMTIndirectStore.aiv.c310.bc	meta_op.aiv.c310.bc
3	SIMT/IndirectStore/unmasked-high-rank	indirect_store_no_mask_5d_uint64_t_int32_t	SIMT/IndirectStore/unmasked-high-rank/indirect_store_no_mask_5d_uint64_t_int32_t.mlir	1	SIMT	Vector/SIMTIndirectStore.aiv.c310.bc	meta_op.aiv.c310.bc
3	SIMT/IndirectStore/unmasked-high-rank	indirect_store_no_mask_5d_uint64_t_int64_t	SIMT/IndirectStore/unmasked-high-rank/indirect_store_no_mask_5d_uint64_t_int64_t.mlir	1	SIMT	Vector/SIMTIndirectStore.aiv.c310.bc	meta_op.aiv.c310.bc
3	SIMT/IndirectStore/unmasked-high-rank	indirect_store_no_mask_5d_uint8_t_int32_t	SIMT/IndirectStore/unmasked-high-rank/indirect_store_no_mask_5d_uint8_t_int32_t.mlir	1	SIMT	Vector/SIMTIndirectStore.aiv.c310.bc	meta_op.aiv.c310.bc
3	SIMT/IndirectStore/unmasked-high-rank	indirect_store_no_mask_5d_uint8_t_int64_t	SIMT/IndirectStore/unmasked-high-rank/indirect_store_no_mask_5d_uint8_t_int64_t.mlir	1	SIMT	Vector/SIMTIndirectStore.aiv.c310.bc	meta_op.aiv.c310.bc
3	SIMT/IndirectStore/unmasked-low-rank	indirect_store_no_mask_1d_bfloat16_t_int32_t	SIMT/IndirectStore/unmasked-low-rank/indirect_store_no_mask_1d_bfloat16_t_int32_t.mlir	1	SIMT	Vector/SIMTIndirectStore.aiv.c310.bc	meta_op.aiv.c310.bc
3	SIMT/IndirectStore/unmasked-low-rank	indirect_store_no_mask_1d_bfloat16_t_int64_t	SIMT/IndirectStore/unmasked-low-rank/indirect_store_no_mask_1d_bfloat16_t_int64_t.mlir	1	SIMT	Vector/SIMTIndirectStore.aiv.c310.bc	meta_op.aiv.c310.bc
3	SIMT/IndirectStore/unmasked-low-rank	indirect_store_no_mask_1d_bool_int32_t	SIMT/IndirectStore/unmasked-low-rank/indirect_store_no_mask_1d_bool_int32_t.mlir	1	SIMT	Vector/SIMTIndirectStore.aiv.c310.bc	meta_op.aiv.c310.bc
3	SIMT/IndirectStore/unmasked-low-rank	indirect_store_no_mask_1d_bool_int64_t	SIMT/IndirectStore/unmasked-low-rank/indirect_store_no_mask_1d_bool_int64_t.mlir	1	SIMT	Vector/SIMTIndirectStore.aiv.c310.bc	meta_op.aiv.c310.bc
3	SIMT/IndirectStore/unmasked-low-rank	indirect_store_no_mask_1d_float8_e4m3_t_int32_t	SIMT/IndirectStore/unmasked-low-rank/indirect_store_no_mask_1d_float8_e4m3_t_int32_t.mlir	1	SIMT	Vector/SIMTIndirectStore.aiv.c310.bc	meta_op.aiv.c310.bc
3	SIMT/IndirectStore/unmasked-low-rank	indirect_store_no_mask_1d_float8_e4m3_t_int64_t	SIMT/IndirectStore/unmasked-low-rank/indirect_store_no_mask_1d_float8_e4m3_t_int64_t.mlir	1	SIMT	Vector/SIMTIndirectStore.aiv.c310.bc	meta_op.aiv.c310.bc
3	SIMT/IndirectStore/unmasked-low-rank	indirect_store_no_mask_1d_float8_e5m2_t_int32_t	SIMT/IndirectStore/unmasked-low-rank/indirect_store_no_mask_1d_float8_e5m2_t_int32_t.mlir	1	SIMT	Vector/SIMTIndirectStore.aiv.c310.bc	meta_op.aiv.c310.bc
3	SIMT/IndirectStore/unmasked-low-rank	indirect_store_no_mask_1d_float8_e5m2_t_int64_t	SIMT/IndirectStore/unmasked-low-rank/indirect_store_no_mask_1d_float8_e5m2_t_int64_t.mlir	1	SIMT	Vector/SIMTIndirectStore.aiv.c310.bc	meta_op.aiv.c310.bc
3	SIMT/IndirectStore/unmasked-low-rank	indirect_store_no_mask_1d_float_int32_t	SIMT/IndirectStore/unmasked-low-rank/indirect_store_no_mask_1d_float_int32_t.mlir	1	SIMT	Vector/SIMTIndirectStore.aiv.c310.bc	meta_op.aiv.c310.bc
3	SIMT/IndirectStore/unmasked-low-rank	indirect_store_no_mask_1d_float_int64_t	SIMT/IndirectStore/unmasked-low-rank/indirect_store_no_mask_1d_float_int64_t.mlir	1	SIMT	Vector/SIMTIndirectStore.aiv.c310.bc	meta_op.aiv.c310.bc
3	SIMT/IndirectStore/unmasked-low-rank	indirect_store_no_mask_1d_half_int32_t	SIMT/IndirectStore/unmasked-low-rank/indirect_store_no_mask_1d_half_int32_t.mlir	1	SIMT	Vector/SIMTIndirectStore.aiv.c310.bc	meta_op.aiv.c310.bc
3	SIMT/IndirectStore/unmasked-low-rank	indirect_store_no_mask_1d_half_int64_t	SIMT/IndirectStore/unmasked-low-rank/indirect_store_no_mask_1d_half_int64_t.mlir	1	SIMT	Vector/SIMTIndirectStore.aiv.c310.bc	meta_op.aiv.c310.bc
3	SIMT/IndirectStore/unmasked-low-rank	indirect_store_no_mask_1d_hifloat4x2_t_int32_t	SIMT/IndirectStore/unmasked-low-rank/indirect_store_no_mask_1d_hifloat4x2_t_int32_t.mlir	1	SIMT	Vector/SIMTIndirectStore.aiv.c310.bc	meta_op.aiv.c310.bc
3	SIMT/IndirectStore/unmasked-low-rank	indirect_store_no_mask_1d_hifloat4x2_t_int64_t	SIMT/IndirectStore/unmasked-low-rank/indirect_store_no_mask_1d_hifloat4x2_t_int64_t.mlir	1	SIMT	Vector/SIMTIndirectStore.aiv.c310.bc	meta_op.aiv.c310.bc
3	SIMT/IndirectStore/unmasked-low-rank	indirect_store_no_mask_1d_hifloat8_t_int32_t	SIMT/IndirectStore/unmasked-low-rank/indirect_store_no_mask_1d_hifloat8_t_int32_t.mlir	1	SIMT	Vector/SIMTIndirectStore.aiv.c310.bc	meta_op.aiv.c310.bc
3	SIMT/IndirectStore/unmasked-low-rank	indirect_store_no_mask_1d_hifloat8_t_int64_t	SIMT/IndirectStore/unmasked-low-rank/indirect_store_no_mask_1d_hifloat8_t_int64_t.mlir	1	SIMT	Vector/SIMTIndirectStore.aiv.c310.bc	meta_op.aiv.c310.bc
3	SIMT/IndirectStore/unmasked-low-rank	indirect_store_no_mask_1d_int16_t_int32_t	SIMT/IndirectStore/unmasked-low-rank/indirect_store_no_mask_1d_int16_t_int32_t.mlir	1	SIMT	Vector/SIMTIndirectStore.aiv.c310.bc	meta_op.aiv.c310.bc
3	SIMT/IndirectStore/unmasked-low-rank	indirect_store_no_mask_1d_int16_t_int64_t	SIMT/IndirectStore/unmasked-low-rank/indirect_store_no_mask_1d_int16_t_int64_t.mlir	1	SIMT	Vector/SIMTIndirectStore.aiv.c310.bc	meta_op.aiv.c310.bc
3	SIMT/IndirectStore/unmasked-low-rank	indirect_store_no_mask_1d_int32_t_int32_t	SIMT/IndirectStore/unmasked-low-rank/indirect_store_no_mask_1d_int32_t_int32_t.mlir	1	SIMT	Vector/SIMTIndirectStore.aiv.c310.bc	meta_op.aiv.c310.bc
3	SIMT/IndirectStore/unmasked-low-rank	indirect_store_no_mask_1d_int32_t_int64_t	SIMT/IndirectStore/unmasked-low-rank/indirect_store_no_mask_1d_int32_t_int64_t.mlir	1	SIMT	Vector/SIMTIndirectStore.aiv.c310.bc	meta_op.aiv.c310.bc
3	SIMT/IndirectStore/unmasked-low-rank	indirect_store_no_mask_1d_int64_t_int32_t	SIMT/IndirectStore/unmasked-low-rank/indirect_store_no_mask_1d_int64_t_int32_t.mlir	1	SIMT	Vector/SIMTIndirectStore.aiv.c310.bc	meta_op.aiv.c310.bc
3	SIMT/IndirectStore/unmasked-low-rank	indirect_store_no_mask_1d_int64_t_int64_t	SIMT/IndirectStore/unmasked-low-rank/indirect_store_no_mask_1d_int64_t_int64_t.mlir	1	SIMT	Vector/SIMTIndirectStore.aiv.c310.bc	meta_op.aiv.c310.bc
3	SIMT/IndirectStore/unmasked-low-rank	indirect_store_no_mask_1d_int8_t_int32_t	SIMT/IndirectStore/unmasked-low-rank/indirect_store_no_mask_1d_int8_t_int32_t.mlir	1	SIMT	Vector/SIMTIndirectStore.aiv.c310.bc	meta_op.aiv.c310.bc
3	SIMT/IndirectStore/unmasked-low-rank	indirect_store_no_mask_1d_int8_t_int64_t	SIMT/IndirectStore/unmasked-low-rank/indirect_store_no_mask_1d_int8_t_int64_t.mlir	1	SIMT	Vector/SIMTIndirectStore.aiv.c310.bc	meta_op.aiv.c310.bc
3	SIMT/IndirectStore/unmasked-low-rank	indirect_store_no_mask_1d_uint16_t_int32_t	SIMT/IndirectStore/unmasked-low-rank/indirect_store_no_mask_1d_uint16_t_int32_t.mlir	1	SIMT	Vector/SIMTIndirectStore.aiv.c310.bc	meta_op.aiv.c310.bc
3	SIMT/IndirectStore/unmasked-low-rank	indirect_store_no_mask_1d_uint16_t_int64_t	SIMT/IndirectStore/unmasked-low-rank/indirect_store_no_mask_1d_uint16_t_int64_t.mlir	1	SIMT	Vector/SIMTIndirectStore.aiv.c310.bc	meta_op.aiv.c310.bc
3	SIMT/IndirectStore/unmasked-low-rank	indirect_store_no_mask_1d_uint32_t_int32_t	SIMT/IndirectStore/unmasked-low-rank/indirect_store_no_mask_1d_uint32_t_int32_t.mlir	1	SIMT	Vector/SIMTIndirectStore.aiv.c310.bc	meta_op.aiv.c310.bc
3	SIMT/IndirectStore/unmasked-low-rank	indirect_store_no_mask_1d_uint32_t_int64_t	SIMT/IndirectStore/unmasked-low-rank/indirect_store_no_mask_1d_uint32_t_int64_t.mlir	1	SIMT	Vector/SIMTIndirectStore.aiv.c310.bc	meta_op.aiv.c310.bc
3	SIMT/IndirectStore/unmasked-low-rank	indirect_store_no_mask_1d_uint64_t_int32_t	SIMT/IndirectStore/unmasked-low-rank/indirect_store_no_mask_1d_uint64_t_int32_t.mlir	1	SIMT	Vector/SIMTIndirectStore.aiv.c310.bc	meta_op.aiv.c310.bc
3	SIMT/IndirectStore/unmasked-low-rank	indirect_store_no_mask_1d_uint64_t_int64_t	SIMT/IndirectStore/unmasked-low-rank/indirect_store_no_mask_1d_uint64_t_int64_t.mlir	1	SIMT	Vector/SIMTIndirectStore.aiv.c310.bc	meta_op.aiv.c310.bc
3	SIMT/IndirectStore/unmasked-low-rank	indirect_store_no_mask_1d_uint8_t_int32_t	SIMT/IndirectStore/unmasked-low-rank/indirect_store_no_mask_1d_uint8_t_int32_t.mlir	1	SIMT	Vector/SIMTIndirectStore.aiv.c310.bc	meta_op.aiv.c310.bc
3	SIMT/IndirectStore/unmasked-low-rank	indirect_store_no_mask_1d_uint8_t_int64_t	SIMT/IndirectStore/unmasked-low-rank/indirect_store_no_mask_1d_uint8_t_int64_t.mlir	1	SIMT	Vector/SIMTIndirectStore.aiv.c310.bc	meta_op.aiv.c310.bc
3	SIMT/IndirectStore/unmasked-low-rank	indirect_store_no_mask_2d_bfloat16_t_int32_t	SIMT/IndirectStore/unmasked-low-rank/indirect_store_no_mask_2d_bfloat16_t_int32_t.mlir	1	SIMT	Vector/SIMTIndirectStore.aiv.c310.bc	meta_op.aiv.c310.bc
3	SIMT/IndirectStore/unmasked-low-rank	indirect_store_no_mask_2d_bfloat16_t_int64_t	SIMT/IndirectStore/unmasked-low-rank/indirect_store_no_mask_2d_bfloat16_t_int64_t.mlir	1	SIMT	Vector/SIMTIndirectStore.aiv.c310.bc	meta_op.aiv.c310.bc
3	SIMT/IndirectStore/unmasked-low-rank	indirect_store_no_mask_2d_bool_int32_t	SIMT/IndirectStore/unmasked-low-rank/indirect_store_no_mask_2d_bool_int32_t.mlir	1	SIMT	Vector/SIMTIndirectStore.aiv.c310.bc	meta_op.aiv.c310.bc
3	SIMT/IndirectStore/unmasked-low-rank	indirect_store_no_mask_2d_bool_int64_t	SIMT/IndirectStore/unmasked-low-rank/indirect_store_no_mask_2d_bool_int64_t.mlir	1	SIMT	Vector/SIMTIndirectStore.aiv.c310.bc	meta_op.aiv.c310.bc
3	SIMT/IndirectStore/unmasked-low-rank	indirect_store_no_mask_2d_float8_e4m3_t_int32_t	SIMT/IndirectStore/unmasked-low-rank/indirect_store_no_mask_2d_float8_e4m3_t_int32_t.mlir	1	SIMT	Vector/SIMTIndirectStore.aiv.c310.bc	meta_op.aiv.c310.bc
3	SIMT/IndirectStore/unmasked-low-rank	indirect_store_no_mask_2d_float8_e4m3_t_int64_t	SIMT/IndirectStore/unmasked-low-rank/indirect_store_no_mask_2d_float8_e4m3_t_int64_t.mlir	1	SIMT	Vector/SIMTIndirectStore.aiv.c310.bc	meta_op.aiv.c310.bc
3	SIMT/IndirectStore/unmasked-low-rank	indirect_store_no_mask_2d_float8_e5m2_t_int32_t	SIMT/IndirectStore/unmasked-low-rank/indirect_store_no_mask_2d_float8_e5m2_t_int32_t.mlir	1	SIMT	Vector/SIMTIndirectStore.aiv.c310.bc	meta_op.aiv.c310.bc
3	SIMT/IndirectStore/unmasked-low-rank	indirect_store_no_mask_2d_float8_e5m2_t_int64_t	SIMT/IndirectStore/unmasked-low-rank/indirect_store_no_mask_2d_float8_e5m2_t_int64_t.mlir	1	SIMT	Vector/SIMTIndirectStore.aiv.c310.bc	meta_op.aiv.c310.bc
3	SIMT/IndirectStore/unmasked-low-rank	indirect_store_no_mask_2d_float_int32_t	SIMT/IndirectStore/unmasked-low-rank/indirect_store_no_mask_2d_float_int32_t.mlir	1	SIMT	Vector/SIMTIndirectStore.aiv.c310.bc	meta_op.aiv.c310.bc
3	SIMT/IndirectStore/unmasked-low-rank	indirect_store_no_mask_2d_float_int64_t	SIMT/IndirectStore/unmasked-low-rank/indirect_store_no_mask_2d_float_int64_t.mlir	1	SIMT	Vector/SIMTIndirectStore.aiv.c310.bc	meta_op.aiv.c310.bc
3	SIMT/IndirectStore/unmasked-low-rank	indirect_store_no_mask_2d_half_int32_t	SIMT/IndirectStore/unmasked-low-rank/indirect_store_no_mask_2d_half_int32_t.mlir	1	SIMT	Vector/SIMTIndirectStore.aiv.c310.bc	meta_op.aiv.c310.bc
3	SIMT/IndirectStore/unmasked-low-rank	indirect_store_no_mask_2d_half_int64_t	SIMT/IndirectStore/unmasked-low-rank/indirect_store_no_mask_2d_half_int64_t.mlir	1	SIMT	Vector/SIMTIndirectStore.aiv.c310.bc	meta_op.aiv.c310.bc
3	SIMT/IndirectStore/unmasked-low-rank	indirect_store_no_mask_2d_hifloat4x2_t_int32_t	SIMT/IndirectStore/unmasked-low-rank/indirect_store_no_mask_2d_hifloat4x2_t_int32_t.mlir	1	SIMT	Vector/SIMTIndirectStore.aiv.c310.bc	meta_op.aiv.c310.bc
3	SIMT/IndirectStore/unmasked-low-rank	indirect_store_no_mask_2d_hifloat4x2_t_int64_t	SIMT/IndirectStore/unmasked-low-rank/indirect_store_no_mask_2d_hifloat4x2_t_int64_t.mlir	1	SIMT	Vector/SIMTIndirectStore.aiv.c310.bc	meta_op.aiv.c310.bc
3	SIMT/IndirectStore/unmasked-low-rank	indirect_store_no_mask_2d_hifloat8_t_int32_t	SIMT/IndirectStore/unmasked-low-rank/indirect_store_no_mask_2d_hifloat8_t_int32_t.mlir	1	SIMT	Vector/SIMTIndirectStore.aiv.c310.bc	meta_op.aiv.c310.bc
3	SIMT/IndirectStore/unmasked-low-rank	indirect_store_no_mask_2d_hifloat8_t_int64_t	SIMT/IndirectStore/unmasked-low-rank/indirect_store_no_mask_2d_hifloat8_t_int64_t.mlir	1	SIMT	Vector/SIMTIndirectStore.aiv.c310.bc	meta_op.aiv.c310.bc
3	SIMT/IndirectStore/unmasked-low-rank	indirect_store_no_mask_2d_int16_t_int32_t	SIMT/IndirectStore/unmasked-low-rank/indirect_store_no_mask_2d_int16_t_int32_t.mlir	1	SIMT	Vector/SIMTIndirectStore.aiv.c310.bc	meta_op.aiv.c310.bc
3	SIMT/IndirectStore/unmasked-low-rank	indirect_store_no_mask_2d_int16_t_int64_t	SIMT/IndirectStore/unmasked-low-rank/indirect_store_no_mask_2d_int16_t_int64_t.mlir	1	SIMT	Vector/SIMTIndirectStore.aiv.c310.bc	meta_op.aiv.c310.bc
3	SIMT/IndirectStore/unmasked-low-rank	indirect_store_no_mask_2d_int32_t_int32_t	SIMT/IndirectStore/unmasked-low-rank/indirect_store_no_mask_2d_int32_t_int32_t.mlir	1	SIMT	Vector/SIMTIndirectStore.aiv.c310.bc	meta_op.aiv.c310.bc
3	SIMT/IndirectStore/unmasked-low-rank	indirect_store_no_mask_2d_int32_t_int64_t	SIMT/IndirectStore/unmasked-low-rank/indirect_store_no_mask_2d_int32_t_int64_t.mlir	1	SIMT	Vector/SIMTIndirectStore.aiv.c310.bc	meta_op.aiv.c310.bc
3	SIMT/IndirectStore/unmasked-low-rank	indirect_store_no_mask_2d_int64_t_int32_t	SIMT/IndirectStore/unmasked-low-rank/indirect_store_no_mask_2d_int64_t_int32_t.mlir	1	SIMT	Vector/SIMTIndirectStore.aiv.c310.bc	meta_op.aiv.c310.bc
3	SIMT/IndirectStore/unmasked-low-rank	indirect_store_no_mask_2d_int64_t_int64_t	SIMT/IndirectStore/unmasked-low-rank/indirect_store_no_mask_2d_int64_t_int64_t.mlir	1	SIMT	Vector/SIMTIndirectStore.aiv.c310.bc	meta_op.aiv.c310.bc
3	SIMT/IndirectStore/unmasked-low-rank	indirect_store_no_mask_2d_int8_t_int32_t	SIMT/IndirectStore/unmasked-low-rank/indirect_store_no_mask_2d_int8_t_int32_t.mlir	1	SIMT	Vector/SIMTIndirectStore.aiv.c310.bc	meta_op.aiv.c310.bc
3	SIMT/IndirectStore/unmasked-low-rank	indirect_store_no_mask_2d_int8_t_int64_t	SIMT/IndirectStore/unmasked-low-rank/indirect_store_no_mask_2d_int8_t_int64_t.mlir	1	SIMT	Vector/SIMTIndirectStore.aiv.c310.bc	meta_op.aiv.c310.bc
3	SIMT/IndirectStore/unmasked-low-rank	indirect_store_no_mask_2d_uint16_t_int32_t	SIMT/IndirectStore/unmasked-low-rank/indirect_store_no_mask_2d_uint16_t_int32_t.mlir	1	SIMT	Vector/SIMTIndirectStore.aiv.c310.bc	meta_op.aiv.c310.bc
3	SIMT/IndirectStore/unmasked-low-rank	indirect_store_no_mask_2d_uint16_t_int64_t	SIMT/IndirectStore/unmasked-low-rank/indirect_store_no_mask_2d_uint16_t_int64_t.mlir	1	SIMT	Vector/SIMTIndirectStore.aiv.c310.bc	meta_op.aiv.c310.bc
3	SIMT/IndirectStore/unmasked-low-rank	indirect_store_no_mask_2d_uint32_t_int32_t	SIMT/IndirectStore/unmasked-low-rank/indirect_store_no_mask_2d_uint32_t_int32_t.mlir	1	SIMT	Vector/SIMTIndirectStore.aiv.c310.bc	meta_op.aiv.c310.bc
3	SIMT/IndirectStore/unmasked-low-rank	indirect_store_no_mask_2d_uint32_t_int64_t	SIMT/IndirectStore/unmasked-low-rank/indirect_store_no_mask_2d_uint32_t_int64_t.mlir	1	SIMT	Vector/SIMTIndirectStore.aiv.c310.bc	meta_op.aiv.c310.bc
3	SIMT/IndirectStore/unmasked-low-rank	indirect_store_no_mask_2d_uint64_t_int32_t	SIMT/IndirectStore/unmasked-low-rank/indirect_store_no_mask_2d_uint64_t_int32_t.mlir	1	SIMT	Vector/SIMTIndirectStore.aiv.c310.bc	meta_op.aiv.c310.bc
3	SIMT/IndirectStore/unmasked-low-rank	indirect_store_no_mask_2d_uint64_t_int64_t	SIMT/IndirectStore/unmasked-low-rank/indirect_store_no_mask_2d_uint64_t_int64_t.mlir	1	SIMT	Vector/SIMTIndirectStore.aiv.c310.bc	meta_op.aiv.c310.bc
3	SIMT/IndirectStore/unmasked-low-rank	indirect_store_no_mask_2d_uint8_t_int32_t	SIMT/IndirectStore/unmasked-low-rank/indirect_store_no_mask_2d_uint8_t_int32_t.mlir	1	SIMT	Vector/SIMTIndirectStore.aiv.c310.bc	meta_op.aiv.c310.bc
3	SIMT/IndirectStore/unmasked-low-rank	indirect_store_no_mask_2d_uint8_t_int64_t	SIMT/IndirectStore/unmasked-low-rank/indirect_store_no_mask_2d_uint8_t_int64_t.mlir	1	SIMT	Vector/SIMTIndirectStore.aiv.c310.bc	meta_op.aiv.c310.bc
4	Support/assertions	assert_1d_int8_t_gm	Support/assertions/assert_1d_int8_t_gm.mlir	2	Support	Debug/Debug.aic.c310.bc,Debug/Debug.aiv.c310.bc	meta_op.aic.c310.bc,meta_op.aiv.c310.bc
4	Support/assertions	assert_1d_int8_t_gm.cube	Support/assertions/assert_1d_int8_t_gm.cube.mlir	1	Support	bundle-only	meta_op.mix.aic.c310.bc
4	Support/assertions	assert_1d_int8_t_gm.vector	Support/assertions/assert_1d_int8_t_gm.vector.mlir	1	Support	bundle-only	meta_op.mix.aiv.c310.bc
4	Support/assertions	assert_1d_int8_t_ubuf	Support/assertions/assert_1d_int8_t_ubuf.mlir	1	Support	Debug/Debug.aiv.c310.bc	meta_op.aiv.c310.bc
4	Support/assertions	assert_1d_int8_t_ubuf.vector	Support/assertions/assert_1d_int8_t_ubuf.vector.mlir	1	Support	bundle-only	meta_op.mix.aiv.c310.bc
4	Support/assertions	assert_2d_int8_t_gm	Support/assertions/assert_2d_int8_t_gm.mlir	2	Support	Debug/Debug.aic.c310.bc,Debug/Debug.aiv.c310.bc	meta_op.aic.c310.bc,meta_op.aiv.c310.bc
4	Support/assertions	assert_2d_int8_t_gm.cube	Support/assertions/assert_2d_int8_t_gm.cube.mlir	1	Support	bundle-only	meta_op.mix.aic.c310.bc
4	Support/assertions	assert_2d_int8_t_gm.vector	Support/assertions/assert_2d_int8_t_gm.vector.mlir	1	Support	bundle-only	meta_op.mix.aiv.c310.bc
4	Support/assertions	assert_2d_int8_t_ubuf	Support/assertions/assert_2d_int8_t_ubuf.mlir	1	Support	Debug/Debug.aiv.c310.bc	meta_op.aiv.c310.bc
4	Support/assertions	assert_2d_int8_t_ubuf.vector	Support/assertions/assert_2d_int8_t_ubuf.vector.mlir	1	Support	bundle-only	meta_op.mix.aiv.c310.bc
4	Support/assertions	assert_3d_int8_t_gm	Support/assertions/assert_3d_int8_t_gm.mlir	2	Support	Debug/Debug.aic.c310.bc,Debug/Debug.aiv.c310.bc	meta_op.aic.c310.bc,meta_op.aiv.c310.bc
4	Support/assertions	assert_3d_int8_t_gm.cube	Support/assertions/assert_3d_int8_t_gm.cube.mlir	1	Support	bundle-only	meta_op.mix.aic.c310.bc
4	Support/assertions	assert_3d_int8_t_gm.vector	Support/assertions/assert_3d_int8_t_gm.vector.mlir	1	Support	bundle-only	meta_op.mix.aiv.c310.bc
4	Support/assertions	assert_3d_int8_t_ubuf	Support/assertions/assert_3d_int8_t_ubuf.mlir	1	Support	Debug/Debug.aiv.c310.bc	meta_op.aiv.c310.bc
4	Support/assertions	assert_3d_int8_t_ubuf.vector	Support/assertions/assert_3d_int8_t_ubuf.vector.mlir	1	Support	bundle-only	meta_op.mix.aiv.c310.bc
4	Support/assertions	assert_4d_int8_t_gm	Support/assertions/assert_4d_int8_t_gm.mlir	2	Support	Debug/Debug.aic.c310.bc,Debug/Debug.aiv.c310.bc	meta_op.aic.c310.bc,meta_op.aiv.c310.bc
4	Support/assertions	assert_4d_int8_t_gm.cube	Support/assertions/assert_4d_int8_t_gm.cube.mlir	1	Support	bundle-only	meta_op.mix.aic.c310.bc
4	Support/assertions	assert_4d_int8_t_gm.vector	Support/assertions/assert_4d_int8_t_gm.vector.mlir	1	Support	bundle-only	meta_op.mix.aiv.c310.bc
4	Support/assertions	assert_4d_int8_t_ubuf	Support/assertions/assert_4d_int8_t_ubuf.mlir	1	Support	Debug/Debug.aiv.c310.bc	meta_op.aiv.c310.bc
4	Support/assertions	assert_4d_int8_t_ubuf.vector	Support/assertions/assert_4d_int8_t_ubuf.vector.mlir	1	Support	bundle-only	meta_op.mix.aiv.c310.bc
4	Support/assertions	assert_scalar_bool_gm	Support/assertions/assert_scalar_bool_gm.mlir	2	Support	Debug/Debug.aic.c310.bc,Debug/Debug.aiv.c310.bc	meta_op.aic.c310.bc,meta_op.aiv.c310.bc
4	Support/assertions	assert_scalar_bool_gm.cube	Support/assertions/assert_scalar_bool_gm.cube.mlir	1	Support	bundle-only	meta_op.mix.aic.c310.bc
4	Support/assertions	assert_scalar_bool_gm.vector	Support/assertions/assert_scalar_bool_gm.vector.mlir	1	Support	bundle-only	meta_op.mix.aiv.c310.bc
4	Support/assertions	assert_scalar_bool_ubuf	Support/assertions/assert_scalar_bool_ubuf.mlir	1	Support	Debug/Debug.aiv.c310.bc	meta_op.aiv.c310.bc
4	Support/assertions	assert_scalar_bool_ubuf.vector	Support/assertions/assert_scalar_bool_ubuf.vector.mlir	1	Support	bundle-only	meta_op.mix.aiv.c310.bc
4	Support/cube-debug	finish_debug	Support/cube-debug/finish_debug.mlir	2	Support	Debug/Debug.aic.c310.bc,Debug/Debug.aiv.c310.bc	meta_op.aic.c310.bc,meta_op.aiv.c310.bc
4	Support/cube-debug	finish_debug.cube	Support/cube-debug/finish_debug.cube.mlir	1	Support	bundle-only	meta_op.mix.aic.c310.bc
4	Support/cube-debug	init_debug	Support/cube-debug/init_debug.mlir	2	Support	Debug/Debug.aic.c310.bc,Debug/Debug.aiv.c310.bc	meta_op.aic.c310.bc,meta_op.aiv.c310.bc
4	Support/cube-debug	init_debug.cube	Support/cube-debug/init_debug.cube.mlir	1	Support	bundle-only	meta_op.mix.aic.c310.bc
4	Support/print-lifecycle	print_1d_bfloat16_t_gm	Support/print-lifecycle/print_1d_bfloat16_t_gm.mlir	2	Support	Debug/Debug.aic.c310.bc,Debug/Debug.aiv.c310.bc	meta_op.aic.c310.bc,meta_op.aiv.c310.bc
4	Support/print-lifecycle	print_1d_bfloat16_t_gm.cube	Support/print-lifecycle/print_1d_bfloat16_t_gm.cube.mlir	1	Support	bundle-only	meta_op.mix.aic.c310.bc
4	Support/print-lifecycle	print_1d_bfloat16_t_gm.vector	Support/print-lifecycle/print_1d_bfloat16_t_gm.vector.mlir	1	Support	bundle-only	meta_op.mix.aiv.c310.bc
4	Support/print-lifecycle	print_1d_bfloat16_t_ubuf	Support/print-lifecycle/print_1d_bfloat16_t_ubuf.mlir	1	Support	Debug/Debug.aiv.c310.bc	meta_op.aiv.c310.bc
4	Support/print-lifecycle	print_1d_bfloat16_t_ubuf.vector	Support/print-lifecycle/print_1d_bfloat16_t_ubuf.vector.mlir	1	Support	bundle-only	meta_op.mix.aiv.c310.bc
4	Support/print-lifecycle	print_1d_bool_gm	Support/print-lifecycle/print_1d_bool_gm.mlir	2	Support	Debug/Debug.aic.c310.bc,Debug/Debug.aiv.c310.bc	meta_op.aic.c310.bc,meta_op.aiv.c310.bc
4	Support/print-lifecycle	print_1d_bool_gm.cube	Support/print-lifecycle/print_1d_bool_gm.cube.mlir	1	Support	bundle-only	meta_op.mix.aic.c310.bc
4	Support/print-lifecycle	print_1d_bool_gm.vector	Support/print-lifecycle/print_1d_bool_gm.vector.mlir	1	Support	bundle-only	meta_op.mix.aiv.c310.bc
4	Support/print-lifecycle	print_1d_bool_ubuf	Support/print-lifecycle/print_1d_bool_ubuf.mlir	1	Support	Debug/Debug.aiv.c310.bc	meta_op.aiv.c310.bc
4	Support/print-lifecycle	print_1d_bool_ubuf.vector	Support/print-lifecycle/print_1d_bool_ubuf.vector.mlir	1	Support	bundle-only	meta_op.mix.aiv.c310.bc
4	Support/print-lifecycle	print_1d_float_gm	Support/print-lifecycle/print_1d_float_gm.mlir	2	Support	Debug/Debug.aic.c310.bc,Debug/Debug.aiv.c310.bc	meta_op.aic.c310.bc,meta_op.aiv.c310.bc
4	Support/print-lifecycle	print_1d_float_gm.cube	Support/print-lifecycle/print_1d_float_gm.cube.mlir	1	Support	bundle-only	meta_op.mix.aic.c310.bc
4	Support/print-lifecycle	print_1d_float_gm.vector	Support/print-lifecycle/print_1d_float_gm.vector.mlir	1	Support	bundle-only	meta_op.mix.aiv.c310.bc
4	Support/print-lifecycle	print_1d_float_ubuf	Support/print-lifecycle/print_1d_float_ubuf.mlir	1	Support	Debug/Debug.aiv.c310.bc	meta_op.aiv.c310.bc
4	Support/print-lifecycle	print_1d_float_ubuf.vector	Support/print-lifecycle/print_1d_float_ubuf.vector.mlir	1	Support	bundle-only	meta_op.mix.aiv.c310.bc
4	Support/print-lifecycle	print_1d_half_gm	Support/print-lifecycle/print_1d_half_gm.mlir	2	Support	Debug/Debug.aic.c310.bc,Debug/Debug.aiv.c310.bc	meta_op.aic.c310.bc,meta_op.aiv.c310.bc
4	Support/print-lifecycle	print_1d_half_gm.cube	Support/print-lifecycle/print_1d_half_gm.cube.mlir	1	Support	bundle-only	meta_op.mix.aic.c310.bc
4	Support/print-lifecycle	print_1d_half_gm.vector	Support/print-lifecycle/print_1d_half_gm.vector.mlir	1	Support	bundle-only	meta_op.mix.aiv.c310.bc
4	Support/print-lifecycle	print_1d_half_ubuf	Support/print-lifecycle/print_1d_half_ubuf.mlir	1	Support	Debug/Debug.aiv.c310.bc	meta_op.aiv.c310.bc
4	Support/print-lifecycle	print_1d_half_ubuf.vector	Support/print-lifecycle/print_1d_half_ubuf.vector.mlir	1	Support	bundle-only	meta_op.mix.aiv.c310.bc
4	Support/print-lifecycle	print_1d_int16_t_gm	Support/print-lifecycle/print_1d_int16_t_gm.mlir	2	Support	Debug/Debug.aic.c310.bc,Debug/Debug.aiv.c310.bc	meta_op.aic.c310.bc,meta_op.aiv.c310.bc
4	Support/print-lifecycle	print_1d_int16_t_gm.cube	Support/print-lifecycle/print_1d_int16_t_gm.cube.mlir	1	Support	bundle-only	meta_op.mix.aic.c310.bc
4	Support/print-lifecycle	print_1d_int16_t_gm.vector	Support/print-lifecycle/print_1d_int16_t_gm.vector.mlir	1	Support	bundle-only	meta_op.mix.aiv.c310.bc
4	Support/print-lifecycle	print_1d_int16_t_ubuf	Support/print-lifecycle/print_1d_int16_t_ubuf.mlir	1	Support	Debug/Debug.aiv.c310.bc	meta_op.aiv.c310.bc
4	Support/print-lifecycle	print_1d_int16_t_ubuf.vector	Support/print-lifecycle/print_1d_int16_t_ubuf.vector.mlir	1	Support	bundle-only	meta_op.mix.aiv.c310.bc
4	Support/print-lifecycle	print_1d_int32_t_gm	Support/print-lifecycle/print_1d_int32_t_gm.mlir	2	Support	Debug/Debug.aic.c310.bc,Debug/Debug.aiv.c310.bc	meta_op.aic.c310.bc,meta_op.aiv.c310.bc
4	Support/print-lifecycle	print_1d_int32_t_gm.cube	Support/print-lifecycle/print_1d_int32_t_gm.cube.mlir	1	Support	bundle-only	meta_op.mix.aic.c310.bc
4	Support/print-lifecycle	print_1d_int32_t_gm.vector	Support/print-lifecycle/print_1d_int32_t_gm.vector.mlir	1	Support	bundle-only	meta_op.mix.aiv.c310.bc
4	Support/print-lifecycle	print_1d_int32_t_ubuf	Support/print-lifecycle/print_1d_int32_t_ubuf.mlir	1	Support	Debug/Debug.aiv.c310.bc	meta_op.aiv.c310.bc
4	Support/print-lifecycle	print_1d_int32_t_ubuf.vector	Support/print-lifecycle/print_1d_int32_t_ubuf.vector.mlir	1	Support	bundle-only	meta_op.mix.aiv.c310.bc
4	Support/print-lifecycle	print_1d_int64_t_gm	Support/print-lifecycle/print_1d_int64_t_gm.mlir	2	Support	Debug/Debug.aic.c310.bc,Debug/Debug.aiv.c310.bc	meta_op.aic.c310.bc,meta_op.aiv.c310.bc
4	Support/print-lifecycle	print_1d_int64_t_gm.cube	Support/print-lifecycle/print_1d_int64_t_gm.cube.mlir	1	Support	bundle-only	meta_op.mix.aic.c310.bc
4	Support/print-lifecycle	print_1d_int64_t_gm.vector	Support/print-lifecycle/print_1d_int64_t_gm.vector.mlir	1	Support	bundle-only	meta_op.mix.aiv.c310.bc
4	Support/print-lifecycle	print_1d_int64_t_ubuf	Support/print-lifecycle/print_1d_int64_t_ubuf.mlir	1	Support	Debug/Debug.aiv.c310.bc	meta_op.aiv.c310.bc
4	Support/print-lifecycle	print_1d_int64_t_ubuf.vector	Support/print-lifecycle/print_1d_int64_t_ubuf.vector.mlir	1	Support	bundle-only	meta_op.mix.aiv.c310.bc
4	Support/print-lifecycle	print_1d_int8_t_gm	Support/print-lifecycle/print_1d_int8_t_gm.mlir	2	Support	Debug/Debug.aic.c310.bc,Debug/Debug.aiv.c310.bc	meta_op.aic.c310.bc,meta_op.aiv.c310.bc
4	Support/print-lifecycle	print_1d_int8_t_gm.cube	Support/print-lifecycle/print_1d_int8_t_gm.cube.mlir	1	Support	bundle-only	meta_op.mix.aic.c310.bc
4	Support/print-lifecycle	print_1d_int8_t_gm.vector	Support/print-lifecycle/print_1d_int8_t_gm.vector.mlir	1	Support	bundle-only	meta_op.mix.aiv.c310.bc
4	Support/print-lifecycle	print_1d_int8_t_ubuf	Support/print-lifecycle/print_1d_int8_t_ubuf.mlir	1	Support	Debug/Debug.aiv.c310.bc	meta_op.aiv.c310.bc
4	Support/print-lifecycle	print_1d_int8_t_ubuf.vector	Support/print-lifecycle/print_1d_int8_t_ubuf.vector.mlir	1	Support	bundle-only	meta_op.mix.aiv.c310.bc
4	Support/print-lifecycle	print_1d_uint16_t_gm	Support/print-lifecycle/print_1d_uint16_t_gm.mlir	2	Support	Debug/Debug.aic.c310.bc,Debug/Debug.aiv.c310.bc	meta_op.aic.c310.bc,meta_op.aiv.c310.bc
4	Support/print-lifecycle	print_1d_uint16_t_gm.cube	Support/print-lifecycle/print_1d_uint16_t_gm.cube.mlir	1	Support	bundle-only	meta_op.mix.aic.c310.bc
4	Support/print-lifecycle	print_1d_uint16_t_gm.vector	Support/print-lifecycle/print_1d_uint16_t_gm.vector.mlir	1	Support	bundle-only	meta_op.mix.aiv.c310.bc
4	Support/print-lifecycle	print_1d_uint16_t_ubuf	Support/print-lifecycle/print_1d_uint16_t_ubuf.mlir	1	Support	Debug/Debug.aiv.c310.bc	meta_op.aiv.c310.bc
4	Support/print-lifecycle	print_1d_uint16_t_ubuf.vector	Support/print-lifecycle/print_1d_uint16_t_ubuf.vector.mlir	1	Support	bundle-only	meta_op.mix.aiv.c310.bc
4	Support/print-lifecycle	print_1d_uint32_t_gm	Support/print-lifecycle/print_1d_uint32_t_gm.mlir	2	Support	Debug/Debug.aic.c310.bc,Debug/Debug.aiv.c310.bc	meta_op.aic.c310.bc,meta_op.aiv.c310.bc
4	Support/print-lifecycle	print_1d_uint32_t_gm.cube	Support/print-lifecycle/print_1d_uint32_t_gm.cube.mlir	1	Support	bundle-only	meta_op.mix.aic.c310.bc
4	Support/print-lifecycle	print_1d_uint32_t_gm.vector	Support/print-lifecycle/print_1d_uint32_t_gm.vector.mlir	1	Support	bundle-only	meta_op.mix.aiv.c310.bc
4	Support/print-lifecycle	print_1d_uint32_t_ubuf	Support/print-lifecycle/print_1d_uint32_t_ubuf.mlir	1	Support	Debug/Debug.aiv.c310.bc	meta_op.aiv.c310.bc
4	Support/print-lifecycle	print_1d_uint32_t_ubuf.vector	Support/print-lifecycle/print_1d_uint32_t_ubuf.vector.mlir	1	Support	bundle-only	meta_op.mix.aiv.c310.bc
4	Support/print-lifecycle	print_1d_uint8_t_gm	Support/print-lifecycle/print_1d_uint8_t_gm.mlir	2	Support	Debug/Debug.aic.c310.bc,Debug/Debug.aiv.c310.bc	meta_op.aic.c310.bc,meta_op.aiv.c310.bc
4	Support/print-lifecycle	print_1d_uint8_t_gm.cube	Support/print-lifecycle/print_1d_uint8_t_gm.cube.mlir	1	Support	bundle-only	meta_op.mix.aic.c310.bc
4	Support/print-lifecycle	print_1d_uint8_t_gm.vector	Support/print-lifecycle/print_1d_uint8_t_gm.vector.mlir	1	Support	bundle-only	meta_op.mix.aiv.c310.bc
4	Support/print-lifecycle	print_1d_uint8_t_ubuf	Support/print-lifecycle/print_1d_uint8_t_ubuf.mlir	1	Support	Debug/Debug.aiv.c310.bc	meta_op.aiv.c310.bc
4	Support/print-lifecycle	print_1d_uint8_t_ubuf.vector	Support/print-lifecycle/print_1d_uint8_t_ubuf.vector.mlir	1	Support	bundle-only	meta_op.mix.aiv.c310.bc
4	Support/print-lifecycle	print_2d_bfloat16_t_gm	Support/print-lifecycle/print_2d_bfloat16_t_gm.mlir	2	Support	Debug/Debug.aic.c310.bc,Debug/Debug.aiv.c310.bc	meta_op.aic.c310.bc,meta_op.aiv.c310.bc
4	Support/print-lifecycle	print_2d_bfloat16_t_gm.cube	Support/print-lifecycle/print_2d_bfloat16_t_gm.cube.mlir	1	Support	bundle-only	meta_op.mix.aic.c310.bc
4	Support/print-lifecycle	print_2d_bfloat16_t_gm.vector	Support/print-lifecycle/print_2d_bfloat16_t_gm.vector.mlir	1	Support	bundle-only	meta_op.mix.aiv.c310.bc
4	Support/print-lifecycle	print_2d_bfloat16_t_ubuf	Support/print-lifecycle/print_2d_bfloat16_t_ubuf.mlir	1	Support	Debug/Debug.aiv.c310.bc	meta_op.aiv.c310.bc
4	Support/print-lifecycle	print_2d_bfloat16_t_ubuf.vector	Support/print-lifecycle/print_2d_bfloat16_t_ubuf.vector.mlir	1	Support	bundle-only	meta_op.mix.aiv.c310.bc
4	Support/print-lifecycle	print_2d_bool_gm	Support/print-lifecycle/print_2d_bool_gm.mlir	2	Support	Debug/Debug.aic.c310.bc,Debug/Debug.aiv.c310.bc	meta_op.aic.c310.bc,meta_op.aiv.c310.bc
4	Support/print-lifecycle	print_2d_bool_gm.cube	Support/print-lifecycle/print_2d_bool_gm.cube.mlir	1	Support	bundle-only	meta_op.mix.aic.c310.bc
4	Support/print-lifecycle	print_2d_bool_gm.vector	Support/print-lifecycle/print_2d_bool_gm.vector.mlir	1	Support	bundle-only	meta_op.mix.aiv.c310.bc
4	Support/print-lifecycle	print_2d_bool_ubuf	Support/print-lifecycle/print_2d_bool_ubuf.mlir	1	Support	Debug/Debug.aiv.c310.bc	meta_op.aiv.c310.bc
4	Support/print-lifecycle	print_2d_bool_ubuf.vector	Support/print-lifecycle/print_2d_bool_ubuf.vector.mlir	1	Support	bundle-only	meta_op.mix.aiv.c310.bc
4	Support/print-lifecycle	print_2d_float_gm	Support/print-lifecycle/print_2d_float_gm.mlir	2	Support	Debug/Debug.aic.c310.bc,Debug/Debug.aiv.c310.bc	meta_op.aic.c310.bc,meta_op.aiv.c310.bc
4	Support/print-lifecycle	print_2d_float_gm.cube	Support/print-lifecycle/print_2d_float_gm.cube.mlir	1	Support	bundle-only	meta_op.mix.aic.c310.bc
4	Support/print-lifecycle	print_2d_float_gm.vector	Support/print-lifecycle/print_2d_float_gm.vector.mlir	1	Support	bundle-only	meta_op.mix.aiv.c310.bc
4	Support/print-lifecycle	print_2d_float_ubuf	Support/print-lifecycle/print_2d_float_ubuf.mlir	1	Support	Debug/Debug.aiv.c310.bc	meta_op.aiv.c310.bc
4	Support/print-lifecycle	print_2d_float_ubuf.vector	Support/print-lifecycle/print_2d_float_ubuf.vector.mlir	1	Support	bundle-only	meta_op.mix.aiv.c310.bc
4	Support/print-lifecycle	print_2d_half_gm	Support/print-lifecycle/print_2d_half_gm.mlir	2	Support	Debug/Debug.aic.c310.bc,Debug/Debug.aiv.c310.bc	meta_op.aic.c310.bc,meta_op.aiv.c310.bc
4	Support/print-lifecycle	print_2d_half_gm.cube	Support/print-lifecycle/print_2d_half_gm.cube.mlir	1	Support	bundle-only	meta_op.mix.aic.c310.bc
4	Support/print-lifecycle	print_2d_half_gm.vector	Support/print-lifecycle/print_2d_half_gm.vector.mlir	1	Support	bundle-only	meta_op.mix.aiv.c310.bc
4	Support/print-lifecycle	print_2d_half_ubuf	Support/print-lifecycle/print_2d_half_ubuf.mlir	1	Support	Debug/Debug.aiv.c310.bc	meta_op.aiv.c310.bc
4	Support/print-lifecycle	print_2d_half_ubuf.vector	Support/print-lifecycle/print_2d_half_ubuf.vector.mlir	1	Support	bundle-only	meta_op.mix.aiv.c310.bc
4	Support/print-lifecycle	print_2d_int16_t_gm	Support/print-lifecycle/print_2d_int16_t_gm.mlir	2	Support	Debug/Debug.aic.c310.bc,Debug/Debug.aiv.c310.bc	meta_op.aic.c310.bc,meta_op.aiv.c310.bc
4	Support/print-lifecycle	print_2d_int16_t_gm.cube	Support/print-lifecycle/print_2d_int16_t_gm.cube.mlir	1	Support	bundle-only	meta_op.mix.aic.c310.bc
4	Support/print-lifecycle	print_2d_int16_t_gm.vector	Support/print-lifecycle/print_2d_int16_t_gm.vector.mlir	1	Support	bundle-only	meta_op.mix.aiv.c310.bc
4	Support/print-lifecycle	print_2d_int16_t_ubuf	Support/print-lifecycle/print_2d_int16_t_ubuf.mlir	1	Support	Debug/Debug.aiv.c310.bc	meta_op.aiv.c310.bc
4	Support/print-lifecycle	print_2d_int16_t_ubuf.vector	Support/print-lifecycle/print_2d_int16_t_ubuf.vector.mlir	1	Support	bundle-only	meta_op.mix.aiv.c310.bc
4	Support/print-lifecycle	print_2d_int32_t_gm	Support/print-lifecycle/print_2d_int32_t_gm.mlir	2	Support	Debug/Debug.aic.c310.bc,Debug/Debug.aiv.c310.bc	meta_op.aic.c310.bc,meta_op.aiv.c310.bc
4	Support/print-lifecycle	print_2d_int32_t_gm.cube	Support/print-lifecycle/print_2d_int32_t_gm.cube.mlir	1	Support	bundle-only	meta_op.mix.aic.c310.bc
4	Support/print-lifecycle	print_2d_int32_t_gm.vector	Support/print-lifecycle/print_2d_int32_t_gm.vector.mlir	1	Support	bundle-only	meta_op.mix.aiv.c310.bc
4	Support/print-lifecycle	print_2d_int32_t_ubuf	Support/print-lifecycle/print_2d_int32_t_ubuf.mlir	1	Support	Debug/Debug.aiv.c310.bc	meta_op.aiv.c310.bc
4	Support/print-lifecycle	print_2d_int32_t_ubuf.vector	Support/print-lifecycle/print_2d_int32_t_ubuf.vector.mlir	1	Support	bundle-only	meta_op.mix.aiv.c310.bc
4	Support/print-lifecycle	print_2d_int64_t_gm	Support/print-lifecycle/print_2d_int64_t_gm.mlir	2	Support	Debug/Debug.aic.c310.bc,Debug/Debug.aiv.c310.bc	meta_op.aic.c310.bc,meta_op.aiv.c310.bc
4	Support/print-lifecycle	print_2d_int64_t_gm.cube	Support/print-lifecycle/print_2d_int64_t_gm.cube.mlir	1	Support	bundle-only	meta_op.mix.aic.c310.bc
4	Support/print-lifecycle	print_2d_int64_t_gm.vector	Support/print-lifecycle/print_2d_int64_t_gm.vector.mlir	1	Support	bundle-only	meta_op.mix.aiv.c310.bc
4	Support/print-lifecycle	print_2d_int64_t_ubuf	Support/print-lifecycle/print_2d_int64_t_ubuf.mlir	1	Support	Debug/Debug.aiv.c310.bc	meta_op.aiv.c310.bc
4	Support/print-lifecycle	print_2d_int64_t_ubuf.vector	Support/print-lifecycle/print_2d_int64_t_ubuf.vector.mlir	1	Support	bundle-only	meta_op.mix.aiv.c310.bc
4	Support/print-lifecycle	print_2d_int8_t_gm	Support/print-lifecycle/print_2d_int8_t_gm.mlir	2	Support	Debug/Debug.aic.c310.bc,Debug/Debug.aiv.c310.bc	meta_op.aic.c310.bc,meta_op.aiv.c310.bc
4	Support/print-lifecycle	print_2d_int8_t_gm.cube	Support/print-lifecycle/print_2d_int8_t_gm.cube.mlir	1	Support	bundle-only	meta_op.mix.aic.c310.bc
4	Support/print-lifecycle	print_2d_int8_t_gm.vector	Support/print-lifecycle/print_2d_int8_t_gm.vector.mlir	1	Support	bundle-only	meta_op.mix.aiv.c310.bc
4	Support/print-lifecycle	print_2d_int8_t_ubuf	Support/print-lifecycle/print_2d_int8_t_ubuf.mlir	1	Support	Debug/Debug.aiv.c310.bc	meta_op.aiv.c310.bc
4	Support/print-lifecycle	print_2d_int8_t_ubuf.vector	Support/print-lifecycle/print_2d_int8_t_ubuf.vector.mlir	1	Support	bundle-only	meta_op.mix.aiv.c310.bc
4	Support/print-lifecycle	print_2d_uint16_t_gm	Support/print-lifecycle/print_2d_uint16_t_gm.mlir	2	Support	Debug/Debug.aic.c310.bc,Debug/Debug.aiv.c310.bc	meta_op.aic.c310.bc,meta_op.aiv.c310.bc
4	Support/print-lifecycle	print_2d_uint16_t_gm.cube	Support/print-lifecycle/print_2d_uint16_t_gm.cube.mlir	1	Support	bundle-only	meta_op.mix.aic.c310.bc
4	Support/print-lifecycle	print_2d_uint16_t_gm.vector	Support/print-lifecycle/print_2d_uint16_t_gm.vector.mlir	1	Support	bundle-only	meta_op.mix.aiv.c310.bc
4	Support/print-lifecycle	print_2d_uint16_t_ubuf	Support/print-lifecycle/print_2d_uint16_t_ubuf.mlir	1	Support	Debug/Debug.aiv.c310.bc	meta_op.aiv.c310.bc
4	Support/print-lifecycle	print_2d_uint16_t_ubuf.vector	Support/print-lifecycle/print_2d_uint16_t_ubuf.vector.mlir	1	Support	bundle-only	meta_op.mix.aiv.c310.bc
4	Support/print-lifecycle	print_2d_uint32_t_gm	Support/print-lifecycle/print_2d_uint32_t_gm.mlir	2	Support	Debug/Debug.aic.c310.bc,Debug/Debug.aiv.c310.bc	meta_op.aic.c310.bc,meta_op.aiv.c310.bc
4	Support/print-lifecycle	print_2d_uint32_t_gm.cube	Support/print-lifecycle/print_2d_uint32_t_gm.cube.mlir	1	Support	bundle-only	meta_op.mix.aic.c310.bc
4	Support/print-lifecycle	print_2d_uint32_t_gm.vector	Support/print-lifecycle/print_2d_uint32_t_gm.vector.mlir	1	Support	bundle-only	meta_op.mix.aiv.c310.bc
4	Support/print-lifecycle	print_2d_uint32_t_ubuf	Support/print-lifecycle/print_2d_uint32_t_ubuf.mlir	1	Support	Debug/Debug.aiv.c310.bc	meta_op.aiv.c310.bc
4	Support/print-lifecycle	print_2d_uint32_t_ubuf.vector	Support/print-lifecycle/print_2d_uint32_t_ubuf.vector.mlir	1	Support	bundle-only	meta_op.mix.aiv.c310.bc
4	Support/print-lifecycle	print_2d_uint8_t_gm	Support/print-lifecycle/print_2d_uint8_t_gm.mlir	2	Support	Debug/Debug.aic.c310.bc,Debug/Debug.aiv.c310.bc	meta_op.aic.c310.bc,meta_op.aiv.c310.bc
4	Support/print-lifecycle	print_2d_uint8_t_gm.cube	Support/print-lifecycle/print_2d_uint8_t_gm.cube.mlir	1	Support	bundle-only	meta_op.mix.aic.c310.bc
4	Support/print-lifecycle	print_2d_uint8_t_gm.vector	Support/print-lifecycle/print_2d_uint8_t_gm.vector.mlir	1	Support	bundle-only	meta_op.mix.aiv.c310.bc
4	Support/print-lifecycle	print_2d_uint8_t_ubuf	Support/print-lifecycle/print_2d_uint8_t_ubuf.mlir	1	Support	Debug/Debug.aiv.c310.bc	meta_op.aiv.c310.bc
4	Support/print-lifecycle	print_2d_uint8_t_ubuf.vector	Support/print-lifecycle/print_2d_uint8_t_ubuf.vector.mlir	1	Support	bundle-only	meta_op.mix.aiv.c310.bc
4	Support/print-lifecycle	print_3d_bfloat16_t_gm	Support/print-lifecycle/print_3d_bfloat16_t_gm.mlir	2	Support	Debug/Debug.aic.c310.bc,Debug/Debug.aiv.c310.bc	meta_op.aic.c310.bc,meta_op.aiv.c310.bc
4	Support/print-lifecycle	print_3d_bfloat16_t_gm.cube	Support/print-lifecycle/print_3d_bfloat16_t_gm.cube.mlir	1	Support	bundle-only	meta_op.mix.aic.c310.bc
4	Support/print-lifecycle	print_3d_bfloat16_t_gm.vector	Support/print-lifecycle/print_3d_bfloat16_t_gm.vector.mlir	1	Support	bundle-only	meta_op.mix.aiv.c310.bc
4	Support/print-lifecycle	print_3d_bfloat16_t_ubuf	Support/print-lifecycle/print_3d_bfloat16_t_ubuf.mlir	1	Support	Debug/Debug.aiv.c310.bc	meta_op.aiv.c310.bc
4	Support/print-lifecycle	print_3d_bfloat16_t_ubuf.vector	Support/print-lifecycle/print_3d_bfloat16_t_ubuf.vector.mlir	1	Support	bundle-only	meta_op.mix.aiv.c310.bc
4	Support/print-lifecycle	print_3d_bool_gm	Support/print-lifecycle/print_3d_bool_gm.mlir	2	Support	Debug/Debug.aic.c310.bc,Debug/Debug.aiv.c310.bc	meta_op.aic.c310.bc,meta_op.aiv.c310.bc
4	Support/print-lifecycle	print_3d_bool_gm.cube	Support/print-lifecycle/print_3d_bool_gm.cube.mlir	1	Support	bundle-only	meta_op.mix.aic.c310.bc
4	Support/print-lifecycle	print_3d_bool_gm.vector	Support/print-lifecycle/print_3d_bool_gm.vector.mlir	1	Support	bundle-only	meta_op.mix.aiv.c310.bc
4	Support/print-lifecycle	print_3d_bool_ubuf	Support/print-lifecycle/print_3d_bool_ubuf.mlir	1	Support	Debug/Debug.aiv.c310.bc	meta_op.aiv.c310.bc
4	Support/print-lifecycle	print_3d_bool_ubuf.vector	Support/print-lifecycle/print_3d_bool_ubuf.vector.mlir	1	Support	bundle-only	meta_op.mix.aiv.c310.bc
4	Support/print-lifecycle	print_3d_float_gm	Support/print-lifecycle/print_3d_float_gm.mlir	2	Support	Debug/Debug.aic.c310.bc,Debug/Debug.aiv.c310.bc	meta_op.aic.c310.bc,meta_op.aiv.c310.bc
4	Support/print-lifecycle	print_3d_float_gm.cube	Support/print-lifecycle/print_3d_float_gm.cube.mlir	1	Support	bundle-only	meta_op.mix.aic.c310.bc
4	Support/print-lifecycle	print_3d_float_gm.vector	Support/print-lifecycle/print_3d_float_gm.vector.mlir	1	Support	bundle-only	meta_op.mix.aiv.c310.bc
4	Support/print-lifecycle	print_3d_float_ubuf	Support/print-lifecycle/print_3d_float_ubuf.mlir	1	Support	Debug/Debug.aiv.c310.bc	meta_op.aiv.c310.bc
4	Support/print-lifecycle	print_3d_float_ubuf.vector	Support/print-lifecycle/print_3d_float_ubuf.vector.mlir	1	Support	bundle-only	meta_op.mix.aiv.c310.bc
4	Support/print-lifecycle	print_3d_half_gm	Support/print-lifecycle/print_3d_half_gm.mlir	2	Support	Debug/Debug.aic.c310.bc,Debug/Debug.aiv.c310.bc	meta_op.aic.c310.bc,meta_op.aiv.c310.bc
4	Support/print-lifecycle	print_3d_half_gm.cube	Support/print-lifecycle/print_3d_half_gm.cube.mlir	1	Support	bundle-only	meta_op.mix.aic.c310.bc
4	Support/print-lifecycle	print_3d_half_gm.vector	Support/print-lifecycle/print_3d_half_gm.vector.mlir	1	Support	bundle-only	meta_op.mix.aiv.c310.bc
4	Support/print-lifecycle	print_3d_half_ubuf	Support/print-lifecycle/print_3d_half_ubuf.mlir	1	Support	Debug/Debug.aiv.c310.bc	meta_op.aiv.c310.bc
4	Support/print-lifecycle	print_3d_half_ubuf.vector	Support/print-lifecycle/print_3d_half_ubuf.vector.mlir	1	Support	bundle-only	meta_op.mix.aiv.c310.bc
4	Support/print-lifecycle	print_3d_int16_t_gm	Support/print-lifecycle/print_3d_int16_t_gm.mlir	2	Support	Debug/Debug.aic.c310.bc,Debug/Debug.aiv.c310.bc	meta_op.aic.c310.bc,meta_op.aiv.c310.bc
4	Support/print-lifecycle	print_3d_int16_t_gm.cube	Support/print-lifecycle/print_3d_int16_t_gm.cube.mlir	1	Support	bundle-only	meta_op.mix.aic.c310.bc
4	Support/print-lifecycle	print_3d_int16_t_gm.vector	Support/print-lifecycle/print_3d_int16_t_gm.vector.mlir	1	Support	bundle-only	meta_op.mix.aiv.c310.bc
4	Support/print-lifecycle	print_3d_int16_t_ubuf	Support/print-lifecycle/print_3d_int16_t_ubuf.mlir	1	Support	Debug/Debug.aiv.c310.bc	meta_op.aiv.c310.bc
4	Support/print-lifecycle	print_3d_int16_t_ubuf.vector	Support/print-lifecycle/print_3d_int16_t_ubuf.vector.mlir	1	Support	bundle-only	meta_op.mix.aiv.c310.bc
4	Support/print-lifecycle	print_3d_int32_t_gm	Support/print-lifecycle/print_3d_int32_t_gm.mlir	2	Support	Debug/Debug.aic.c310.bc,Debug/Debug.aiv.c310.bc	meta_op.aic.c310.bc,meta_op.aiv.c310.bc
4	Support/print-lifecycle	print_3d_int32_t_gm.cube	Support/print-lifecycle/print_3d_int32_t_gm.cube.mlir	1	Support	bundle-only	meta_op.mix.aic.c310.bc
4	Support/print-lifecycle	print_3d_int32_t_gm.vector	Support/print-lifecycle/print_3d_int32_t_gm.vector.mlir	1	Support	bundle-only	meta_op.mix.aiv.c310.bc
4	Support/print-lifecycle	print_3d_int32_t_ubuf	Support/print-lifecycle/print_3d_int32_t_ubuf.mlir	1	Support	Debug/Debug.aiv.c310.bc	meta_op.aiv.c310.bc
4	Support/print-lifecycle	print_3d_int32_t_ubuf.vector	Support/print-lifecycle/print_3d_int32_t_ubuf.vector.mlir	1	Support	bundle-only	meta_op.mix.aiv.c310.bc
4	Support/print-lifecycle	print_3d_int64_t_gm	Support/print-lifecycle/print_3d_int64_t_gm.mlir	2	Support	Debug/Debug.aic.c310.bc,Debug/Debug.aiv.c310.bc	meta_op.aic.c310.bc,meta_op.aiv.c310.bc
4	Support/print-lifecycle	print_3d_int64_t_gm.cube	Support/print-lifecycle/print_3d_int64_t_gm.cube.mlir	1	Support	bundle-only	meta_op.mix.aic.c310.bc
4	Support/print-lifecycle	print_3d_int64_t_gm.vector	Support/print-lifecycle/print_3d_int64_t_gm.vector.mlir	1	Support	bundle-only	meta_op.mix.aiv.c310.bc
4	Support/print-lifecycle	print_3d_int64_t_ubuf	Support/print-lifecycle/print_3d_int64_t_ubuf.mlir	1	Support	Debug/Debug.aiv.c310.bc	meta_op.aiv.c310.bc
4	Support/print-lifecycle	print_3d_int64_t_ubuf.vector	Support/print-lifecycle/print_3d_int64_t_ubuf.vector.mlir	1	Support	bundle-only	meta_op.mix.aiv.c310.bc
4	Support/print-lifecycle	print_3d_int8_t_gm	Support/print-lifecycle/print_3d_int8_t_gm.mlir	2	Support	Debug/Debug.aic.c310.bc,Debug/Debug.aiv.c310.bc	meta_op.aic.c310.bc,meta_op.aiv.c310.bc
4	Support/print-lifecycle	print_3d_int8_t_gm.cube	Support/print-lifecycle/print_3d_int8_t_gm.cube.mlir	1	Support	bundle-only	meta_op.mix.aic.c310.bc
4	Support/print-lifecycle	print_3d_int8_t_gm.vector	Support/print-lifecycle/print_3d_int8_t_gm.vector.mlir	1	Support	bundle-only	meta_op.mix.aiv.c310.bc
4	Support/print-lifecycle	print_3d_int8_t_ubuf	Support/print-lifecycle/print_3d_int8_t_ubuf.mlir	1	Support	Debug/Debug.aiv.c310.bc	meta_op.aiv.c310.bc
4	Support/print-lifecycle	print_3d_int8_t_ubuf.vector	Support/print-lifecycle/print_3d_int8_t_ubuf.vector.mlir	1	Support	bundle-only	meta_op.mix.aiv.c310.bc
4	Support/print-lifecycle	print_3d_uint16_t_gm	Support/print-lifecycle/print_3d_uint16_t_gm.mlir	2	Support	Debug/Debug.aic.c310.bc,Debug/Debug.aiv.c310.bc	meta_op.aic.c310.bc,meta_op.aiv.c310.bc
4	Support/print-lifecycle	print_3d_uint16_t_gm.cube	Support/print-lifecycle/print_3d_uint16_t_gm.cube.mlir	1	Support	bundle-only	meta_op.mix.aic.c310.bc
4	Support/print-lifecycle	print_3d_uint16_t_gm.vector	Support/print-lifecycle/print_3d_uint16_t_gm.vector.mlir	1	Support	bundle-only	meta_op.mix.aiv.c310.bc
4	Support/print-lifecycle	print_3d_uint16_t_ubuf	Support/print-lifecycle/print_3d_uint16_t_ubuf.mlir	1	Support	Debug/Debug.aiv.c310.bc	meta_op.aiv.c310.bc
4	Support/print-lifecycle	print_3d_uint16_t_ubuf.vector	Support/print-lifecycle/print_3d_uint16_t_ubuf.vector.mlir	1	Support	bundle-only	meta_op.mix.aiv.c310.bc
4	Support/print-lifecycle	print_3d_uint32_t_gm	Support/print-lifecycle/print_3d_uint32_t_gm.mlir	2	Support	Debug/Debug.aic.c310.bc,Debug/Debug.aiv.c310.bc	meta_op.aic.c310.bc,meta_op.aiv.c310.bc
4	Support/print-lifecycle	print_3d_uint32_t_gm.cube	Support/print-lifecycle/print_3d_uint32_t_gm.cube.mlir	1	Support	bundle-only	meta_op.mix.aic.c310.bc
4	Support/print-lifecycle	print_3d_uint32_t_gm.vector	Support/print-lifecycle/print_3d_uint32_t_gm.vector.mlir	1	Support	bundle-only	meta_op.mix.aiv.c310.bc
4	Support/print-lifecycle	print_3d_uint32_t_ubuf	Support/print-lifecycle/print_3d_uint32_t_ubuf.mlir	1	Support	Debug/Debug.aiv.c310.bc	meta_op.aiv.c310.bc
4	Support/print-lifecycle	print_3d_uint32_t_ubuf.vector	Support/print-lifecycle/print_3d_uint32_t_ubuf.vector.mlir	1	Support	bundle-only	meta_op.mix.aiv.c310.bc
4	Support/print-lifecycle	print_3d_uint8_t_gm	Support/print-lifecycle/print_3d_uint8_t_gm.mlir	2	Support	Debug/Debug.aic.c310.bc,Debug/Debug.aiv.c310.bc	meta_op.aic.c310.bc,meta_op.aiv.c310.bc
4	Support/print-lifecycle	print_3d_uint8_t_gm.cube	Support/print-lifecycle/print_3d_uint8_t_gm.cube.mlir	1	Support	bundle-only	meta_op.mix.aic.c310.bc
4	Support/print-lifecycle	print_3d_uint8_t_gm.vector	Support/print-lifecycle/print_3d_uint8_t_gm.vector.mlir	1	Support	bundle-only	meta_op.mix.aiv.c310.bc
4	Support/print-lifecycle	print_3d_uint8_t_ubuf	Support/print-lifecycle/print_3d_uint8_t_ubuf.mlir	1	Support	Debug/Debug.aiv.c310.bc	meta_op.aiv.c310.bc
4	Support/print-lifecycle	print_3d_uint8_t_ubuf.vector	Support/print-lifecycle/print_3d_uint8_t_ubuf.vector.mlir	1	Support	bundle-only	meta_op.mix.aiv.c310.bc
4	Support/print-lifecycle	print_4d_bfloat16_t_gm	Support/print-lifecycle/print_4d_bfloat16_t_gm.mlir	2	Support	Debug/Debug.aic.c310.bc,Debug/Debug.aiv.c310.bc	meta_op.aic.c310.bc,meta_op.aiv.c310.bc
4	Support/print-lifecycle	print_4d_bfloat16_t_gm.cube	Support/print-lifecycle/print_4d_bfloat16_t_gm.cube.mlir	1	Support	bundle-only	meta_op.mix.aic.c310.bc
4	Support/print-lifecycle	print_4d_bfloat16_t_gm.vector	Support/print-lifecycle/print_4d_bfloat16_t_gm.vector.mlir	1	Support	bundle-only	meta_op.mix.aiv.c310.bc
4	Support/print-lifecycle	print_4d_bfloat16_t_ubuf	Support/print-lifecycle/print_4d_bfloat16_t_ubuf.mlir	1	Support	Debug/Debug.aiv.c310.bc	meta_op.aiv.c310.bc
4	Support/print-lifecycle	print_4d_bfloat16_t_ubuf.vector	Support/print-lifecycle/print_4d_bfloat16_t_ubuf.vector.mlir	1	Support	bundle-only	meta_op.mix.aiv.c310.bc
4	Support/print-lifecycle	print_4d_bool_gm	Support/print-lifecycle/print_4d_bool_gm.mlir	2	Support	Debug/Debug.aic.c310.bc,Debug/Debug.aiv.c310.bc	meta_op.aic.c310.bc,meta_op.aiv.c310.bc
4	Support/print-lifecycle	print_4d_bool_gm.cube	Support/print-lifecycle/print_4d_bool_gm.cube.mlir	1	Support	bundle-only	meta_op.mix.aic.c310.bc
4	Support/print-lifecycle	print_4d_bool_gm.vector	Support/print-lifecycle/print_4d_bool_gm.vector.mlir	1	Support	bundle-only	meta_op.mix.aiv.c310.bc
4	Support/print-lifecycle	print_4d_bool_ubuf	Support/print-lifecycle/print_4d_bool_ubuf.mlir	1	Support	Debug/Debug.aiv.c310.bc	meta_op.aiv.c310.bc
4	Support/print-lifecycle	print_4d_bool_ubuf.vector	Support/print-lifecycle/print_4d_bool_ubuf.vector.mlir	1	Support	bundle-only	meta_op.mix.aiv.c310.bc
4	Support/print-lifecycle	print_4d_float_gm	Support/print-lifecycle/print_4d_float_gm.mlir	2	Support	Debug/Debug.aic.c310.bc,Debug/Debug.aiv.c310.bc	meta_op.aic.c310.bc,meta_op.aiv.c310.bc
4	Support/print-lifecycle	print_4d_float_gm.cube	Support/print-lifecycle/print_4d_float_gm.cube.mlir	1	Support	bundle-only	meta_op.mix.aic.c310.bc
4	Support/print-lifecycle	print_4d_float_gm.vector	Support/print-lifecycle/print_4d_float_gm.vector.mlir	1	Support	bundle-only	meta_op.mix.aiv.c310.bc
4	Support/print-lifecycle	print_4d_float_ubuf	Support/print-lifecycle/print_4d_float_ubuf.mlir	1	Support	Debug/Debug.aiv.c310.bc	meta_op.aiv.c310.bc
4	Support/print-lifecycle	print_4d_float_ubuf.vector	Support/print-lifecycle/print_4d_float_ubuf.vector.mlir	1	Support	bundle-only	meta_op.mix.aiv.c310.bc
4	Support/print-lifecycle	print_4d_half_gm	Support/print-lifecycle/print_4d_half_gm.mlir	2	Support	Debug/Debug.aic.c310.bc,Debug/Debug.aiv.c310.bc	meta_op.aic.c310.bc,meta_op.aiv.c310.bc
4	Support/print-lifecycle	print_4d_half_gm.cube	Support/print-lifecycle/print_4d_half_gm.cube.mlir	1	Support	bundle-only	meta_op.mix.aic.c310.bc
4	Support/print-lifecycle	print_4d_half_gm.vector	Support/print-lifecycle/print_4d_half_gm.vector.mlir	1	Support	bundle-only	meta_op.mix.aiv.c310.bc
4	Support/print-lifecycle	print_4d_half_ubuf	Support/print-lifecycle/print_4d_half_ubuf.mlir	1	Support	Debug/Debug.aiv.c310.bc	meta_op.aiv.c310.bc
4	Support/print-lifecycle	print_4d_half_ubuf.vector	Support/print-lifecycle/print_4d_half_ubuf.vector.mlir	1	Support	bundle-only	meta_op.mix.aiv.c310.bc
4	Support/print-lifecycle	print_4d_int16_t_gm	Support/print-lifecycle/print_4d_int16_t_gm.mlir	2	Support	Debug/Debug.aic.c310.bc,Debug/Debug.aiv.c310.bc	meta_op.aic.c310.bc,meta_op.aiv.c310.bc
4	Support/print-lifecycle	print_4d_int16_t_gm.cube	Support/print-lifecycle/print_4d_int16_t_gm.cube.mlir	1	Support	bundle-only	meta_op.mix.aic.c310.bc
4	Support/print-lifecycle	print_4d_int16_t_gm.vector	Support/print-lifecycle/print_4d_int16_t_gm.vector.mlir	1	Support	bundle-only	meta_op.mix.aiv.c310.bc
4	Support/print-lifecycle	print_4d_int16_t_ubuf	Support/print-lifecycle/print_4d_int16_t_ubuf.mlir	1	Support	Debug/Debug.aiv.c310.bc	meta_op.aiv.c310.bc
4	Support/print-lifecycle	print_4d_int16_t_ubuf.vector	Support/print-lifecycle/print_4d_int16_t_ubuf.vector.mlir	1	Support	bundle-only	meta_op.mix.aiv.c310.bc
4	Support/print-lifecycle	print_4d_int32_t_gm	Support/print-lifecycle/print_4d_int32_t_gm.mlir	2	Support	Debug/Debug.aic.c310.bc,Debug/Debug.aiv.c310.bc	meta_op.aic.c310.bc,meta_op.aiv.c310.bc
4	Support/print-lifecycle	print_4d_int32_t_gm.cube	Support/print-lifecycle/print_4d_int32_t_gm.cube.mlir	1	Support	bundle-only	meta_op.mix.aic.c310.bc
4	Support/print-lifecycle	print_4d_int32_t_gm.vector	Support/print-lifecycle/print_4d_int32_t_gm.vector.mlir	1	Support	bundle-only	meta_op.mix.aiv.c310.bc
4	Support/print-lifecycle	print_4d_int32_t_ubuf	Support/print-lifecycle/print_4d_int32_t_ubuf.mlir	1	Support	Debug/Debug.aiv.c310.bc	meta_op.aiv.c310.bc
4	Support/print-lifecycle	print_4d_int32_t_ubuf.vector	Support/print-lifecycle/print_4d_int32_t_ubuf.vector.mlir	1	Support	bundle-only	meta_op.mix.aiv.c310.bc
4	Support/print-lifecycle	print_4d_int64_t_gm	Support/print-lifecycle/print_4d_int64_t_gm.mlir	2	Support	Debug/Debug.aic.c310.bc,Debug/Debug.aiv.c310.bc	meta_op.aic.c310.bc,meta_op.aiv.c310.bc
4	Support/print-lifecycle	print_4d_int64_t_gm.cube	Support/print-lifecycle/print_4d_int64_t_gm.cube.mlir	1	Support	bundle-only	meta_op.mix.aic.c310.bc
4	Support/print-lifecycle	print_4d_int64_t_gm.vector	Support/print-lifecycle/print_4d_int64_t_gm.vector.mlir	1	Support	bundle-only	meta_op.mix.aiv.c310.bc
4	Support/print-lifecycle	print_4d_int64_t_ubuf	Support/print-lifecycle/print_4d_int64_t_ubuf.mlir	1	Support	Debug/Debug.aiv.c310.bc	meta_op.aiv.c310.bc
4	Support/print-lifecycle	print_4d_int64_t_ubuf.vector	Support/print-lifecycle/print_4d_int64_t_ubuf.vector.mlir	1	Support	bundle-only	meta_op.mix.aiv.c310.bc
4	Support/print-lifecycle	print_4d_int8_t_gm	Support/print-lifecycle/print_4d_int8_t_gm.mlir	2	Support	Debug/Debug.aic.c310.bc,Debug/Debug.aiv.c310.bc	meta_op.aic.c310.bc,meta_op.aiv.c310.bc
4	Support/print-lifecycle	print_4d_int8_t_gm.cube	Support/print-lifecycle/print_4d_int8_t_gm.cube.mlir	1	Support	bundle-only	meta_op.mix.aic.c310.bc
4	Support/print-lifecycle	print_4d_int8_t_gm.vector	Support/print-lifecycle/print_4d_int8_t_gm.vector.mlir	1	Support	bundle-only	meta_op.mix.aiv.c310.bc
4	Support/print-lifecycle	print_4d_int8_t_ubuf	Support/print-lifecycle/print_4d_int8_t_ubuf.mlir	1	Support	Debug/Debug.aiv.c310.bc	meta_op.aiv.c310.bc
4	Support/print-lifecycle	print_4d_int8_t_ubuf.vector	Support/print-lifecycle/print_4d_int8_t_ubuf.vector.mlir	1	Support	bundle-only	meta_op.mix.aiv.c310.bc
4	Support/print-lifecycle	print_4d_uint16_t_gm	Support/print-lifecycle/print_4d_uint16_t_gm.mlir	2	Support	Debug/Debug.aic.c310.bc,Debug/Debug.aiv.c310.bc	meta_op.aic.c310.bc,meta_op.aiv.c310.bc
4	Support/print-lifecycle	print_4d_uint16_t_gm.cube	Support/print-lifecycle/print_4d_uint16_t_gm.cube.mlir	1	Support	bundle-only	meta_op.mix.aic.c310.bc
4	Support/print-lifecycle	print_4d_uint16_t_gm.vector	Support/print-lifecycle/print_4d_uint16_t_gm.vector.mlir	1	Support	bundle-only	meta_op.mix.aiv.c310.bc
4	Support/print-lifecycle	print_4d_uint16_t_ubuf	Support/print-lifecycle/print_4d_uint16_t_ubuf.mlir	1	Support	Debug/Debug.aiv.c310.bc	meta_op.aiv.c310.bc
4	Support/print-lifecycle	print_4d_uint16_t_ubuf.vector	Support/print-lifecycle/print_4d_uint16_t_ubuf.vector.mlir	1	Support	bundle-only	meta_op.mix.aiv.c310.bc
4	Support/print-lifecycle	print_4d_uint32_t_gm	Support/print-lifecycle/print_4d_uint32_t_gm.mlir	2	Support	Debug/Debug.aic.c310.bc,Debug/Debug.aiv.c310.bc	meta_op.aic.c310.bc,meta_op.aiv.c310.bc
4	Support/print-lifecycle	print_4d_uint32_t_gm.cube	Support/print-lifecycle/print_4d_uint32_t_gm.cube.mlir	1	Support	bundle-only	meta_op.mix.aic.c310.bc
4	Support/print-lifecycle	print_4d_uint32_t_gm.vector	Support/print-lifecycle/print_4d_uint32_t_gm.vector.mlir	1	Support	bundle-only	meta_op.mix.aiv.c310.bc
4	Support/print-lifecycle	print_4d_uint32_t_ubuf	Support/print-lifecycle/print_4d_uint32_t_ubuf.mlir	1	Support	Debug/Debug.aiv.c310.bc	meta_op.aiv.c310.bc
4	Support/print-lifecycle	print_4d_uint32_t_ubuf.vector	Support/print-lifecycle/print_4d_uint32_t_ubuf.vector.mlir	1	Support	bundle-only	meta_op.mix.aiv.c310.bc
4	Support/print-lifecycle	print_4d_uint8_t_gm	Support/print-lifecycle/print_4d_uint8_t_gm.mlir	2	Support	Debug/Debug.aic.c310.bc,Debug/Debug.aiv.c310.bc	meta_op.aic.c310.bc,meta_op.aiv.c310.bc
4	Support/print-lifecycle	print_4d_uint8_t_gm.cube	Support/print-lifecycle/print_4d_uint8_t_gm.cube.mlir	1	Support	bundle-only	meta_op.mix.aic.c310.bc
4	Support/print-lifecycle	print_4d_uint8_t_gm.vector	Support/print-lifecycle/print_4d_uint8_t_gm.vector.mlir	1	Support	bundle-only	meta_op.mix.aiv.c310.bc
4	Support/print-lifecycle	print_4d_uint8_t_ubuf	Support/print-lifecycle/print_4d_uint8_t_ubuf.mlir	1	Support	Debug/Debug.aiv.c310.bc	meta_op.aiv.c310.bc
4	Support/print-lifecycle	print_4d_uint8_t_ubuf.vector	Support/print-lifecycle/print_4d_uint8_t_ubuf.vector.mlir	1	Support	bundle-only	meta_op.mix.aiv.c310.bc
4	Support/print-lifecycle	print_5d_bfloat16_t_gm	Support/print-lifecycle/print_5d_bfloat16_t_gm.mlir	2	Support	Debug/Debug.aic.c310.bc,Debug/Debug.aiv.c310.bc	meta_op.aic.c310.bc,meta_op.aiv.c310.bc
4	Support/print-lifecycle	print_5d_bfloat16_t_gm.cube	Support/print-lifecycle/print_5d_bfloat16_t_gm.cube.mlir	1	Support	bundle-only	meta_op.mix.aic.c310.bc
4	Support/print-lifecycle	print_5d_bfloat16_t_gm.vector	Support/print-lifecycle/print_5d_bfloat16_t_gm.vector.mlir	1	Support	bundle-only	meta_op.mix.aiv.c310.bc
4	Support/print-lifecycle	print_5d_bfloat16_t_ubuf	Support/print-lifecycle/print_5d_bfloat16_t_ubuf.mlir	1	Support	Debug/Debug.aiv.c310.bc	meta_op.aiv.c310.bc
4	Support/print-lifecycle	print_5d_bfloat16_t_ubuf.vector	Support/print-lifecycle/print_5d_bfloat16_t_ubuf.vector.mlir	1	Support	bundle-only	meta_op.mix.aiv.c310.bc
4	Support/print-lifecycle	print_5d_bool_gm	Support/print-lifecycle/print_5d_bool_gm.mlir	2	Support	Debug/Debug.aic.c310.bc,Debug/Debug.aiv.c310.bc	meta_op.aic.c310.bc,meta_op.aiv.c310.bc
4	Support/print-lifecycle	print_5d_bool_gm.cube	Support/print-lifecycle/print_5d_bool_gm.cube.mlir	1	Support	bundle-only	meta_op.mix.aic.c310.bc
4	Support/print-lifecycle	print_5d_bool_gm.vector	Support/print-lifecycle/print_5d_bool_gm.vector.mlir	1	Support	bundle-only	meta_op.mix.aiv.c310.bc
4	Support/print-lifecycle	print_5d_bool_ubuf	Support/print-lifecycle/print_5d_bool_ubuf.mlir	1	Support	Debug/Debug.aiv.c310.bc	meta_op.aiv.c310.bc
4	Support/print-lifecycle	print_5d_bool_ubuf.vector	Support/print-lifecycle/print_5d_bool_ubuf.vector.mlir	1	Support	bundle-only	meta_op.mix.aiv.c310.bc
4	Support/print-lifecycle	print_5d_float_gm	Support/print-lifecycle/print_5d_float_gm.mlir	2	Support	Debug/Debug.aic.c310.bc,Debug/Debug.aiv.c310.bc	meta_op.aic.c310.bc,meta_op.aiv.c310.bc
4	Support/print-lifecycle	print_5d_float_gm.cube	Support/print-lifecycle/print_5d_float_gm.cube.mlir	1	Support	bundle-only	meta_op.mix.aic.c310.bc
4	Support/print-lifecycle	print_5d_float_gm.vector	Support/print-lifecycle/print_5d_float_gm.vector.mlir	1	Support	bundle-only	meta_op.mix.aiv.c310.bc
4	Support/print-lifecycle	print_5d_float_ubuf	Support/print-lifecycle/print_5d_float_ubuf.mlir	1	Support	Debug/Debug.aiv.c310.bc	meta_op.aiv.c310.bc
4	Support/print-lifecycle	print_5d_float_ubuf.vector	Support/print-lifecycle/print_5d_float_ubuf.vector.mlir	1	Support	bundle-only	meta_op.mix.aiv.c310.bc
4	Support/print-lifecycle	print_5d_half_gm	Support/print-lifecycle/print_5d_half_gm.mlir	2	Support	Debug/Debug.aic.c310.bc,Debug/Debug.aiv.c310.bc	meta_op.aic.c310.bc,meta_op.aiv.c310.bc
4	Support/print-lifecycle	print_5d_half_gm.cube	Support/print-lifecycle/print_5d_half_gm.cube.mlir	1	Support	bundle-only	meta_op.mix.aic.c310.bc
4	Support/print-lifecycle	print_5d_half_gm.vector	Support/print-lifecycle/print_5d_half_gm.vector.mlir	1	Support	bundle-only	meta_op.mix.aiv.c310.bc
4	Support/print-lifecycle	print_5d_half_ubuf	Support/print-lifecycle/print_5d_half_ubuf.mlir	1	Support	Debug/Debug.aiv.c310.bc	meta_op.aiv.c310.bc
4	Support/print-lifecycle	print_5d_half_ubuf.vector	Support/print-lifecycle/print_5d_half_ubuf.vector.mlir	1	Support	bundle-only	meta_op.mix.aiv.c310.bc
4	Support/print-lifecycle	print_5d_int16_t_gm	Support/print-lifecycle/print_5d_int16_t_gm.mlir	2	Support	Debug/Debug.aic.c310.bc,Debug/Debug.aiv.c310.bc	meta_op.aic.c310.bc,meta_op.aiv.c310.bc
4	Support/print-lifecycle	print_5d_int16_t_gm.cube	Support/print-lifecycle/print_5d_int16_t_gm.cube.mlir	1	Support	bundle-only	meta_op.mix.aic.c310.bc
4	Support/print-lifecycle	print_5d_int16_t_gm.vector	Support/print-lifecycle/print_5d_int16_t_gm.vector.mlir	1	Support	bundle-only	meta_op.mix.aiv.c310.bc
4	Support/print-lifecycle	print_5d_int16_t_ubuf	Support/print-lifecycle/print_5d_int16_t_ubuf.mlir	1	Support	Debug/Debug.aiv.c310.bc	meta_op.aiv.c310.bc
4	Support/print-lifecycle	print_5d_int16_t_ubuf.vector	Support/print-lifecycle/print_5d_int16_t_ubuf.vector.mlir	1	Support	bundle-only	meta_op.mix.aiv.c310.bc
4	Support/print-lifecycle	print_5d_int32_t_gm	Support/print-lifecycle/print_5d_int32_t_gm.mlir	2	Support	Debug/Debug.aic.c310.bc,Debug/Debug.aiv.c310.bc	meta_op.aic.c310.bc,meta_op.aiv.c310.bc
4	Support/print-lifecycle	print_5d_int32_t_gm.cube	Support/print-lifecycle/print_5d_int32_t_gm.cube.mlir	1	Support	bundle-only	meta_op.mix.aic.c310.bc
4	Support/print-lifecycle	print_5d_int32_t_gm.vector	Support/print-lifecycle/print_5d_int32_t_gm.vector.mlir	1	Support	bundle-only	meta_op.mix.aiv.c310.bc
4	Support/print-lifecycle	print_5d_int32_t_ubuf	Support/print-lifecycle/print_5d_int32_t_ubuf.mlir	1	Support	Debug/Debug.aiv.c310.bc	meta_op.aiv.c310.bc
4	Support/print-lifecycle	print_5d_int32_t_ubuf.vector	Support/print-lifecycle/print_5d_int32_t_ubuf.vector.mlir	1	Support	bundle-only	meta_op.mix.aiv.c310.bc
4	Support/print-lifecycle	print_5d_int64_t_gm	Support/print-lifecycle/print_5d_int64_t_gm.mlir	2	Support	Debug/Debug.aic.c310.bc,Debug/Debug.aiv.c310.bc	meta_op.aic.c310.bc,meta_op.aiv.c310.bc
4	Support/print-lifecycle	print_5d_int64_t_gm.cube	Support/print-lifecycle/print_5d_int64_t_gm.cube.mlir	1	Support	bundle-only	meta_op.mix.aic.c310.bc
4	Support/print-lifecycle	print_5d_int64_t_gm.vector	Support/print-lifecycle/print_5d_int64_t_gm.vector.mlir	1	Support	bundle-only	meta_op.mix.aiv.c310.bc
4	Support/print-lifecycle	print_5d_int64_t_ubuf	Support/print-lifecycle/print_5d_int64_t_ubuf.mlir	1	Support	Debug/Debug.aiv.c310.bc	meta_op.aiv.c310.bc
4	Support/print-lifecycle	print_5d_int64_t_ubuf.vector	Support/print-lifecycle/print_5d_int64_t_ubuf.vector.mlir	1	Support	bundle-only	meta_op.mix.aiv.c310.bc
4	Support/print-lifecycle	print_5d_int8_t_gm	Support/print-lifecycle/print_5d_int8_t_gm.mlir	2	Support	Debug/Debug.aic.c310.bc,Debug/Debug.aiv.c310.bc	meta_op.aic.c310.bc,meta_op.aiv.c310.bc
4	Support/print-lifecycle	print_5d_int8_t_gm.cube	Support/print-lifecycle/print_5d_int8_t_gm.cube.mlir	1	Support	bundle-only	meta_op.mix.aic.c310.bc
4	Support/print-lifecycle	print_5d_int8_t_gm.vector	Support/print-lifecycle/print_5d_int8_t_gm.vector.mlir	1	Support	bundle-only	meta_op.mix.aiv.c310.bc
4	Support/print-lifecycle	print_5d_int8_t_ubuf	Support/print-lifecycle/print_5d_int8_t_ubuf.mlir	1	Support	Debug/Debug.aiv.c310.bc	meta_op.aiv.c310.bc
4	Support/print-lifecycle	print_5d_int8_t_ubuf.vector	Support/print-lifecycle/print_5d_int8_t_ubuf.vector.mlir	1	Support	bundle-only	meta_op.mix.aiv.c310.bc
4	Support/print-lifecycle	print_5d_uint16_t_gm	Support/print-lifecycle/print_5d_uint16_t_gm.mlir	2	Support	Debug/Debug.aic.c310.bc,Debug/Debug.aiv.c310.bc	meta_op.aic.c310.bc,meta_op.aiv.c310.bc
4	Support/print-lifecycle	print_5d_uint16_t_gm.cube	Support/print-lifecycle/print_5d_uint16_t_gm.cube.mlir	1	Support	bundle-only	meta_op.mix.aic.c310.bc
4	Support/print-lifecycle	print_5d_uint16_t_gm.vector	Support/print-lifecycle/print_5d_uint16_t_gm.vector.mlir	1	Support	bundle-only	meta_op.mix.aiv.c310.bc
4	Support/print-lifecycle	print_5d_uint16_t_ubuf	Support/print-lifecycle/print_5d_uint16_t_ubuf.mlir	1	Support	Debug/Debug.aiv.c310.bc	meta_op.aiv.c310.bc
4	Support/print-lifecycle	print_5d_uint16_t_ubuf.vector	Support/print-lifecycle/print_5d_uint16_t_ubuf.vector.mlir	1	Support	bundle-only	meta_op.mix.aiv.c310.bc
4	Support/print-lifecycle	print_5d_uint32_t_gm	Support/print-lifecycle/print_5d_uint32_t_gm.mlir	2	Support	Debug/Debug.aic.c310.bc,Debug/Debug.aiv.c310.bc	meta_op.aic.c310.bc,meta_op.aiv.c310.bc
4	Support/print-lifecycle	print_5d_uint32_t_gm.cube	Support/print-lifecycle/print_5d_uint32_t_gm.cube.mlir	1	Support	bundle-only	meta_op.mix.aic.c310.bc
4	Support/print-lifecycle	print_5d_uint32_t_gm.vector	Support/print-lifecycle/print_5d_uint32_t_gm.vector.mlir	1	Support	bundle-only	meta_op.mix.aiv.c310.bc
4	Support/print-lifecycle	print_5d_uint32_t_ubuf	Support/print-lifecycle/print_5d_uint32_t_ubuf.mlir	1	Support	Debug/Debug.aiv.c310.bc	meta_op.aiv.c310.bc
4	Support/print-lifecycle	print_5d_uint32_t_ubuf.vector	Support/print-lifecycle/print_5d_uint32_t_ubuf.vector.mlir	1	Support	bundle-only	meta_op.mix.aiv.c310.bc
4	Support/print-lifecycle	print_5d_uint8_t_gm	Support/print-lifecycle/print_5d_uint8_t_gm.mlir	2	Support	Debug/Debug.aic.c310.bc,Debug/Debug.aiv.c310.bc	meta_op.aic.c310.bc,meta_op.aiv.c310.bc
4	Support/print-lifecycle	print_5d_uint8_t_gm.cube	Support/print-lifecycle/print_5d_uint8_t_gm.cube.mlir	1	Support	bundle-only	meta_op.mix.aic.c310.bc
4	Support/print-lifecycle	print_5d_uint8_t_gm.vector	Support/print-lifecycle/print_5d_uint8_t_gm.vector.mlir	1	Support	bundle-only	meta_op.mix.aiv.c310.bc
4	Support/print-lifecycle	print_5d_uint8_t_ubuf	Support/print-lifecycle/print_5d_uint8_t_ubuf.mlir	1	Support	Debug/Debug.aiv.c310.bc	meta_op.aiv.c310.bc
4	Support/print-lifecycle	print_5d_uint8_t_ubuf.vector	Support/print-lifecycle/print_5d_uint8_t_ubuf.vector.mlir	1	Support	bundle-only	meta_op.mix.aiv.c310.bc
4	Support/print-lifecycle	print_6d_bfloat16_t_gm	Support/print-lifecycle/print_6d_bfloat16_t_gm.mlir	2	Support	Debug/Debug.aic.c310.bc,Debug/Debug.aiv.c310.bc	meta_op.aic.c310.bc,meta_op.aiv.c310.bc
4	Support/print-lifecycle	print_6d_bfloat16_t_gm.cube	Support/print-lifecycle/print_6d_bfloat16_t_gm.cube.mlir	1	Support	bundle-only	meta_op.mix.aic.c310.bc
4	Support/print-lifecycle	print_6d_bfloat16_t_gm.vector	Support/print-lifecycle/print_6d_bfloat16_t_gm.vector.mlir	1	Support	bundle-only	meta_op.mix.aiv.c310.bc
4	Support/print-lifecycle	print_6d_bfloat16_t_ubuf	Support/print-lifecycle/print_6d_bfloat16_t_ubuf.mlir	1	Support	Debug/Debug.aiv.c310.bc	meta_op.aiv.c310.bc
4	Support/print-lifecycle	print_6d_bfloat16_t_ubuf.vector	Support/print-lifecycle/print_6d_bfloat16_t_ubuf.vector.mlir	1	Support	bundle-only	meta_op.mix.aiv.c310.bc
4	Support/print-lifecycle	print_6d_bool_gm	Support/print-lifecycle/print_6d_bool_gm.mlir	2	Support	Debug/Debug.aic.c310.bc,Debug/Debug.aiv.c310.bc	meta_op.aic.c310.bc,meta_op.aiv.c310.bc
4	Support/print-lifecycle	print_6d_bool_gm.cube	Support/print-lifecycle/print_6d_bool_gm.cube.mlir	1	Support	bundle-only	meta_op.mix.aic.c310.bc
4	Support/print-lifecycle	print_6d_bool_gm.vector	Support/print-lifecycle/print_6d_bool_gm.vector.mlir	1	Support	bundle-only	meta_op.mix.aiv.c310.bc
4	Support/print-lifecycle	print_6d_bool_ubuf	Support/print-lifecycle/print_6d_bool_ubuf.mlir	1	Support	Debug/Debug.aiv.c310.bc	meta_op.aiv.c310.bc
4	Support/print-lifecycle	print_6d_bool_ubuf.vector	Support/print-lifecycle/print_6d_bool_ubuf.vector.mlir	1	Support	bundle-only	meta_op.mix.aiv.c310.bc
4	Support/print-lifecycle	print_6d_float_gm	Support/print-lifecycle/print_6d_float_gm.mlir	2	Support	Debug/Debug.aic.c310.bc,Debug/Debug.aiv.c310.bc	meta_op.aic.c310.bc,meta_op.aiv.c310.bc
4	Support/print-lifecycle	print_6d_float_gm.cube	Support/print-lifecycle/print_6d_float_gm.cube.mlir	1	Support	bundle-only	meta_op.mix.aic.c310.bc
4	Support/print-lifecycle	print_6d_float_gm.vector	Support/print-lifecycle/print_6d_float_gm.vector.mlir	1	Support	bundle-only	meta_op.mix.aiv.c310.bc
4	Support/print-lifecycle	print_6d_float_ubuf	Support/print-lifecycle/print_6d_float_ubuf.mlir	1	Support	Debug/Debug.aiv.c310.bc	meta_op.aiv.c310.bc
4	Support/print-lifecycle	print_6d_float_ubuf.vector	Support/print-lifecycle/print_6d_float_ubuf.vector.mlir	1	Support	bundle-only	meta_op.mix.aiv.c310.bc
4	Support/print-lifecycle	print_6d_half_gm	Support/print-lifecycle/print_6d_half_gm.mlir	2	Support	Debug/Debug.aic.c310.bc,Debug/Debug.aiv.c310.bc	meta_op.aic.c310.bc,meta_op.aiv.c310.bc
4	Support/print-lifecycle	print_6d_half_gm.cube	Support/print-lifecycle/print_6d_half_gm.cube.mlir	1	Support	bundle-only	meta_op.mix.aic.c310.bc
4	Support/print-lifecycle	print_6d_half_gm.vector	Support/print-lifecycle/print_6d_half_gm.vector.mlir	1	Support	bundle-only	meta_op.mix.aiv.c310.bc
4	Support/print-lifecycle	print_6d_half_ubuf	Support/print-lifecycle/print_6d_half_ubuf.mlir	1	Support	Debug/Debug.aiv.c310.bc	meta_op.aiv.c310.bc
4	Support/print-lifecycle	print_6d_half_ubuf.vector	Support/print-lifecycle/print_6d_half_ubuf.vector.mlir	1	Support	bundle-only	meta_op.mix.aiv.c310.bc
4	Support/print-lifecycle	print_6d_int16_t_gm	Support/print-lifecycle/print_6d_int16_t_gm.mlir	2	Support	Debug/Debug.aic.c310.bc,Debug/Debug.aiv.c310.bc	meta_op.aic.c310.bc,meta_op.aiv.c310.bc
4	Support/print-lifecycle	print_6d_int16_t_gm.cube	Support/print-lifecycle/print_6d_int16_t_gm.cube.mlir	1	Support	bundle-only	meta_op.mix.aic.c310.bc
4	Support/print-lifecycle	print_6d_int16_t_gm.vector	Support/print-lifecycle/print_6d_int16_t_gm.vector.mlir	1	Support	bundle-only	meta_op.mix.aiv.c310.bc
4	Support/print-lifecycle	print_6d_int16_t_ubuf	Support/print-lifecycle/print_6d_int16_t_ubuf.mlir	1	Support	Debug/Debug.aiv.c310.bc	meta_op.aiv.c310.bc
4	Support/print-lifecycle	print_6d_int16_t_ubuf.vector	Support/print-lifecycle/print_6d_int16_t_ubuf.vector.mlir	1	Support	bundle-only	meta_op.mix.aiv.c310.bc
4	Support/print-lifecycle	print_6d_int32_t_gm	Support/print-lifecycle/print_6d_int32_t_gm.mlir	2	Support	Debug/Debug.aic.c310.bc,Debug/Debug.aiv.c310.bc	meta_op.aic.c310.bc,meta_op.aiv.c310.bc
4	Support/print-lifecycle	print_6d_int32_t_gm.cube	Support/print-lifecycle/print_6d_int32_t_gm.cube.mlir	1	Support	bundle-only	meta_op.mix.aic.c310.bc
4	Support/print-lifecycle	print_6d_int32_t_gm.vector	Support/print-lifecycle/print_6d_int32_t_gm.vector.mlir	1	Support	bundle-only	meta_op.mix.aiv.c310.bc
4	Support/print-lifecycle	print_6d_int32_t_ubuf	Support/print-lifecycle/print_6d_int32_t_ubuf.mlir	1	Support	Debug/Debug.aiv.c310.bc	meta_op.aiv.c310.bc
4	Support/print-lifecycle	print_6d_int32_t_ubuf.vector	Support/print-lifecycle/print_6d_int32_t_ubuf.vector.mlir	1	Support	bundle-only	meta_op.mix.aiv.c310.bc
4	Support/print-lifecycle	print_6d_int64_t_gm	Support/print-lifecycle/print_6d_int64_t_gm.mlir	2	Support	Debug/Debug.aic.c310.bc,Debug/Debug.aiv.c310.bc	meta_op.aic.c310.bc,meta_op.aiv.c310.bc
4	Support/print-lifecycle	print_6d_int64_t_gm.cube	Support/print-lifecycle/print_6d_int64_t_gm.cube.mlir	1	Support	bundle-only	meta_op.mix.aic.c310.bc
4	Support/print-lifecycle	print_6d_int64_t_gm.vector	Support/print-lifecycle/print_6d_int64_t_gm.vector.mlir	1	Support	bundle-only	meta_op.mix.aiv.c310.bc
4	Support/print-lifecycle	print_6d_int64_t_ubuf	Support/print-lifecycle/print_6d_int64_t_ubuf.mlir	1	Support	Debug/Debug.aiv.c310.bc	meta_op.aiv.c310.bc
4	Support/print-lifecycle	print_6d_int64_t_ubuf.vector	Support/print-lifecycle/print_6d_int64_t_ubuf.vector.mlir	1	Support	bundle-only	meta_op.mix.aiv.c310.bc
4	Support/print-lifecycle	print_6d_int8_t_gm	Support/print-lifecycle/print_6d_int8_t_gm.mlir	2	Support	Debug/Debug.aic.c310.bc,Debug/Debug.aiv.c310.bc	meta_op.aic.c310.bc,meta_op.aiv.c310.bc
4	Support/print-lifecycle	print_6d_int8_t_gm.cube	Support/print-lifecycle/print_6d_int8_t_gm.cube.mlir	1	Support	bundle-only	meta_op.mix.aic.c310.bc
4	Support/print-lifecycle	print_6d_int8_t_gm.vector	Support/print-lifecycle/print_6d_int8_t_gm.vector.mlir	1	Support	bundle-only	meta_op.mix.aiv.c310.bc
4	Support/print-lifecycle	print_6d_int8_t_ubuf	Support/print-lifecycle/print_6d_int8_t_ubuf.mlir	1	Support	Debug/Debug.aiv.c310.bc	meta_op.aiv.c310.bc
4	Support/print-lifecycle	print_6d_int8_t_ubuf.vector	Support/print-lifecycle/print_6d_int8_t_ubuf.vector.mlir	1	Support	bundle-only	meta_op.mix.aiv.c310.bc
4	Support/print-lifecycle	print_6d_uint16_t_gm	Support/print-lifecycle/print_6d_uint16_t_gm.mlir	2	Support	Debug/Debug.aic.c310.bc,Debug/Debug.aiv.c310.bc	meta_op.aic.c310.bc,meta_op.aiv.c310.bc
4	Support/print-lifecycle	print_6d_uint16_t_gm.cube	Support/print-lifecycle/print_6d_uint16_t_gm.cube.mlir	1	Support	bundle-only	meta_op.mix.aic.c310.bc
4	Support/print-lifecycle	print_6d_uint16_t_gm.vector	Support/print-lifecycle/print_6d_uint16_t_gm.vector.mlir	1	Support	bundle-only	meta_op.mix.aiv.c310.bc
4	Support/print-lifecycle	print_6d_uint16_t_ubuf	Support/print-lifecycle/print_6d_uint16_t_ubuf.mlir	1	Support	Debug/Debug.aiv.c310.bc	meta_op.aiv.c310.bc
4	Support/print-lifecycle	print_6d_uint16_t_ubuf.vector	Support/print-lifecycle/print_6d_uint16_t_ubuf.vector.mlir	1	Support	bundle-only	meta_op.mix.aiv.c310.bc
4	Support/print-lifecycle	print_6d_uint32_t_gm	Support/print-lifecycle/print_6d_uint32_t_gm.mlir	2	Support	Debug/Debug.aic.c310.bc,Debug/Debug.aiv.c310.bc	meta_op.aic.c310.bc,meta_op.aiv.c310.bc
4	Support/print-lifecycle	print_6d_uint32_t_gm.cube	Support/print-lifecycle/print_6d_uint32_t_gm.cube.mlir	1	Support	bundle-only	meta_op.mix.aic.c310.bc
4	Support/print-lifecycle	print_6d_uint32_t_gm.vector	Support/print-lifecycle/print_6d_uint32_t_gm.vector.mlir	1	Support	bundle-only	meta_op.mix.aiv.c310.bc
4	Support/print-lifecycle	print_6d_uint32_t_ubuf	Support/print-lifecycle/print_6d_uint32_t_ubuf.mlir	1	Support	Debug/Debug.aiv.c310.bc	meta_op.aiv.c310.bc
4	Support/print-lifecycle	print_6d_uint32_t_ubuf.vector	Support/print-lifecycle/print_6d_uint32_t_ubuf.vector.mlir	1	Support	bundle-only	meta_op.mix.aiv.c310.bc
4	Support/print-lifecycle	print_6d_uint8_t_gm	Support/print-lifecycle/print_6d_uint8_t_gm.mlir	2	Support	Debug/Debug.aic.c310.bc,Debug/Debug.aiv.c310.bc	meta_op.aic.c310.bc,meta_op.aiv.c310.bc
4	Support/print-lifecycle	print_6d_uint8_t_gm.cube	Support/print-lifecycle/print_6d_uint8_t_gm.cube.mlir	1	Support	bundle-only	meta_op.mix.aic.c310.bc
4	Support/print-lifecycle	print_6d_uint8_t_gm.vector	Support/print-lifecycle/print_6d_uint8_t_gm.vector.mlir	1	Support	bundle-only	meta_op.mix.aiv.c310.bc
4	Support/print-lifecycle	print_6d_uint8_t_ubuf	Support/print-lifecycle/print_6d_uint8_t_ubuf.mlir	1	Support	Debug/Debug.aiv.c310.bc	meta_op.aiv.c310.bc
4	Support/print-lifecycle	print_6d_uint8_t_ubuf.vector	Support/print-lifecycle/print_6d_uint8_t_ubuf.vector.mlir	1	Support	bundle-only	meta_op.mix.aiv.c310.bc
4	Support/print-lifecycle	print_7d_bfloat16_t_gm	Support/print-lifecycle/print_7d_bfloat16_t_gm.mlir	2	Support	Debug/Debug.aic.c310.bc,Debug/Debug.aiv.c310.bc	meta_op.aic.c310.bc,meta_op.aiv.c310.bc
4	Support/print-lifecycle	print_7d_bfloat16_t_gm.cube	Support/print-lifecycle/print_7d_bfloat16_t_gm.cube.mlir	1	Support	bundle-only	meta_op.mix.aic.c310.bc
4	Support/print-lifecycle	print_7d_bfloat16_t_gm.vector	Support/print-lifecycle/print_7d_bfloat16_t_gm.vector.mlir	1	Support	bundle-only	meta_op.mix.aiv.c310.bc
4	Support/print-lifecycle	print_7d_bfloat16_t_ubuf	Support/print-lifecycle/print_7d_bfloat16_t_ubuf.mlir	1	Support	Debug/Debug.aiv.c310.bc	meta_op.aiv.c310.bc
4	Support/print-lifecycle	print_7d_bfloat16_t_ubuf.vector	Support/print-lifecycle/print_7d_bfloat16_t_ubuf.vector.mlir	1	Support	bundle-only	meta_op.mix.aiv.c310.bc
4	Support/print-lifecycle	print_7d_bool_gm	Support/print-lifecycle/print_7d_bool_gm.mlir	2	Support	Debug/Debug.aic.c310.bc,Debug/Debug.aiv.c310.bc	meta_op.aic.c310.bc,meta_op.aiv.c310.bc
4	Support/print-lifecycle	print_7d_bool_gm.cube	Support/print-lifecycle/print_7d_bool_gm.cube.mlir	1	Support	bundle-only	meta_op.mix.aic.c310.bc
4	Support/print-lifecycle	print_7d_bool_gm.vector	Support/print-lifecycle/print_7d_bool_gm.vector.mlir	1	Support	bundle-only	meta_op.mix.aiv.c310.bc
4	Support/print-lifecycle	print_7d_bool_ubuf	Support/print-lifecycle/print_7d_bool_ubuf.mlir	1	Support	Debug/Debug.aiv.c310.bc	meta_op.aiv.c310.bc
4	Support/print-lifecycle	print_7d_bool_ubuf.vector	Support/print-lifecycle/print_7d_bool_ubuf.vector.mlir	1	Support	bundle-only	meta_op.mix.aiv.c310.bc
4	Support/print-lifecycle	print_7d_float_gm	Support/print-lifecycle/print_7d_float_gm.mlir	2	Support	Debug/Debug.aic.c310.bc,Debug/Debug.aiv.c310.bc	meta_op.aic.c310.bc,meta_op.aiv.c310.bc
4	Support/print-lifecycle	print_7d_float_gm.cube	Support/print-lifecycle/print_7d_float_gm.cube.mlir	1	Support	bundle-only	meta_op.mix.aic.c310.bc
4	Support/print-lifecycle	print_7d_float_gm.vector	Support/print-lifecycle/print_7d_float_gm.vector.mlir	1	Support	bundle-only	meta_op.mix.aiv.c310.bc
4	Support/print-lifecycle	print_7d_float_ubuf	Support/print-lifecycle/print_7d_float_ubuf.mlir	1	Support	Debug/Debug.aiv.c310.bc	meta_op.aiv.c310.bc
4	Support/print-lifecycle	print_7d_float_ubuf.vector	Support/print-lifecycle/print_7d_float_ubuf.vector.mlir	1	Support	bundle-only	meta_op.mix.aiv.c310.bc
4	Support/print-lifecycle	print_7d_half_gm	Support/print-lifecycle/print_7d_half_gm.mlir	2	Support	Debug/Debug.aic.c310.bc,Debug/Debug.aiv.c310.bc	meta_op.aic.c310.bc,meta_op.aiv.c310.bc
4	Support/print-lifecycle	print_7d_half_gm.cube	Support/print-lifecycle/print_7d_half_gm.cube.mlir	1	Support	bundle-only	meta_op.mix.aic.c310.bc
4	Support/print-lifecycle	print_7d_half_gm.vector	Support/print-lifecycle/print_7d_half_gm.vector.mlir	1	Support	bundle-only	meta_op.mix.aiv.c310.bc
4	Support/print-lifecycle	print_7d_half_ubuf	Support/print-lifecycle/print_7d_half_ubuf.mlir	1	Support	Debug/Debug.aiv.c310.bc	meta_op.aiv.c310.bc
4	Support/print-lifecycle	print_7d_half_ubuf.vector	Support/print-lifecycle/print_7d_half_ubuf.vector.mlir	1	Support	bundle-only	meta_op.mix.aiv.c310.bc
4	Support/print-lifecycle	print_7d_int16_t_gm	Support/print-lifecycle/print_7d_int16_t_gm.mlir	2	Support	Debug/Debug.aic.c310.bc,Debug/Debug.aiv.c310.bc	meta_op.aic.c310.bc,meta_op.aiv.c310.bc
4	Support/print-lifecycle	print_7d_int16_t_gm.cube	Support/print-lifecycle/print_7d_int16_t_gm.cube.mlir	1	Support	bundle-only	meta_op.mix.aic.c310.bc
4	Support/print-lifecycle	print_7d_int16_t_gm.vector	Support/print-lifecycle/print_7d_int16_t_gm.vector.mlir	1	Support	bundle-only	meta_op.mix.aiv.c310.bc
4	Support/print-lifecycle	print_7d_int16_t_ubuf	Support/print-lifecycle/print_7d_int16_t_ubuf.mlir	1	Support	Debug/Debug.aiv.c310.bc	meta_op.aiv.c310.bc
4	Support/print-lifecycle	print_7d_int16_t_ubuf.vector	Support/print-lifecycle/print_7d_int16_t_ubuf.vector.mlir	1	Support	bundle-only	meta_op.mix.aiv.c310.bc
4	Support/print-lifecycle	print_7d_int32_t_gm	Support/print-lifecycle/print_7d_int32_t_gm.mlir	2	Support	Debug/Debug.aic.c310.bc,Debug/Debug.aiv.c310.bc	meta_op.aic.c310.bc,meta_op.aiv.c310.bc
4	Support/print-lifecycle	print_7d_int32_t_gm.cube	Support/print-lifecycle/print_7d_int32_t_gm.cube.mlir	1	Support	bundle-only	meta_op.mix.aic.c310.bc
4	Support/print-lifecycle	print_7d_int32_t_gm.vector	Support/print-lifecycle/print_7d_int32_t_gm.vector.mlir	1	Support	bundle-only	meta_op.mix.aiv.c310.bc
4	Support/print-lifecycle	print_7d_int32_t_ubuf	Support/print-lifecycle/print_7d_int32_t_ubuf.mlir	1	Support	Debug/Debug.aiv.c310.bc	meta_op.aiv.c310.bc
4	Support/print-lifecycle	print_7d_int32_t_ubuf.vector	Support/print-lifecycle/print_7d_int32_t_ubuf.vector.mlir	1	Support	bundle-only	meta_op.mix.aiv.c310.bc
4	Support/print-lifecycle	print_7d_int64_t_gm	Support/print-lifecycle/print_7d_int64_t_gm.mlir	2	Support	Debug/Debug.aic.c310.bc,Debug/Debug.aiv.c310.bc	meta_op.aic.c310.bc,meta_op.aiv.c310.bc
4	Support/print-lifecycle	print_7d_int64_t_gm.cube	Support/print-lifecycle/print_7d_int64_t_gm.cube.mlir	1	Support	bundle-only	meta_op.mix.aic.c310.bc
4	Support/print-lifecycle	print_7d_int64_t_gm.vector	Support/print-lifecycle/print_7d_int64_t_gm.vector.mlir	1	Support	bundle-only	meta_op.mix.aiv.c310.bc
4	Support/print-lifecycle	print_7d_int64_t_ubuf	Support/print-lifecycle/print_7d_int64_t_ubuf.mlir	1	Support	Debug/Debug.aiv.c310.bc	meta_op.aiv.c310.bc
4	Support/print-lifecycle	print_7d_int64_t_ubuf.vector	Support/print-lifecycle/print_7d_int64_t_ubuf.vector.mlir	1	Support	bundle-only	meta_op.mix.aiv.c310.bc
4	Support/print-lifecycle	print_7d_int8_t_gm	Support/print-lifecycle/print_7d_int8_t_gm.mlir	2	Support	Debug/Debug.aic.c310.bc,Debug/Debug.aiv.c310.bc	meta_op.aic.c310.bc,meta_op.aiv.c310.bc
4	Support/print-lifecycle	print_7d_int8_t_gm.cube	Support/print-lifecycle/print_7d_int8_t_gm.cube.mlir	1	Support	bundle-only	meta_op.mix.aic.c310.bc
4	Support/print-lifecycle	print_7d_int8_t_gm.vector	Support/print-lifecycle/print_7d_int8_t_gm.vector.mlir	1	Support	bundle-only	meta_op.mix.aiv.c310.bc
4	Support/print-lifecycle	print_7d_int8_t_ubuf	Support/print-lifecycle/print_7d_int8_t_ubuf.mlir	1	Support	Debug/Debug.aiv.c310.bc	meta_op.aiv.c310.bc
4	Support/print-lifecycle	print_7d_int8_t_ubuf.vector	Support/print-lifecycle/print_7d_int8_t_ubuf.vector.mlir	1	Support	bundle-only	meta_op.mix.aiv.c310.bc
4	Support/print-lifecycle	print_7d_uint16_t_gm	Support/print-lifecycle/print_7d_uint16_t_gm.mlir	2	Support	Debug/Debug.aic.c310.bc,Debug/Debug.aiv.c310.bc	meta_op.aic.c310.bc,meta_op.aiv.c310.bc
4	Support/print-lifecycle	print_7d_uint16_t_gm.cube	Support/print-lifecycle/print_7d_uint16_t_gm.cube.mlir	1	Support	bundle-only	meta_op.mix.aic.c310.bc
4	Support/print-lifecycle	print_7d_uint16_t_gm.vector	Support/print-lifecycle/print_7d_uint16_t_gm.vector.mlir	1	Support	bundle-only	meta_op.mix.aiv.c310.bc
4	Support/print-lifecycle	print_7d_uint16_t_ubuf	Support/print-lifecycle/print_7d_uint16_t_ubuf.mlir	1	Support	Debug/Debug.aiv.c310.bc	meta_op.aiv.c310.bc
4	Support/print-lifecycle	print_7d_uint16_t_ubuf.vector	Support/print-lifecycle/print_7d_uint16_t_ubuf.vector.mlir	1	Support	bundle-only	meta_op.mix.aiv.c310.bc
4	Support/print-lifecycle	print_7d_uint32_t_gm	Support/print-lifecycle/print_7d_uint32_t_gm.mlir	2	Support	Debug/Debug.aic.c310.bc,Debug/Debug.aiv.c310.bc	meta_op.aic.c310.bc,meta_op.aiv.c310.bc
4	Support/print-lifecycle	print_7d_uint32_t_gm.cube	Support/print-lifecycle/print_7d_uint32_t_gm.cube.mlir	1	Support	bundle-only	meta_op.mix.aic.c310.bc
4	Support/print-lifecycle	print_7d_uint32_t_gm.vector	Support/print-lifecycle/print_7d_uint32_t_gm.vector.mlir	1	Support	bundle-only	meta_op.mix.aiv.c310.bc
4	Support/print-lifecycle	print_7d_uint32_t_ubuf	Support/print-lifecycle/print_7d_uint32_t_ubuf.mlir	1	Support	Debug/Debug.aiv.c310.bc	meta_op.aiv.c310.bc
4	Support/print-lifecycle	print_7d_uint32_t_ubuf.vector	Support/print-lifecycle/print_7d_uint32_t_ubuf.vector.mlir	1	Support	bundle-only	meta_op.mix.aiv.c310.bc
4	Support/print-lifecycle	print_7d_uint8_t_gm	Support/print-lifecycle/print_7d_uint8_t_gm.mlir	2	Support	Debug/Debug.aic.c310.bc,Debug/Debug.aiv.c310.bc	meta_op.aic.c310.bc,meta_op.aiv.c310.bc
4	Support/print-lifecycle	print_7d_uint8_t_gm.cube	Support/print-lifecycle/print_7d_uint8_t_gm.cube.mlir	1	Support	bundle-only	meta_op.mix.aic.c310.bc
4	Support/print-lifecycle	print_7d_uint8_t_gm.vector	Support/print-lifecycle/print_7d_uint8_t_gm.vector.mlir	1	Support	bundle-only	meta_op.mix.aiv.c310.bc
4	Support/print-lifecycle	print_7d_uint8_t_ubuf	Support/print-lifecycle/print_7d_uint8_t_ubuf.mlir	1	Support	Debug/Debug.aiv.c310.bc	meta_op.aiv.c310.bc
4	Support/print-lifecycle	print_7d_uint8_t_ubuf.vector	Support/print-lifecycle/print_7d_uint8_t_ubuf.vector.mlir	1	Support	bundle-only	meta_op.mix.aiv.c310.bc
4	Support/print-lifecycle	print_8d_bfloat16_t_gm	Support/print-lifecycle/print_8d_bfloat16_t_gm.mlir	2	Support	Debug/Debug.aic.c310.bc,Debug/Debug.aiv.c310.bc	meta_op.aic.c310.bc,meta_op.aiv.c310.bc
4	Support/print-lifecycle	print_8d_bfloat16_t_gm.cube	Support/print-lifecycle/print_8d_bfloat16_t_gm.cube.mlir	1	Support	bundle-only	meta_op.mix.aic.c310.bc
4	Support/print-lifecycle	print_8d_bfloat16_t_gm.vector	Support/print-lifecycle/print_8d_bfloat16_t_gm.vector.mlir	1	Support	bundle-only	meta_op.mix.aiv.c310.bc
4	Support/print-lifecycle	print_8d_bfloat16_t_ubuf	Support/print-lifecycle/print_8d_bfloat16_t_ubuf.mlir	1	Support	Debug/Debug.aiv.c310.bc	meta_op.aiv.c310.bc
4	Support/print-lifecycle	print_8d_bfloat16_t_ubuf.vector	Support/print-lifecycle/print_8d_bfloat16_t_ubuf.vector.mlir	1	Support	bundle-only	meta_op.mix.aiv.c310.bc
4	Support/print-lifecycle	print_8d_bool_gm	Support/print-lifecycle/print_8d_bool_gm.mlir	2	Support	Debug/Debug.aic.c310.bc,Debug/Debug.aiv.c310.bc	meta_op.aic.c310.bc,meta_op.aiv.c310.bc
4	Support/print-lifecycle	print_8d_bool_gm.cube	Support/print-lifecycle/print_8d_bool_gm.cube.mlir	1	Support	bundle-only	meta_op.mix.aic.c310.bc
4	Support/print-lifecycle	print_8d_bool_gm.vector	Support/print-lifecycle/print_8d_bool_gm.vector.mlir	1	Support	bundle-only	meta_op.mix.aiv.c310.bc
4	Support/print-lifecycle	print_8d_bool_ubuf	Support/print-lifecycle/print_8d_bool_ubuf.mlir	1	Support	Debug/Debug.aiv.c310.bc	meta_op.aiv.c310.bc
4	Support/print-lifecycle	print_8d_bool_ubuf.vector	Support/print-lifecycle/print_8d_bool_ubuf.vector.mlir	1	Support	bundle-only	meta_op.mix.aiv.c310.bc
4	Support/print-lifecycle	print_8d_float_gm	Support/print-lifecycle/print_8d_float_gm.mlir	2	Support	Debug/Debug.aic.c310.bc,Debug/Debug.aiv.c310.bc	meta_op.aic.c310.bc,meta_op.aiv.c310.bc
4	Support/print-lifecycle	print_8d_float_gm.cube	Support/print-lifecycle/print_8d_float_gm.cube.mlir	1	Support	bundle-only	meta_op.mix.aic.c310.bc
4	Support/print-lifecycle	print_8d_float_gm.vector	Support/print-lifecycle/print_8d_float_gm.vector.mlir	1	Support	bundle-only	meta_op.mix.aiv.c310.bc
4	Support/print-lifecycle	print_8d_float_ubuf	Support/print-lifecycle/print_8d_float_ubuf.mlir	1	Support	Debug/Debug.aiv.c310.bc	meta_op.aiv.c310.bc
4	Support/print-lifecycle	print_8d_float_ubuf.vector	Support/print-lifecycle/print_8d_float_ubuf.vector.mlir	1	Support	bundle-only	meta_op.mix.aiv.c310.bc
4	Support/print-lifecycle	print_8d_half_gm	Support/print-lifecycle/print_8d_half_gm.mlir	2	Support	Debug/Debug.aic.c310.bc,Debug/Debug.aiv.c310.bc	meta_op.aic.c310.bc,meta_op.aiv.c310.bc
4	Support/print-lifecycle	print_8d_half_gm.cube	Support/print-lifecycle/print_8d_half_gm.cube.mlir	1	Support	bundle-only	meta_op.mix.aic.c310.bc
4	Support/print-lifecycle	print_8d_half_gm.vector	Support/print-lifecycle/print_8d_half_gm.vector.mlir	1	Support	bundle-only	meta_op.mix.aiv.c310.bc
4	Support/print-lifecycle	print_8d_half_ubuf	Support/print-lifecycle/print_8d_half_ubuf.mlir	1	Support	Debug/Debug.aiv.c310.bc	meta_op.aiv.c310.bc
4	Support/print-lifecycle	print_8d_half_ubuf.vector	Support/print-lifecycle/print_8d_half_ubuf.vector.mlir	1	Support	bundle-only	meta_op.mix.aiv.c310.bc
4	Support/print-lifecycle	print_8d_int16_t_gm	Support/print-lifecycle/print_8d_int16_t_gm.mlir	2	Support	Debug/Debug.aic.c310.bc,Debug/Debug.aiv.c310.bc	meta_op.aic.c310.bc,meta_op.aiv.c310.bc
4	Support/print-lifecycle	print_8d_int16_t_gm.cube	Support/print-lifecycle/print_8d_int16_t_gm.cube.mlir	1	Support	bundle-only	meta_op.mix.aic.c310.bc
4	Support/print-lifecycle	print_8d_int16_t_gm.vector	Support/print-lifecycle/print_8d_int16_t_gm.vector.mlir	1	Support	bundle-only	meta_op.mix.aiv.c310.bc
4	Support/print-lifecycle	print_8d_int16_t_ubuf	Support/print-lifecycle/print_8d_int16_t_ubuf.mlir	1	Support	Debug/Debug.aiv.c310.bc	meta_op.aiv.c310.bc
4	Support/print-lifecycle	print_8d_int16_t_ubuf.vector	Support/print-lifecycle/print_8d_int16_t_ubuf.vector.mlir	1	Support	bundle-only	meta_op.mix.aiv.c310.bc
4	Support/print-lifecycle	print_8d_int32_t_gm	Support/print-lifecycle/print_8d_int32_t_gm.mlir	2	Support	Debug/Debug.aic.c310.bc,Debug/Debug.aiv.c310.bc	meta_op.aic.c310.bc,meta_op.aiv.c310.bc
4	Support/print-lifecycle	print_8d_int32_t_gm.cube	Support/print-lifecycle/print_8d_int32_t_gm.cube.mlir	1	Support	bundle-only	meta_op.mix.aic.c310.bc
4	Support/print-lifecycle	print_8d_int32_t_gm.vector	Support/print-lifecycle/print_8d_int32_t_gm.vector.mlir	1	Support	bundle-only	meta_op.mix.aiv.c310.bc
4	Support/print-lifecycle	print_8d_int32_t_ubuf	Support/print-lifecycle/print_8d_int32_t_ubuf.mlir	1	Support	Debug/Debug.aiv.c310.bc	meta_op.aiv.c310.bc
4	Support/print-lifecycle	print_8d_int32_t_ubuf.vector	Support/print-lifecycle/print_8d_int32_t_ubuf.vector.mlir	1	Support	bundle-only	meta_op.mix.aiv.c310.bc
4	Support/print-lifecycle	print_8d_int64_t_gm	Support/print-lifecycle/print_8d_int64_t_gm.mlir	2	Support	Debug/Debug.aic.c310.bc,Debug/Debug.aiv.c310.bc	meta_op.aic.c310.bc,meta_op.aiv.c310.bc
4	Support/print-lifecycle	print_8d_int64_t_gm.cube	Support/print-lifecycle/print_8d_int64_t_gm.cube.mlir	1	Support	bundle-only	meta_op.mix.aic.c310.bc
4	Support/print-lifecycle	print_8d_int64_t_gm.vector	Support/print-lifecycle/print_8d_int64_t_gm.vector.mlir	1	Support	bundle-only	meta_op.mix.aiv.c310.bc
4	Support/print-lifecycle	print_8d_int64_t_ubuf	Support/print-lifecycle/print_8d_int64_t_ubuf.mlir	1	Support	Debug/Debug.aiv.c310.bc	meta_op.aiv.c310.bc
4	Support/print-lifecycle	print_8d_int64_t_ubuf.vector	Support/print-lifecycle/print_8d_int64_t_ubuf.vector.mlir	1	Support	bundle-only	meta_op.mix.aiv.c310.bc
4	Support/print-lifecycle	print_8d_int8_t_gm	Support/print-lifecycle/print_8d_int8_t_gm.mlir	2	Support	Debug/Debug.aic.c310.bc,Debug/Debug.aiv.c310.bc	meta_op.aic.c310.bc,meta_op.aiv.c310.bc
4	Support/print-lifecycle	print_8d_int8_t_gm.cube	Support/print-lifecycle/print_8d_int8_t_gm.cube.mlir	1	Support	bundle-only	meta_op.mix.aic.c310.bc
4	Support/print-lifecycle	print_8d_int8_t_gm.vector	Support/print-lifecycle/print_8d_int8_t_gm.vector.mlir	1	Support	bundle-only	meta_op.mix.aiv.c310.bc
4	Support/print-lifecycle	print_8d_int8_t_ubuf	Support/print-lifecycle/print_8d_int8_t_ubuf.mlir	1	Support	Debug/Debug.aiv.c310.bc	meta_op.aiv.c310.bc
4	Support/print-lifecycle	print_8d_int8_t_ubuf.vector	Support/print-lifecycle/print_8d_int8_t_ubuf.vector.mlir	1	Support	bundle-only	meta_op.mix.aiv.c310.bc
4	Support/print-lifecycle	print_8d_uint16_t_gm	Support/print-lifecycle/print_8d_uint16_t_gm.mlir	2	Support	Debug/Debug.aic.c310.bc,Debug/Debug.aiv.c310.bc	meta_op.aic.c310.bc,meta_op.aiv.c310.bc
4	Support/print-lifecycle	print_8d_uint16_t_gm.cube	Support/print-lifecycle/print_8d_uint16_t_gm.cube.mlir	1	Support	bundle-only	meta_op.mix.aic.c310.bc
4	Support/print-lifecycle	print_8d_uint16_t_gm.vector	Support/print-lifecycle/print_8d_uint16_t_gm.vector.mlir	1	Support	bundle-only	meta_op.mix.aiv.c310.bc
4	Support/print-lifecycle	print_8d_uint16_t_ubuf	Support/print-lifecycle/print_8d_uint16_t_ubuf.mlir	1	Support	Debug/Debug.aiv.c310.bc	meta_op.aiv.c310.bc
4	Support/print-lifecycle	print_8d_uint16_t_ubuf.vector	Support/print-lifecycle/print_8d_uint16_t_ubuf.vector.mlir	1	Support	bundle-only	meta_op.mix.aiv.c310.bc
4	Support/print-lifecycle	print_8d_uint32_t_gm	Support/print-lifecycle/print_8d_uint32_t_gm.mlir	2	Support	Debug/Debug.aic.c310.bc,Debug/Debug.aiv.c310.bc	meta_op.aic.c310.bc,meta_op.aiv.c310.bc
4	Support/print-lifecycle	print_8d_uint32_t_gm.cube	Support/print-lifecycle/print_8d_uint32_t_gm.cube.mlir	1	Support	bundle-only	meta_op.mix.aic.c310.bc
4	Support/print-lifecycle	print_8d_uint32_t_gm.vector	Support/print-lifecycle/print_8d_uint32_t_gm.vector.mlir	1	Support	bundle-only	meta_op.mix.aiv.c310.bc
4	Support/print-lifecycle	print_8d_uint32_t_ubuf	Support/print-lifecycle/print_8d_uint32_t_ubuf.mlir	1	Support	Debug/Debug.aiv.c310.bc	meta_op.aiv.c310.bc
4	Support/print-lifecycle	print_8d_uint32_t_ubuf.vector	Support/print-lifecycle/print_8d_uint32_t_ubuf.vector.mlir	1	Support	bundle-only	meta_op.mix.aiv.c310.bc
4	Support/print-lifecycle	print_8d_uint8_t_gm	Support/print-lifecycle/print_8d_uint8_t_gm.mlir	2	Support	Debug/Debug.aic.c310.bc,Debug/Debug.aiv.c310.bc	meta_op.aic.c310.bc,meta_op.aiv.c310.bc
4	Support/print-lifecycle	print_8d_uint8_t_gm.cube	Support/print-lifecycle/print_8d_uint8_t_gm.cube.mlir	1	Support	bundle-only	meta_op.mix.aic.c310.bc
4	Support/print-lifecycle	print_8d_uint8_t_gm.vector	Support/print-lifecycle/print_8d_uint8_t_gm.vector.mlir	1	Support	bundle-only	meta_op.mix.aiv.c310.bc
4	Support/print-lifecycle	print_8d_uint8_t_ubuf	Support/print-lifecycle/print_8d_uint8_t_ubuf.mlir	1	Support	Debug/Debug.aiv.c310.bc	meta_op.aiv.c310.bc
4	Support/print-lifecycle	print_8d_uint8_t_ubuf.vector	Support/print-lifecycle/print_8d_uint8_t_ubuf.vector.mlir	1	Support	bundle-only	meta_op.mix.aiv.c310.bc
4	Support/print-lifecycle	print_scalar_bfloat16_t_gm	Support/print-lifecycle/print_scalar_bfloat16_t_gm.mlir	2	Support	Debug/Debug.aic.c310.bc,Debug/Debug.aiv.c310.bc	meta_op.aic.c310.bc,meta_op.aiv.c310.bc
4	Support/print-lifecycle	print_scalar_bfloat16_t_gm.cube	Support/print-lifecycle/print_scalar_bfloat16_t_gm.cube.mlir	1	Support	bundle-only	meta_op.mix.aic.c310.bc
4	Support/print-lifecycle	print_scalar_bfloat16_t_gm.vector	Support/print-lifecycle/print_scalar_bfloat16_t_gm.vector.mlir	1	Support	bundle-only	meta_op.mix.aiv.c310.bc
4	Support/print-lifecycle	print_scalar_bfloat16_t_ubuf	Support/print-lifecycle/print_scalar_bfloat16_t_ubuf.mlir	1	Support	Debug/Debug.aiv.c310.bc	meta_op.aiv.c310.bc
4	Support/print-lifecycle	print_scalar_bfloat16_t_ubuf.vector	Support/print-lifecycle/print_scalar_bfloat16_t_ubuf.vector.mlir	1	Support	bundle-only	meta_op.mix.aiv.c310.bc
4	Support/print-lifecycle	print_scalar_bool_gm	Support/print-lifecycle/print_scalar_bool_gm.mlir	2	Support	Debug/Debug.aic.c310.bc,Debug/Debug.aiv.c310.bc	meta_op.aic.c310.bc,meta_op.aiv.c310.bc
4	Support/print-lifecycle	print_scalar_bool_gm.cube	Support/print-lifecycle/print_scalar_bool_gm.cube.mlir	1	Support	bundle-only	meta_op.mix.aic.c310.bc
4	Support/print-lifecycle	print_scalar_bool_gm.vector	Support/print-lifecycle/print_scalar_bool_gm.vector.mlir	1	Support	bundle-only	meta_op.mix.aiv.c310.bc
4	Support/print-lifecycle	print_scalar_bool_ubuf	Support/print-lifecycle/print_scalar_bool_ubuf.mlir	1	Support	Debug/Debug.aiv.c310.bc	meta_op.aiv.c310.bc
4	Support/print-lifecycle	print_scalar_bool_ubuf.vector	Support/print-lifecycle/print_scalar_bool_ubuf.vector.mlir	1	Support	bundle-only	meta_op.mix.aiv.c310.bc
4	Support/print-lifecycle	print_scalar_float_gm	Support/print-lifecycle/print_scalar_float_gm.mlir	2	Support	Debug/Debug.aic.c310.bc,Debug/Debug.aiv.c310.bc	meta_op.aic.c310.bc,meta_op.aiv.c310.bc
4	Support/print-lifecycle	print_scalar_float_gm.cube	Support/print-lifecycle/print_scalar_float_gm.cube.mlir	1	Support	bundle-only	meta_op.mix.aic.c310.bc
4	Support/print-lifecycle	print_scalar_float_gm.vector	Support/print-lifecycle/print_scalar_float_gm.vector.mlir	1	Support	bundle-only	meta_op.mix.aiv.c310.bc
4	Support/print-lifecycle	print_scalar_float_ubuf	Support/print-lifecycle/print_scalar_float_ubuf.mlir	1	Support	Debug/Debug.aiv.c310.bc	meta_op.aiv.c310.bc
4	Support/print-lifecycle	print_scalar_float_ubuf.vector	Support/print-lifecycle/print_scalar_float_ubuf.vector.mlir	1	Support	bundle-only	meta_op.mix.aiv.c310.bc
4	Support/print-lifecycle	print_scalar_half_gm	Support/print-lifecycle/print_scalar_half_gm.mlir	2	Support	Debug/Debug.aic.c310.bc,Debug/Debug.aiv.c310.bc	meta_op.aic.c310.bc,meta_op.aiv.c310.bc
4	Support/print-lifecycle	print_scalar_half_gm.cube	Support/print-lifecycle/print_scalar_half_gm.cube.mlir	1	Support	bundle-only	meta_op.mix.aic.c310.bc
4	Support/print-lifecycle	print_scalar_half_gm.vector	Support/print-lifecycle/print_scalar_half_gm.vector.mlir	1	Support	bundle-only	meta_op.mix.aiv.c310.bc
4	Support/print-lifecycle	print_scalar_half_ubuf	Support/print-lifecycle/print_scalar_half_ubuf.mlir	1	Support	Debug/Debug.aiv.c310.bc	meta_op.aiv.c310.bc
4	Support/print-lifecycle	print_scalar_half_ubuf.vector	Support/print-lifecycle/print_scalar_half_ubuf.vector.mlir	1	Support	bundle-only	meta_op.mix.aiv.c310.bc
4	Support/print-lifecycle	print_scalar_int16_t_gm	Support/print-lifecycle/print_scalar_int16_t_gm.mlir	2	Support	Debug/Debug.aic.c310.bc,Debug/Debug.aiv.c310.bc	meta_op.aic.c310.bc,meta_op.aiv.c310.bc
4	Support/print-lifecycle	print_scalar_int16_t_gm.cube	Support/print-lifecycle/print_scalar_int16_t_gm.cube.mlir	1	Support	bundle-only	meta_op.mix.aic.c310.bc
4	Support/print-lifecycle	print_scalar_int16_t_gm.vector	Support/print-lifecycle/print_scalar_int16_t_gm.vector.mlir	1	Support	bundle-only	meta_op.mix.aiv.c310.bc
4	Support/print-lifecycle	print_scalar_int16_t_ubuf	Support/print-lifecycle/print_scalar_int16_t_ubuf.mlir	1	Support	Debug/Debug.aiv.c310.bc	meta_op.aiv.c310.bc
4	Support/print-lifecycle	print_scalar_int16_t_ubuf.vector	Support/print-lifecycle/print_scalar_int16_t_ubuf.vector.mlir	1	Support	bundle-only	meta_op.mix.aiv.c310.bc
4	Support/print-lifecycle	print_scalar_int32_t_gm	Support/print-lifecycle/print_scalar_int32_t_gm.mlir	2	Support	Debug/Debug.aic.c310.bc,Debug/Debug.aiv.c310.bc	meta_op.aic.c310.bc,meta_op.aiv.c310.bc
4	Support/print-lifecycle	print_scalar_int32_t_gm.cube	Support/print-lifecycle/print_scalar_int32_t_gm.cube.mlir	1	Support	bundle-only	meta_op.mix.aic.c310.bc
4	Support/print-lifecycle	print_scalar_int32_t_gm.vector	Support/print-lifecycle/print_scalar_int32_t_gm.vector.mlir	1	Support	bundle-only	meta_op.mix.aiv.c310.bc
4	Support/print-lifecycle	print_scalar_int32_t_ubuf	Support/print-lifecycle/print_scalar_int32_t_ubuf.mlir	1	Support	Debug/Debug.aiv.c310.bc	meta_op.aiv.c310.bc
4	Support/print-lifecycle	print_scalar_int32_t_ubuf.vector	Support/print-lifecycle/print_scalar_int32_t_ubuf.vector.mlir	1	Support	bundle-only	meta_op.mix.aiv.c310.bc
4	Support/print-lifecycle	print_scalar_int64_t_gm	Support/print-lifecycle/print_scalar_int64_t_gm.mlir	2	Support	Debug/Debug.aic.c310.bc,Debug/Debug.aiv.c310.bc	meta_op.aic.c310.bc,meta_op.aiv.c310.bc
4	Support/print-lifecycle	print_scalar_int64_t_gm.cube	Support/print-lifecycle/print_scalar_int64_t_gm.cube.mlir	1	Support	bundle-only	meta_op.mix.aic.c310.bc
4	Support/print-lifecycle	print_scalar_int64_t_gm.vector	Support/print-lifecycle/print_scalar_int64_t_gm.vector.mlir	1	Support	bundle-only	meta_op.mix.aiv.c310.bc
4	Support/print-lifecycle	print_scalar_int64_t_ubuf	Support/print-lifecycle/print_scalar_int64_t_ubuf.mlir	1	Support	Debug/Debug.aiv.c310.bc	meta_op.aiv.c310.bc
4	Support/print-lifecycle	print_scalar_int64_t_ubuf.vector	Support/print-lifecycle/print_scalar_int64_t_ubuf.vector.mlir	1	Support	bundle-only	meta_op.mix.aiv.c310.bc
4	Support/print-lifecycle	print_scalar_int8_t_gm	Support/print-lifecycle/print_scalar_int8_t_gm.mlir	2	Support	Debug/Debug.aic.c310.bc,Debug/Debug.aiv.c310.bc	meta_op.aic.c310.bc,meta_op.aiv.c310.bc
4	Support/print-lifecycle	print_scalar_int8_t_gm.cube	Support/print-lifecycle/print_scalar_int8_t_gm.cube.mlir	1	Support	bundle-only	meta_op.mix.aic.c310.bc
4	Support/print-lifecycle	print_scalar_int8_t_gm.vector	Support/print-lifecycle/print_scalar_int8_t_gm.vector.mlir	1	Support	bundle-only	meta_op.mix.aiv.c310.bc
4	Support/print-lifecycle	print_scalar_int8_t_ubuf	Support/print-lifecycle/print_scalar_int8_t_ubuf.mlir	1	Support	Debug/Debug.aiv.c310.bc	meta_op.aiv.c310.bc
4	Support/print-lifecycle	print_scalar_int8_t_ubuf.vector	Support/print-lifecycle/print_scalar_int8_t_ubuf.vector.mlir	1	Support	bundle-only	meta_op.mix.aiv.c310.bc
4	Support/print-lifecycle	print_scalar_uint16_t_gm	Support/print-lifecycle/print_scalar_uint16_t_gm.mlir	2	Support	Debug/Debug.aic.c310.bc,Debug/Debug.aiv.c310.bc	meta_op.aic.c310.bc,meta_op.aiv.c310.bc
4	Support/print-lifecycle	print_scalar_uint16_t_gm.cube	Support/print-lifecycle/print_scalar_uint16_t_gm.cube.mlir	1	Support	bundle-only	meta_op.mix.aic.c310.bc
4	Support/print-lifecycle	print_scalar_uint16_t_gm.vector	Support/print-lifecycle/print_scalar_uint16_t_gm.vector.mlir	1	Support	bundle-only	meta_op.mix.aiv.c310.bc
4	Support/print-lifecycle	print_scalar_uint16_t_ubuf	Support/print-lifecycle/print_scalar_uint16_t_ubuf.mlir	1	Support	Debug/Debug.aiv.c310.bc	meta_op.aiv.c310.bc
4	Support/print-lifecycle	print_scalar_uint16_t_ubuf.vector	Support/print-lifecycle/print_scalar_uint16_t_ubuf.vector.mlir	1	Support	bundle-only	meta_op.mix.aiv.c310.bc
4	Support/print-lifecycle	print_scalar_uint32_t_gm	Support/print-lifecycle/print_scalar_uint32_t_gm.mlir	2	Support	Debug/Debug.aic.c310.bc,Debug/Debug.aiv.c310.bc	meta_op.aic.c310.bc,meta_op.aiv.c310.bc
4	Support/print-lifecycle	print_scalar_uint32_t_gm.cube	Support/print-lifecycle/print_scalar_uint32_t_gm.cube.mlir	1	Support	bundle-only	meta_op.mix.aic.c310.bc
4	Support/print-lifecycle	print_scalar_uint32_t_gm.vector	Support/print-lifecycle/print_scalar_uint32_t_gm.vector.mlir	1	Support	bundle-only	meta_op.mix.aiv.c310.bc
4	Support/print-lifecycle	print_scalar_uint32_t_ubuf	Support/print-lifecycle/print_scalar_uint32_t_ubuf.mlir	1	Support	Debug/Debug.aiv.c310.bc	meta_op.aiv.c310.bc
4	Support/print-lifecycle	print_scalar_uint32_t_ubuf.vector	Support/print-lifecycle/print_scalar_uint32_t_ubuf.vector.mlir	1	Support	bundle-only	meta_op.mix.aiv.c310.bc
4	Support/print-lifecycle	print_scalar_uint8_t_gm	Support/print-lifecycle/print_scalar_uint8_t_gm.mlir	2	Support	Debug/Debug.aic.c310.bc,Debug/Debug.aiv.c310.bc	meta_op.aic.c310.bc,meta_op.aiv.c310.bc
4	Support/print-lifecycle	print_scalar_uint8_t_gm.cube	Support/print-lifecycle/print_scalar_uint8_t_gm.cube.mlir	1	Support	bundle-only	meta_op.mix.aic.c310.bc
4	Support/print-lifecycle	print_scalar_uint8_t_gm.vector	Support/print-lifecycle/print_scalar_uint8_t_gm.vector.mlir	1	Support	bundle-only	meta_op.mix.aiv.c310.bc
4	Support/print-lifecycle	print_scalar_uint8_t_ubuf	Support/print-lifecycle/print_scalar_uint8_t_ubuf.mlir	1	Support	Debug/Debug.aiv.c310.bc	meta_op.aiv.c310.bc
4	Support/print-lifecycle	print_scalar_uint8_t_ubuf.vector	Support/print-lifecycle/print_scalar_uint8_t_ubuf.vector.mlir	1	Support	bundle-only	meta_op.mix.aiv.c310.bc
4	Support/runtime-sync	free_lock_var	Support/runtime-sync/free_lock_var.mlir	1	Support	bundle-only	meta_op.aiv.c310.bc
4	Support/runtime-sync	free_lock_var_unordered	Support/runtime-sync/free_lock_var_unordered.mlir	1	Support	bundle-only	meta_op.aiv.c310.bc
4	Support/runtime-sync	free_lock_var_with_subblock	Support/runtime-sync/free_lock_var_with_subblock.mlir	1	Support	bundle-only	meta_op.aiv.c310.bc
4	Support/runtime-sync	sync_block_lock	Support/runtime-sync/sync_block_lock.mlir	1	Support	bundle-only	meta_op.aiv.c310.bc
4	Support/runtime-sync	sync_block_lock_unordered	Support/runtime-sync/sync_block_lock_unordered.mlir	1	Support	bundle-only	meta_op.aiv.c310.bc
4	Support/runtime-sync	sync_block_lock_with_subblock	Support/runtime-sync/sync_block_lock_with_subblock.mlir	1	Support	bundle-only	meta_op.aiv.c310.bc
4	Support/runtime-sync	sync_block_unlock	Support/runtime-sync/sync_block_unlock.mlir	1	Support	bundle-only	meta_op.aiv.c310.bc
4	Support/runtime-sync	sync_block_unlock_unordered	Support/runtime-sync/sync_block_unlock_unordered.mlir	1	Support	bundle-only	meta_op.aiv.c310.bc
4	Support/runtime-sync	sync_block_unlock_with_subblock	Support/runtime-sync/sync_block_unlock_with_subblock.mlir	1	Support	bundle-only	meta_op.aiv.c310.bc
4	Support/vector-debug	finish_debug.vector	Support/vector-debug/finish_debug.vector.mlir	1	Support	bundle-only	meta_op.mix.aiv.c310.bc
4	Support/vector-debug	init_debug.vector	Support/vector-debug/init_debug.vector.mlir	1	Support	bundle-only	meta_op.mix.aiv.c310.bc
