order	proposed_mlir_pack	template_symbol	physical_occurrences	domain	source_bitcode	bundles
1	Cube/Copy/copy1d.mlir	load_gm_to_cbuf_1d_bfloat16_t	1	Cube	Cube/Copy1D.aic.c310.bc	meta_op.aic.c310.bc
1	Cube/Copy/copy1d.mlir	load_gm_to_cbuf_1d_float	1	Cube	Cube/Copy1D.aic.c310.bc	meta_op.aic.c310.bc
1	Cube/Copy/copy1d.mlir	load_gm_to_cbuf_1d_half	1	Cube	Cube/Copy1D.aic.c310.bc	meta_op.aic.c310.bc
1	Cube/Copy/copy1d.mlir	load_gm_to_cbuf_1d_int16_t	1	Cube	Cube/Copy1D.aic.c310.bc	meta_op.aic.c310.bc
1	Cube/Copy/copy1d.mlir	load_gm_to_cbuf_1d_int32_t	1	Cube	Cube/Copy1D.aic.c310.bc	meta_op.aic.c310.bc
1	Cube/Copy/copy1d.mlir	load_gm_to_cbuf_1d_int8_t	1	Cube	Cube/Copy1D.aic.c310.bc	meta_op.aic.c310.bc
1	Cube/Copy/copy1d.mlir	load_gm_to_cbuf_1d_uint16_t	1	Cube	Cube/Copy1D.aic.c310.bc	meta_op.aic.c310.bc
1	Cube/Copy/copy1d.mlir	load_gm_to_cbuf_1d_uint32_t	1	Cube	Cube/Copy1D.aic.c310.bc	meta_op.aic.c310.bc
1	Cube/Copy/copy1d.mlir	load_gm_to_cbuf_1d_uint8_t	1	Cube	Cube/Copy1D.aic.c310.bc	meta_op.aic.c310.bc
1	Cube/Copy/l1-to-ub.mlir	l12ub_4d_to_2d_bfloat16_t	1	Cube	Cube/l12ub.aic.c310.bc	meta_op.aic.c310.bc
1	Cube/Copy/l1-to-ub.mlir	l12ub_4d_to_2d_float	1	Cube	Cube/l12ub.aic.c310.bc	meta_op.aic.c310.bc
1	Cube/Copy/l1-to-ub.mlir	l12ub_4d_to_2d_half	1	Cube	Cube/l12ub.aic.c310.bc	meta_op.aic.c310.bc
1	Cube/Copy/l1-to-ub.mlir	l12ub_4d_to_2d_int16_t	1	Cube	Cube/l12ub.aic.c310.bc	meta_op.aic.c310.bc
1	Cube/Copy/l1-to-ub.mlir	l12ub_4d_to_2d_int32_t	1	Cube	Cube/l12ub.aic.c310.bc	meta_op.aic.c310.bc
1	Cube/Copy/l1-to-ub.mlir	l12ub_4d_to_2d_int64_t	1	Cube	Cube/l12ub.aic.c310.bc	meta_op.aic.c310.bc
1	Cube/Copy/l1-to-ub.mlir	l12ub_4d_to_2d_int8_t	1	Cube	Cube/l12ub.aic.c310.bc	meta_op.aic.c310.bc
1	Cube/Copy/l1-to-ub.mlir	l12ub_4d_to_2d_uint16_t	1	Cube	Cube/l12ub.aic.c310.bc	meta_op.aic.c310.bc
1	Cube/Copy/l1-to-ub.mlir	l12ub_4d_to_2d_uint32_t	1	Cube	Cube/l12ub.aic.c310.bc	meta_op.aic.c310.bc
1	Cube/Copy/l1-to-ub.mlir	l12ub_4d_to_2d_uint64_t	1	Cube	Cube/l12ub.aic.c310.bc	meta_op.aic.c310.bc
1	Cube/Copy/l1-to-ub.mlir	l12ub_4d_to_2d_uint8_t	1	Cube	Cube/l12ub.aic.c310.bc	meta_op.aic.c310.bc
1	Cube/Copy/l1-to-ub.mlir	l12ub_5d_to_3d_bfloat16_t	1	Cube	Cube/l12ub.aic.c310.bc	meta_op.aic.c310.bc
1	Cube/Copy/l1-to-ub.mlir	l12ub_5d_to_3d_float	1	Cube	Cube/l12ub.aic.c310.bc	meta_op.aic.c310.bc
1	Cube/Copy/l1-to-ub.mlir	l12ub_5d_to_3d_half	1	Cube	Cube/l12ub.aic.c310.bc	meta_op.aic.c310.bc
1	Cube/Copy/l1-to-ub.mlir	l12ub_5d_to_3d_int16_t	1	Cube	Cube/l12ub.aic.c310.bc	meta_op.aic.c310.bc
1	Cube/Copy/l1-to-ub.mlir	l12ub_5d_to_3d_int32_t	1	Cube	Cube/l12ub.aic.c310.bc	meta_op.aic.c310.bc
1	Cube/Copy/l1-to-ub.mlir	l12ub_5d_to_3d_int64_t	1	Cube	Cube/l12ub.aic.c310.bc	meta_op.aic.c310.bc
1	Cube/Copy/l1-to-ub.mlir	l12ub_5d_to_3d_int8_t	1	Cube	Cube/l12ub.aic.c310.bc	meta_op.aic.c310.bc
1	Cube/Copy/l1-to-ub.mlir	l12ub_5d_to_3d_uint16_t	1	Cube	Cube/l12ub.aic.c310.bc	meta_op.aic.c310.bc
1	Cube/Copy/l1-to-ub.mlir	l12ub_5d_to_3d_uint32_t	1	Cube	Cube/l12ub.aic.c310.bc	meta_op.aic.c310.bc
1	Cube/Copy/l1-to-ub.mlir	l12ub_5d_to_3d_uint64_t	1	Cube	Cube/l12ub.aic.c310.bc	meta_op.aic.c310.bc
1	Cube/Copy/l1-to-ub.mlir	l12ub_5d_to_3d_uint8_t	1	Cube	Cube/l12ub.aic.c310.bc	meta_op.aic.c310.bc
1	Cube/Fixpipe/dual-output.mlir	fixpipe_normal_dual_float_to_bfloat16_t_2d_to_2d_ubuf	1	Cube	Cube/Fixpipe.aic.c310.bc	meta_op.aic.c310.bc
1	Cube/Fixpipe/dual-output.mlir	fixpipe_normal_dual_float_to_float_4d_to_4d_ubuf	1	Cube	Cube/Fixpipe.aic.c310.bc	meta_op.aic.c310.bc
1	Cube/Fixpipe/dual-output.mlir	fixpipe_normal_dual_float_to_half_2d_to_2d_ubuf	1	Cube	Cube/Fixpipe.aic.c310.bc	meta_op.aic.c310.bc
1	Cube/Fixpipe/dual-output.mlir	fixpipe_normal_dual_int32_t_to_int32_t_4d_to_4d_ubuf	1	Cube	Cube/Fixpipe.aic.c310.bc	meta_op.aic.c310.bc
1	Cube/Fixpipe/dual-output.mlir	fixpipe_nz2dn_dual_float_to_bfloat16_t_4d_to_2d_ubuf	1	Cube	Cube/Fixpipe.aic.c310.bc	meta_op.aic.c310.bc
1	Cube/Fixpipe/dual-output.mlir	fixpipe_nz2dn_dual_float_to_float_4d_to_2d_ubuf	1	Cube	Cube/Fixpipe.aic.c310.bc	meta_op.aic.c310.bc
1	Cube/Fixpipe/dual-output.mlir	fixpipe_nz2dn_dual_float_to_half_4d_to_2d_ubuf	1	Cube	Cube/Fixpipe.aic.c310.bc	meta_op.aic.c310.bc
1	Cube/Fixpipe/dual-output.mlir	fixpipe_nz2dn_dual_float_to_int8_t_4d_to_2d_ubuf	1	Cube	Cube/Fixpipe.aic.c310.bc	meta_op.aic.c310.bc
1	Cube/Fixpipe/dual-output.mlir	fixpipe_nz2dn_dual_float_to_uint8_t_4d_to_2d_ubuf	1	Cube	Cube/Fixpipe.aic.c310.bc	meta_op.aic.c310.bc
1	Cube/Fixpipe/dual-output.mlir	fixpipe_nz2dn_dual_int32_t_to_half_4d_to_2d_ubuf	1	Cube	Cube/Fixpipe.aic.c310.bc	meta_op.aic.c310.bc
1	Cube/Fixpipe/dual-output.mlir	fixpipe_nz2dn_dual_int32_t_to_int32_t_4d_to_2d_ubuf	1	Cube	Cube/Fixpipe.aic.c310.bc	meta_op.aic.c310.bc
1	Cube/Fixpipe/dual-output.mlir	fixpipe_nz2dn_dual_int32_t_to_int8_t_4d_to_2d_ubuf	1	Cube	Cube/Fixpipe.aic.c310.bc	meta_op.aic.c310.bc
1	Cube/Fixpipe/dual-output.mlir	fixpipe_nz2dn_dual_int32_t_to_uint8_t_4d_to_2d_ubuf	1	Cube	Cube/Fixpipe.aic.c310.bc	meta_op.aic.c310.bc
1	Cube/Fixpipe/dual-output.mlir	fixpipe_nz2nd_dual_float_to_bfloat16_t_4d_to_2d_ubuf	1	Cube	Cube/Fixpipe.aic.c310.bc	meta_op.aic.c310.bc
1	Cube/Fixpipe/dual-output.mlir	fixpipe_nz2nd_dual_float_to_float_4d_to_2d_ubuf	1	Cube	Cube/Fixpipe.aic.c310.bc	meta_op.aic.c310.bc
1	Cube/Fixpipe/dual-output.mlir	fixpipe_nz2nd_dual_float_to_half_4d_to_2d_ubuf	1	Cube	Cube/Fixpipe.aic.c310.bc	meta_op.aic.c310.bc
1	Cube/Fixpipe/dual-output.mlir	fixpipe_nz2nd_dual_float_to_int8_t_4d_to_2d_ubuf	1	Cube	Cube/Fixpipe.aic.c310.bc	meta_op.aic.c310.bc
1	Cube/Fixpipe/dual-output.mlir	fixpipe_nz2nd_dual_float_to_uint8_t_4d_to_2d_ubuf	1	Cube	Cube/Fixpipe.aic.c310.bc	meta_op.aic.c310.bc
1	Cube/Fixpipe/dual-output.mlir	fixpipe_nz2nd_dual_int32_t_to_half_4d_to_2d_ubuf	1	Cube	Cube/Fixpipe.aic.c310.bc	meta_op.aic.c310.bc
1	Cube/Fixpipe/dual-output.mlir	fixpipe_nz2nd_dual_int32_t_to_int32_t_4d_to_2d_ubuf	1	Cube	Cube/Fixpipe.aic.c310.bc	meta_op.aic.c310.bc
1	Cube/Fixpipe/dual-output.mlir	fixpipe_nz2nd_dual_int32_t_to_int8_t_4d_to_2d_ubuf	1	Cube	Cube/Fixpipe.aic.c310.bc	meta_op.aic.c310.bc
1	Cube/Fixpipe/dual-output.mlir	fixpipe_nz2nd_dual_int32_t_to_uint8_t_4d_to_2d_ubuf	1	Cube	Cube/Fixpipe.aic.c310.bc	meta_op.aic.c310.bc
1	Cube/Fixpipe/normal.mlir	fixpipe_normal_float_to_bfloat16_t_2d_to_2d	1	Cube	Cube/Fixpipe.aic.c310.bc	meta_op.aic.c310.bc
1	Cube/Fixpipe/normal.mlir	fixpipe_normal_float_to_bfloat16_t_2d_to_2d_cbuf	1	Cube	Cube/Fixpipe.aic.c310.bc	meta_op.aic.c310.bc
1	Cube/Fixpipe/normal.mlir	fixpipe_normal_float_to_bfloat16_t_2d_to_2d_gm	1	Cube	Cube/Fixpipe.aic.c310.bc	meta_op.aic.c310.bc
1	Cube/Fixpipe/normal.mlir	fixpipe_normal_float_to_bfloat16_t_2d_to_2d_ubuf	1	Cube	Cube/Fixpipe.aic.c310.bc	meta_op.aic.c310.bc
1	Cube/Fixpipe/normal.mlir	fixpipe_normal_float_to_bfloat16_t_4d_to_4d_cbuf	1	Cube	Cube/Fixpipe.aic.c310.bc	meta_op.aic.c310.bc
1	Cube/Fixpipe/normal.mlir	fixpipe_normal_float_to_bfloat16_t_4d_to_4d_gm	1	Cube	Cube/Fixpipe.aic.c310.bc	meta_op.aic.c310.bc
1	Cube/Fixpipe/normal.mlir	fixpipe_normal_float_to_bfloat16_t_4d_to_4d_ubuf	1	Cube	Cube/Fixpipe.aic.c310.bc	meta_op.aic.c310.bc
1	Cube/Fixpipe/normal.mlir	fixpipe_normal_float_to_float_4d_to_4d_cbuf	1	Cube	Cube/Fixpipe.aic.c310.bc	meta_op.aic.c310.bc
1	Cube/Fixpipe/normal.mlir	fixpipe_normal_float_to_float_4d_to_4d_gm	1	Cube	Cube/Fixpipe.aic.c310.bc	meta_op.aic.c310.bc
1	Cube/Fixpipe/normal.mlir	fixpipe_normal_float_to_float_4d_to_4d_ubuf	1	Cube	Cube/Fixpipe.aic.c310.bc	meta_op.aic.c310.bc
1	Cube/Fixpipe/normal.mlir	fixpipe_normal_float_to_half_2d_to_2d	1	Cube	Cube/Fixpipe.aic.c310.bc	meta_op.aic.c310.bc
1	Cube/Fixpipe/normal.mlir	fixpipe_normal_float_to_half_2d_to_2d_cbuf	1	Cube	Cube/Fixpipe.aic.c310.bc	meta_op.aic.c310.bc
1	Cube/Fixpipe/normal.mlir	fixpipe_normal_float_to_half_2d_to_2d_gm	1	Cube	Cube/Fixpipe.aic.c310.bc	meta_op.aic.c310.bc
1	Cube/Fixpipe/normal.mlir	fixpipe_normal_float_to_half_2d_to_2d_ubuf	1	Cube	Cube/Fixpipe.aic.c310.bc	meta_op.aic.c310.bc
1	Cube/Fixpipe/normal.mlir	fixpipe_normal_float_to_half_4d_to_4d_cbuf	1	Cube	Cube/Fixpipe.aic.c310.bc	meta_op.aic.c310.bc
1	Cube/Fixpipe/normal.mlir	fixpipe_normal_float_to_half_4d_to_4d_gm	1	Cube	Cube/Fixpipe.aic.c310.bc	meta_op.aic.c310.bc
1	Cube/Fixpipe/normal.mlir	fixpipe_normal_float_to_half_4d_to_4d_ubuf	1	Cube	Cube/Fixpipe.aic.c310.bc	meta_op.aic.c310.bc
1	Cube/Fixpipe/normal.mlir	fixpipe_normal_int32_t_to_int32_t_4d_to_4d_cbuf	1	Cube	Cube/Fixpipe.aic.c310.bc	meta_op.aic.c310.bc
1	Cube/Fixpipe/normal.mlir	fixpipe_normal_int32_t_to_int32_t_4d_to_4d_ubuf	1	Cube	Cube/Fixpipe.aic.c310.bc	meta_op.aic.c310.bc
1	Cube/Fixpipe/normal.mlir	fixpipe_normal_int32_t_to_int8_t_4d_to_4d_cbuf	1	Cube	Cube/Fixpipe.aic.c310.bc	meta_op.aic.c310.bc
1	Cube/Fixpipe/nz2dn.mlir	fixpipe_nz2dn_float_to_bfloat16_t_4d_to_2d_cbuf	1	Cube	Cube/Fixpipe.aic.c310.bc	meta_op.aic.c310.bc
1	Cube/Fixpipe/nz2dn.mlir	fixpipe_nz2dn_float_to_bfloat16_t_4d_to_2d_gm	1	Cube	Cube/Fixpipe.aic.c310.bc	meta_op.aic.c310.bc
1	Cube/Fixpipe/nz2dn.mlir	fixpipe_nz2dn_float_to_bfloat16_t_4d_to_2d_ubuf	1	Cube	Cube/Fixpipe.aic.c310.bc	meta_op.aic.c310.bc
1	Cube/Fixpipe/nz2dn.mlir	fixpipe_nz2dn_float_to_float_4d_to_2d_gm	1	Cube	Cube/Fixpipe.aic.c310.bc	meta_op.aic.c310.bc
1	Cube/Fixpipe/nz2dn.mlir	fixpipe_nz2dn_float_to_float_4d_to_2d_ubuf	1	Cube	Cube/Fixpipe.aic.c310.bc	meta_op.aic.c310.bc
1	Cube/Fixpipe/nz2dn.mlir	fixpipe_nz2dn_float_to_half_4d_to_2d_cbuf	1	Cube	Cube/Fixpipe.aic.c310.bc	meta_op.aic.c310.bc
1	Cube/Fixpipe/nz2dn.mlir	fixpipe_nz2dn_float_to_half_4d_to_2d_gm	1	Cube	Cube/Fixpipe.aic.c310.bc	meta_op.aic.c310.bc
1	Cube/Fixpipe/nz2dn.mlir	fixpipe_nz2dn_float_to_half_4d_to_2d_ubuf	1	Cube	Cube/Fixpipe.aic.c310.bc	meta_op.aic.c310.bc
1	Cube/Fixpipe/nz2dn.mlir	fixpipe_nz2dn_float_to_int8_t_4d_to_2d_ubuf	1	Cube	Cube/Fixpipe.aic.c310.bc	meta_op.aic.c310.bc
1	Cube/Fixpipe/nz2dn.mlir	fixpipe_nz2dn_float_to_uint8_t_4d_to_2d_ubuf	1	Cube	Cube/Fixpipe.aic.c310.bc	meta_op.aic.c310.bc
1	Cube/Fixpipe/nz2dn.mlir	fixpipe_nz2dn_int32_t_to_half_4d_to_2d_ubuf	1	Cube	Cube/Fixpipe.aic.c310.bc	meta_op.aic.c310.bc
1	Cube/Fixpipe/nz2dn.mlir	fixpipe_nz2dn_int32_t_to_int32_t_4d_to_2d_gm	1	Cube	Cube/Fixpipe.aic.c310.bc	meta_op.aic.c310.bc
1	Cube/Fixpipe/nz2dn.mlir	fixpipe_nz2dn_int32_t_to_int32_t_4d_to_2d_ubuf	1	Cube	Cube/Fixpipe.aic.c310.bc	meta_op.aic.c310.bc
1	Cube/Fixpipe/nz2dn.mlir	fixpipe_nz2dn_int32_t_to_int8_t_4d_to_2d_ubuf	1	Cube	Cube/Fixpipe.aic.c310.bc	meta_op.aic.c310.bc
1	Cube/Fixpipe/nz2dn.mlir	fixpipe_nz2dn_int32_t_to_uint8_t_4d_to_2d_ubuf	1	Cube	Cube/Fixpipe.aic.c310.bc	meta_op.aic.c310.bc
1	Cube/Fixpipe/nz2nd.mlir	fixpipe_nz2nd_float_to_bfloat16_t_4d_to_2d	1	Cube	Cube/Fixpipe.aic.c310.bc	meta_op.aic.c310.bc
1	Cube/Fixpipe/nz2nd.mlir	fixpipe_nz2nd_float_to_bfloat16_t_4d_to_2d_cbuf	1	Cube	Cube/Fixpipe.aic.c310.bc	meta_op.aic.c310.bc
1	Cube/Fixpipe/nz2nd.mlir	fixpipe_nz2nd_float_to_bfloat16_t_4d_to_2d_gm	1	Cube	Cube/Fixpipe.aic.c310.bc	meta_op.aic.c310.bc
1	Cube/Fixpipe/nz2nd.mlir	fixpipe_nz2nd_float_to_bfloat16_t_4d_to_2d_ubuf	1	Cube	Cube/Fixpipe.aic.c310.bc	meta_op.aic.c310.bc
1	Cube/Fixpipe/nz2nd.mlir	fixpipe_nz2nd_float_to_float_4d_to_2d	1	Cube	Cube/Fixpipe.aic.c310.bc	meta_op.aic.c310.bc
1	Cube/Fixpipe/nz2nd.mlir	fixpipe_nz2nd_float_to_float_4d_to_2d_cbuf	1	Cube	Cube/Fixpipe.aic.c310.bc	meta_op.aic.c310.bc
1	Cube/Fixpipe/nz2nd.mlir	fixpipe_nz2nd_float_to_float_4d_to_2d_gm	1	Cube	Cube/Fixpipe.aic.c310.bc	meta_op.aic.c310.bc
1	Cube/Fixpipe/nz2nd.mlir	fixpipe_nz2nd_float_to_float_4d_to_2d_ubuf	1	Cube	Cube/Fixpipe.aic.c310.bc	meta_op.aic.c310.bc
1	Cube/Fixpipe/nz2nd.mlir	fixpipe_nz2nd_float_to_half_4d_to_2d	1	Cube	Cube/Fixpipe.aic.c310.bc	meta_op.aic.c310.bc
1	Cube/Fixpipe/nz2nd.mlir	fixpipe_nz2nd_float_to_half_4d_to_2d_cbuf	1	Cube	Cube/Fixpipe.aic.c310.bc	meta_op.aic.c310.bc
1	Cube/Fixpipe/nz2nd.mlir	fixpipe_nz2nd_float_to_half_4d_to_2d_gm	1	Cube	Cube/Fixpipe.aic.c310.bc	meta_op.aic.c310.bc
1	Cube/Fixpipe/nz2nd.mlir	fixpipe_nz2nd_float_to_half_4d_to_2d_ubuf	1	Cube	Cube/Fixpipe.aic.c310.bc	meta_op.aic.c310.bc
1	Cube/Fixpipe/nz2nd.mlir	fixpipe_nz2nd_float_to_int8_t_4d_to_2d_cbuf	1	Cube	Cube/Fixpipe.aic.c310.bc	meta_op.aic.c310.bc
1	Cube/Fixpipe/nz2nd.mlir	fixpipe_nz2nd_float_to_int8_t_4d_to_2d_ubuf	1	Cube	Cube/Fixpipe.aic.c310.bc	meta_op.aic.c310.bc
1	Cube/Fixpipe/nz2nd.mlir	fixpipe_nz2nd_float_to_uint8_t_4d_to_2d_cbuf	1	Cube	Cube/Fixpipe.aic.c310.bc	meta_op.aic.c310.bc
1	Cube/Fixpipe/nz2nd.mlir	fixpipe_nz2nd_float_to_uint8_t_4d_to_2d_ubuf	1	Cube	Cube/Fixpipe.aic.c310.bc	meta_op.aic.c310.bc
1	Cube/Fixpipe/nz2nd.mlir	fixpipe_nz2nd_int32_t_to_half_4d_to_2d	1	Cube	Cube/Fixpipe.aic.c310.bc	meta_op.aic.c310.bc
1	Cube/Fixpipe/nz2nd.mlir	fixpipe_nz2nd_int32_t_to_half_4d_to_2d_cbuf	1	Cube	Cube/Fixpipe.aic.c310.bc	meta_op.aic.c310.bc
1	Cube/Fixpipe/nz2nd.mlir	fixpipe_nz2nd_int32_t_to_half_4d_to_2d_gm	1	Cube	Cube/Fixpipe.aic.c310.bc	meta_op.aic.c310.bc
1	Cube/Fixpipe/nz2nd.mlir	fixpipe_nz2nd_int32_t_to_half_4d_to_2d_ubuf	1	Cube	Cube/Fixpipe.aic.c310.bc	meta_op.aic.c310.bc
1	Cube/Fixpipe/nz2nd.mlir	fixpipe_nz2nd_int32_t_to_int32_t_4d_to_2d	1	Cube	Cube/Fixpipe.aic.c310.bc	meta_op.aic.c310.bc
1	Cube/Fixpipe/nz2nd.mlir	fixpipe_nz2nd_int32_t_to_int32_t_4d_to_2d_cbuf	1	Cube	Cube/Fixpipe.aic.c310.bc	meta_op.aic.c310.bc
1	Cube/Fixpipe/nz2nd.mlir	fixpipe_nz2nd_int32_t_to_int32_t_4d_to_2d_gm	1	Cube	Cube/Fixpipe.aic.c310.bc	meta_op.aic.c310.bc
1	Cube/Fixpipe/nz2nd.mlir	fixpipe_nz2nd_int32_t_to_int32_t_4d_to_2d_ubuf	1	Cube	Cube/Fixpipe.aic.c310.bc	meta_op.aic.c310.bc
1	Cube/Fixpipe/nz2nd.mlir	fixpipe_nz2nd_int32_t_to_int8_t_4d_to_2d	1	Cube	Cube/Fixpipe.aic.c310.bc	meta_op.aic.c310.bc
1	Cube/Fixpipe/nz2nd.mlir	fixpipe_nz2nd_int32_t_to_int8_t_4d_to_2d_cbuf	1	Cube	Cube/Fixpipe.aic.c310.bc	meta_op.aic.c310.bc
1	Cube/Fixpipe/nz2nd.mlir	fixpipe_nz2nd_int32_t_to_int8_t_4d_to_2d_gm	1	Cube	Cube/Fixpipe.aic.c310.bc	meta_op.aic.c310.bc
1	Cube/Fixpipe/nz2nd.mlir	fixpipe_nz2nd_int32_t_to_int8_t_4d_to_2d_ubuf	1	Cube	Cube/Fixpipe.aic.c310.bc	meta_op.aic.c310.bc
1	Cube/Fixpipe/nz2nd.mlir	fixpipe_nz2nd_int32_t_to_uint8_t_4d_to_2d_cbuf	1	Cube	Cube/Fixpipe.aic.c310.bc	meta_op.aic.c310.bc
1	Cube/Fixpipe/nz2nd.mlir	fixpipe_nz2nd_int32_t_to_uint8_t_4d_to_2d_ubuf	1	Cube	Cube/Fixpipe.aic.c310.bc	meta_op.aic.c310.bc
1	Cube/GlobalMmad/classic-float.mlir	matmul_Xbias_Xdescale_XtransposeA_XtransposeB_TAhalf_TBhalf_TChalf	1	Cube	Cube/GlobalMmad.aic.c310.bc	meta_op.aic.c310.bc
1	Cube/GlobalMmad/classic-float.mlir	matmul_Xbias_Xdescale_XtransposeA_transposeB_TAhalf_TBhalf_TChalf	1	Cube	Cube/GlobalMmad.aic.c310.bc	meta_op.aic.c310.bc
1	Cube/GlobalMmad/classic-float.mlir	matmul_Xbias_Xdescale_transposeA_XtransposeB_TAhalf_TBhalf_TChalf	1	Cube	Cube/GlobalMmad.aic.c310.bc	meta_op.aic.c310.bc
1	Cube/GlobalMmad/classic-float.mlir	matmul_Xbias_Xdescale_transposeA_transposeB_TAhalf_TBhalf_TChalf	1	Cube	Cube/GlobalMmad.aic.c310.bc	meta_op.aic.c310.bc
1	Cube/GlobalMmad/integer.mlir	matmul_Xbias_Xdescale_XtransposeA_XtransposeB_TAint8_t_TBint8_t_TChalf	1	Cube	Cube/GlobalMmad.aic.c310.bc	meta_op.aic.c310.bc
1	Cube/GlobalMmad/integer.mlir	matmul_Xbias_Xdescale_XtransposeA_transposeB_TAint8_t_TBint8_t_TChalf	1	Cube	Cube/GlobalMmad.aic.c310.bc	meta_op.aic.c310.bc
1	Cube/GlobalMmad/integer.mlir	matmul_Xbias_Xdescale_transposeA_XtransposeB_TAint8_t_TBint8_t_TChalf	1	Cube	Cube/GlobalMmad.aic.c310.bc	meta_op.aic.c310.bc
1	Cube/GlobalMmad/integer.mlir	matmul_Xbias_Xdescale_transposeA_transposeB_TAint8_t_TBint8_t_TChalf	1	Cube	Cube/GlobalMmad.aic.c310.bc	meta_op.aic.c310.bc
1	Cube/MmadL1/bias.mlir	mma_tile_with_float_bias_bfloat16_t_to_float	1	Cube	Cube/LocalMmad.aic.c310.bc	meta_op.aic.c310.bc
1	Cube/MmadL1/bias.mlir	mma_tile_with_float_bias_bfloat16_t_to_float_ta	1	Cube	Cube/LocalMmad.aic.c310.bc	meta_op.aic.c310.bc
1	Cube/MmadL1/bias.mlir	mma_tile_with_float_bias_bfloat16_t_to_float_ta_tb	1	Cube	Cube/LocalMmad.aic.c310.bc	meta_op.aic.c310.bc
1	Cube/MmadL1/bias.mlir	mma_tile_with_float_bias_bfloat16_t_to_float_tb	1	Cube	Cube/LocalMmad.aic.c310.bc	meta_op.aic.c310.bc
1	Cube/MmadL1/bias.mlir	mma_tile_with_float_bias_float8_e4m3_t_to_float	1	Cube	Cube/LocalMmad.aic.c310.bc	meta_op.aic.c310.bc
1	Cube/MmadL1/bias.mlir	mma_tile_with_float_bias_float8_e4m3_t_to_float_ta	1	Cube	Cube/LocalMmad.aic.c310.bc	meta_op.aic.c310.bc
1	Cube/MmadL1/bias.mlir	mma_tile_with_float_bias_float8_e4m3_t_to_float_ta_tb	1	Cube	Cube/LocalMmad.aic.c310.bc	meta_op.aic.c310.bc
1	Cube/MmadL1/bias.mlir	mma_tile_with_float_bias_float8_e4m3_t_to_float_tb	1	Cube	Cube/LocalMmad.aic.c310.bc	meta_op.aic.c310.bc
1	Cube/MmadL1/bias.mlir	mma_tile_with_float_bias_float8_e5m2_t_to_float	1	Cube	Cube/LocalMmad.aic.c310.bc	meta_op.aic.c310.bc
1	Cube/MmadL1/bias.mlir	mma_tile_with_float_bias_float8_e5m2_t_to_float_ta	1	Cube	Cube/LocalMmad.aic.c310.bc	meta_op.aic.c310.bc
1	Cube/MmadL1/bias.mlir	mma_tile_with_float_bias_float8_e5m2_t_to_float_ta_tb	1	Cube	Cube/LocalMmad.aic.c310.bc	meta_op.aic.c310.bc
1	Cube/MmadL1/bias.mlir	mma_tile_with_float_bias_float8_e5m2_t_to_float_tb	1	Cube	Cube/LocalMmad.aic.c310.bc	meta_op.aic.c310.bc
1	Cube/MmadL1/bias.mlir	mma_tile_with_float_bias_float_to_float	1	Cube	Cube/LocalMmad.aic.c310.bc	meta_op.aic.c310.bc
1	Cube/MmadL1/bias.mlir	mma_tile_with_float_bias_float_to_float_hf32	1	Cube	Cube/LocalMmad.aic.c310.bc	meta_op.aic.c310.bc
1	Cube/MmadL1/bias.mlir	mma_tile_with_float_bias_float_to_float_ta	1	Cube	Cube/LocalMmad.aic.c310.bc	meta_op.aic.c310.bc
1	Cube/MmadL1/bias.mlir	mma_tile_with_float_bias_float_to_float_ta_hf32	1	Cube	Cube/LocalMmad.aic.c310.bc	meta_op.aic.c310.bc
1	Cube/MmadL1/bias.mlir	mma_tile_with_float_bias_float_to_float_ta_tb	1	Cube	Cube/LocalMmad.aic.c310.bc	meta_op.aic.c310.bc
1	Cube/MmadL1/bias.mlir	mma_tile_with_float_bias_float_to_float_ta_tb_hf32	1	Cube	Cube/LocalMmad.aic.c310.bc	meta_op.aic.c310.bc
1	Cube/MmadL1/bias.mlir	mma_tile_with_float_bias_float_to_float_tb	1	Cube	Cube/LocalMmad.aic.c310.bc	meta_op.aic.c310.bc
1	Cube/MmadL1/bias.mlir	mma_tile_with_float_bias_float_to_float_tb_hf32	1	Cube	Cube/LocalMmad.aic.c310.bc	meta_op.aic.c310.bc
1	Cube/MmadL1/bias.mlir	mma_tile_with_float_bias_half_to_float	1	Cube	Cube/LocalMmad.aic.c310.bc	meta_op.aic.c310.bc
1	Cube/MmadL1/bias.mlir	mma_tile_with_float_bias_half_to_float_ta	1	Cube	Cube/LocalMmad.aic.c310.bc	meta_op.aic.c310.bc
1	Cube/MmadL1/bias.mlir	mma_tile_with_float_bias_half_to_float_ta_tb	1	Cube	Cube/LocalMmad.aic.c310.bc	meta_op.aic.c310.bc
1	Cube/MmadL1/bias.mlir	mma_tile_with_float_bias_half_to_float_tb	1	Cube	Cube/LocalMmad.aic.c310.bc	meta_op.aic.c310.bc
1	Cube/MmadL1/bias.mlir	mma_tile_with_half_bias_bfloat16_t_to_float	1	Cube	Cube/LocalMmad.aic.c310.bc	meta_op.aic.c310.bc
1	Cube/MmadL1/bias.mlir	mma_tile_with_half_bias_bfloat16_t_to_float_ta	1	Cube	Cube/LocalMmad.aic.c310.bc	meta_op.aic.c310.bc
1	Cube/MmadL1/bias.mlir	mma_tile_with_half_bias_bfloat16_t_to_float_ta_tb	1	Cube	Cube/LocalMmad.aic.c310.bc	meta_op.aic.c310.bc
1	Cube/MmadL1/bias.mlir	mma_tile_with_half_bias_bfloat16_t_to_float_tb	1	Cube	Cube/LocalMmad.aic.c310.bc	meta_op.aic.c310.bc
1	Cube/MmadL1/bias.mlir	mma_tile_with_half_bias_float8_e4m3_t_to_float	1	Cube	Cube/LocalMmad.aic.c310.bc	meta_op.aic.c310.bc
1	Cube/MmadL1/bias.mlir	mma_tile_with_half_bias_float8_e4m3_t_to_float_ta	1	Cube	Cube/LocalMmad.aic.c310.bc	meta_op.aic.c310.bc
1	Cube/MmadL1/bias.mlir	mma_tile_with_half_bias_float8_e4m3_t_to_float_ta_tb	1	Cube	Cube/LocalMmad.aic.c310.bc	meta_op.aic.c310.bc
1	Cube/MmadL1/bias.mlir	mma_tile_with_half_bias_float8_e4m3_t_to_float_tb	1	Cube	Cube/LocalMmad.aic.c310.bc	meta_op.aic.c310.bc
1	Cube/MmadL1/bias.mlir	mma_tile_with_half_bias_float8_e5m2_t_to_float	1	Cube	Cube/LocalMmad.aic.c310.bc	meta_op.aic.c310.bc
1	Cube/MmadL1/bias.mlir	mma_tile_with_half_bias_float8_e5m2_t_to_float_ta	1	Cube	Cube/LocalMmad.aic.c310.bc	meta_op.aic.c310.bc
1	Cube/MmadL1/bias.mlir	mma_tile_with_half_bias_float8_e5m2_t_to_float_ta_tb	1	Cube	Cube/LocalMmad.aic.c310.bc	meta_op.aic.c310.bc
1	Cube/MmadL1/bias.mlir	mma_tile_with_half_bias_float8_e5m2_t_to_float_tb	1	Cube	Cube/LocalMmad.aic.c310.bc	meta_op.aic.c310.bc
1	Cube/MmadL1/bias.mlir	mma_tile_with_half_bias_float_to_float	1	Cube	Cube/LocalMmad.aic.c310.bc	meta_op.aic.c310.bc
1	Cube/MmadL1/bias.mlir	mma_tile_with_half_bias_float_to_float_ta_tb	1	Cube	Cube/LocalMmad.aic.c310.bc	meta_op.aic.c310.bc
1	Cube/MmadL1/bias.mlir	mma_tile_with_half_bias_float_to_float_tb	1	Cube	Cube/LocalMmad.aic.c310.bc	meta_op.aic.c310.bc
1	Cube/MmadL1/bias.mlir	mma_tile_with_half_bias_half_to_float	1	Cube	Cube/LocalMmad.aic.c310.bc	meta_op.aic.c310.bc
1	Cube/MmadL1/bias.mlir	mma_tile_with_half_bias_half_to_float_ta	1	Cube	Cube/LocalMmad.aic.c310.bc	meta_op.aic.c310.bc
1	Cube/MmadL1/bias.mlir	mma_tile_with_half_bias_half_to_float_ta_tb	1	Cube	Cube/LocalMmad.aic.c310.bc	meta_op.aic.c310.bc
1	Cube/MmadL1/bias.mlir	mma_tile_with_half_bias_half_to_float_tb	1	Cube	Cube/LocalMmad.aic.c310.bc	meta_op.aic.c310.bc
1	Cube/MmadL1/bias.mlir	mma_tile_with_int32_t_bias_int8_t_to_int32_t	1	Cube	Cube/LocalMmad.aic.c310.bc	meta_op.aic.c310.bc
1	Cube/MmadL1/bias.mlir	mma_tile_with_int32_t_bias_int8_t_to_int32_t_ta	1	Cube	Cube/LocalMmad.aic.c310.bc	meta_op.aic.c310.bc
1	Cube/MmadL1/bias.mlir	mma_tile_with_int32_t_bias_int8_t_to_int32_t_ta_tb	1	Cube	Cube/LocalMmad.aic.c310.bc	meta_op.aic.c310.bc
1	Cube/MmadL1/bias.mlir	mma_tile_with_int32_t_bias_int8_t_to_int32_t_tb	1	Cube	Cube/LocalMmad.aic.c310.bc	meta_op.aic.c310.bc
1	Cube/MmadL1/bias.mlir	mmadmxL1_with_float_bias_float8_e4m3_t_to_float	1	Cube	Cube/LocalMmadMx.aic.c310.bc	meta_op.aic.c310.bc
1	Cube/MmadL1/bias.mlir	mmadmxL1_with_float_bias_float8_e4m3_t_to_float_ta	1	Cube	Cube/LocalMmadMx.aic.c310.bc	meta_op.aic.c310.bc
1	Cube/MmadL1/bias.mlir	mmadmxL1_with_float_bias_float8_e4m3_t_to_float_ta_tb	1	Cube	Cube/LocalMmadMx.aic.c310.bc	meta_op.aic.c310.bc
1	Cube/MmadL1/bias.mlir	mmadmxL1_with_float_bias_float8_e4m3_t_to_float_tb	1	Cube	Cube/LocalMmadMx.aic.c310.bc	meta_op.aic.c310.bc
1	Cube/MmadL1/bias.mlir	mmadmxL1_with_float_bias_float8_e5m2_t_to_float	1	Cube	Cube/LocalMmadMx.aic.c310.bc	meta_op.aic.c310.bc
1	Cube/MmadL1/bias.mlir	mmadmxL1_with_float_bias_float8_e5m2_t_to_float_ta	1	Cube	Cube/LocalMmadMx.aic.c310.bc	meta_op.aic.c310.bc
1	Cube/MmadL1/bias.mlir	mmadmxL1_with_float_bias_float8_e5m2_t_to_float_ta_tb	1	Cube	Cube/LocalMmadMx.aic.c310.bc	meta_op.aic.c310.bc
1	Cube/MmadL1/bias.mlir	mmadmxL1_with_float_bias_float8_e5m2_t_to_float_tb	1	Cube	Cube/LocalMmadMx.aic.c310.bc	meta_op.aic.c310.bc
1	Cube/MmadL1/bias.mlir	mmadmxL1_with_float_bias_int8_t_to_float_lhs_format_fp4x2_e2m1_t_rhs_format_fp4x2_e2m1_t	1	Cube	Cube/LocalMmadMx.aic.c310.bc	meta_op.aic.c310.bc
1	Cube/MmadL1/bias.mlir	mmadmxL1_with_float_bias_int8_t_to_float_lhs_format_fp8_e4m3_t_rhs_format_fp8_e4m3_t	1	Cube	Cube/LocalMmadMx.aic.c310.bc	meta_op.aic.c310.bc
1	Cube/MmadL1/bias.mlir	mmadmxL1_with_float_bias_int8_t_to_float_lhs_format_fp8_e4m3_t_rhs_format_fp8_e5m2_t	1	Cube	Cube/LocalMmadMx.aic.c310.bc	meta_op.aic.c310.bc
1	Cube/MmadL1/bias.mlir	mmadmxL1_with_float_bias_int8_t_to_float_lhs_format_fp8_e5m2_t_rhs_format_fp8_e4m3_t	1	Cube	Cube/LocalMmadMx.aic.c310.bc	meta_op.aic.c310.bc
1	Cube/MmadL1/bias.mlir	mmadmxL1_with_float_bias_int8_t_to_float_lhs_format_fp8_e5m2_t_rhs_format_fp8_e5m2_t	1	Cube	Cube/LocalMmadMx.aic.c310.bc	meta_op.aic.c310.bc
1	Cube/MmadL1/bias.mlir	mmadmxL1_with_float_bias_int8_t_to_float_ta_lhs_format_fp4x2_e2m1_t_rhs_format_fp4x2_e2m1_t	1	Cube	Cube/LocalMmadMx.aic.c310.bc	meta_op.aic.c310.bc
1	Cube/MmadL1/bias.mlir	mmadmxL1_with_float_bias_int8_t_to_float_ta_lhs_format_fp8_e4m3_t_rhs_format_fp8_e4m3_t	1	Cube	Cube/LocalMmadMx.aic.c310.bc	meta_op.aic.c310.bc
1	Cube/MmadL1/bias.mlir	mmadmxL1_with_float_bias_int8_t_to_float_ta_lhs_format_fp8_e4m3_t_rhs_format_fp8_e5m2_t	1	Cube	Cube/LocalMmadMx.aic.c310.bc	meta_op.aic.c310.bc
1	Cube/MmadL1/bias.mlir	mmadmxL1_with_float_bias_int8_t_to_float_ta_lhs_format_fp8_e5m2_t_rhs_format_fp8_e4m3_t	1	Cube	Cube/LocalMmadMx.aic.c310.bc	meta_op.aic.c310.bc
1	Cube/MmadL1/bias.mlir	mmadmxL1_with_float_bias_int8_t_to_float_ta_lhs_format_fp8_e5m2_t_rhs_format_fp8_e5m2_t	1	Cube	Cube/LocalMmadMx.aic.c310.bc	meta_op.aic.c310.bc
1	Cube/MmadL1/bias.mlir	mmadmxL1_with_float_bias_int8_t_to_float_ta_tb_lhs_format_fp4x2_e2m1_t_rhs_format_fp4x2_e2m1_t	1	Cube	Cube/LocalMmadMx.aic.c310.bc	meta_op.aic.c310.bc
1	Cube/MmadL1/bias.mlir	mmadmxL1_with_float_bias_int8_t_to_float_ta_tb_lhs_format_fp8_e4m3_t_rhs_format_fp8_e4m3_t	1	Cube	Cube/LocalMmadMx.aic.c310.bc	meta_op.aic.c310.bc
1	Cube/MmadL1/bias.mlir	mmadmxL1_with_float_bias_int8_t_to_float_ta_tb_lhs_format_fp8_e4m3_t_rhs_format_fp8_e5m2_t	1	Cube	Cube/LocalMmadMx.aic.c310.bc	meta_op.aic.c310.bc
1	Cube/MmadL1/bias.mlir	mmadmxL1_with_float_bias_int8_t_to_float_ta_tb_lhs_format_fp8_e5m2_t_rhs_format_fp8_e4m3_t	1	Cube	Cube/LocalMmadMx.aic.c310.bc	meta_op.aic.c310.bc
1	Cube/MmadL1/bias.mlir	mmadmxL1_with_float_bias_int8_t_to_float_ta_tb_lhs_format_fp8_e5m2_t_rhs_format_fp8_e5m2_t	1	Cube	Cube/LocalMmadMx.aic.c310.bc	meta_op.aic.c310.bc
1	Cube/MmadL1/bias.mlir	mmadmxL1_with_float_bias_int8_t_to_float_tb_lhs_format_fp4x2_e2m1_t_rhs_format_fp4x2_e2m1_t	1	Cube	Cube/LocalMmadMx.aic.c310.bc	meta_op.aic.c310.bc
1	Cube/MmadL1/bias.mlir	mmadmxL1_with_float_bias_int8_t_to_float_tb_lhs_format_fp8_e4m3_t_rhs_format_fp8_e4m3_t	1	Cube	Cube/LocalMmadMx.aic.c310.bc	meta_op.aic.c310.bc
1	Cube/MmadL1/bias.mlir	mmadmxL1_with_float_bias_int8_t_to_float_tb_lhs_format_fp8_e4m3_t_rhs_format_fp8_e5m2_t	1	Cube	Cube/LocalMmadMx.aic.c310.bc	meta_op.aic.c310.bc
1	Cube/MmadL1/bias.mlir	mmadmxL1_with_float_bias_int8_t_to_float_tb_lhs_format_fp8_e5m2_t_rhs_format_fp8_e4m3_t	1	Cube	Cube/LocalMmadMx.aic.c310.bc	meta_op.aic.c310.bc
1	Cube/MmadL1/bias.mlir	mmadmxL1_with_float_bias_int8_t_to_float_tb_lhs_format_fp8_e5m2_t_rhs_format_fp8_e5m2_t	1	Cube	Cube/LocalMmadMx.aic.c310.bc	meta_op.aic.c310.bc
1	Cube/MmadL1/classic-float.mlir	mma_tile_bfloat16_t_to_float	1	Cube	Cube/LocalMmad.aic.c310.bc	meta_op.aic.c310.bc
1	Cube/MmadL1/classic-float.mlir	mma_tile_bfloat16_t_to_float_ta	1	Cube	Cube/LocalMmad.aic.c310.bc	meta_op.aic.c310.bc
1	Cube/MmadL1/classic-float.mlir	mma_tile_bfloat16_t_to_float_ta_tb	1	Cube	Cube/LocalMmad.aic.c310.bc	meta_op.aic.c310.bc
1	Cube/MmadL1/classic-float.mlir	mma_tile_bfloat16_t_to_float_tb	1	Cube	Cube/LocalMmad.aic.c310.bc	meta_op.aic.c310.bc
1	Cube/MmadL1/classic-float.mlir	mma_tile_half_to_float	1	Cube	Cube/LocalMmad.aic.c310.bc	meta_op.aic.c310.bc
1	Cube/MmadL1/classic-float.mlir	mma_tile_half_to_float_ta	1	Cube	Cube/LocalMmad.aic.c310.bc	meta_op.aic.c310.bc
1	Cube/MmadL1/classic-float.mlir	mma_tile_half_to_float_ta_tb	1	Cube	Cube/LocalMmad.aic.c310.bc	meta_op.aic.c310.bc
1	Cube/MmadL1/classic-float.mlir	mma_tile_half_to_float_tb	1	Cube	Cube/LocalMmad.aic.c310.bc	meta_op.aic.c310.bc
1	Cube/MmadL1/fp32-ieee-hf32.mlir	mma_tile_float_to_float	1	Cube	Cube/LocalMmad.aic.c310.bc	meta_op.aic.c310.bc
1	Cube/MmadL1/fp32-ieee-hf32.mlir	mma_tile_float_to_float_hf32	1	Cube	Cube/LocalMmad.aic.c310.bc	meta_op.aic.c310.bc
1	Cube/MmadL1/fp32-ieee-hf32.mlir	mma_tile_float_to_float_ta	1	Cube	Cube/LocalMmad.aic.c310.bc	meta_op.aic.c310.bc
1	Cube/MmadL1/fp32-ieee-hf32.mlir	mma_tile_float_to_float_ta_hf32	1	Cube	Cube/LocalMmad.aic.c310.bc	meta_op.aic.c310.bc
1	Cube/MmadL1/fp32-ieee-hf32.mlir	mma_tile_float_to_float_ta_tb	1	Cube	Cube/LocalMmad.aic.c310.bc	meta_op.aic.c310.bc
1	Cube/MmadL1/fp32-ieee-hf32.mlir	mma_tile_float_to_float_ta_tb_hf32	1	Cube	Cube/LocalMmad.aic.c310.bc	meta_op.aic.c310.bc
1	Cube/MmadL1/fp32-ieee-hf32.mlir	mma_tile_float_to_float_tb	1	Cube	Cube/LocalMmad.aic.c310.bc	meta_op.aic.c310.bc
1	Cube/MmadL1/fp32-ieee-hf32.mlir	mma_tile_float_to_float_tb_hf32	1	Cube	Cube/LocalMmad.aic.c310.bc	meta_op.aic.c310.bc
1	Cube/MmadL1/fp8-mx.mlir	mma_tile_float8_e4m3_t_to_float	1	Cube	Cube/LocalMmad.aic.c310.bc	meta_op.aic.c310.bc
1	Cube/MmadL1/fp8-mx.mlir	mma_tile_float8_e4m3_t_to_float_ta	1	Cube	Cube/LocalMmad.aic.c310.bc	meta_op.aic.c310.bc
1	Cube/MmadL1/fp8-mx.mlir	mma_tile_float8_e4m3_t_to_float_ta_tb	1	Cube	Cube/LocalMmad.aic.c310.bc	meta_op.aic.c310.bc
1	Cube/MmadL1/fp8-mx.mlir	mma_tile_float8_e4m3_t_to_float_tb	1	Cube	Cube/LocalMmad.aic.c310.bc	meta_op.aic.c310.bc
1	Cube/MmadL1/fp8-mx.mlir	mma_tile_float8_e5m2_t_to_float	1	Cube	Cube/LocalMmad.aic.c310.bc	meta_op.aic.c310.bc
1	Cube/MmadL1/fp8-mx.mlir	mma_tile_float8_e5m2_t_to_float_ta	1	Cube	Cube/LocalMmad.aic.c310.bc	meta_op.aic.c310.bc
1	Cube/MmadL1/fp8-mx.mlir	mma_tile_float8_e5m2_t_to_float_ta_tb	1	Cube	Cube/LocalMmad.aic.c310.bc	meta_op.aic.c310.bc
1	Cube/MmadL1/fp8-mx.mlir	mma_tile_float8_e5m2_t_to_float_tb	1	Cube	Cube/LocalMmad.aic.c310.bc	meta_op.aic.c310.bc
1	Cube/MmadL1/fp8-mx.mlir	mmadmxL1_float8_e4m3_t_to_float	1	Cube	Cube/LocalMmadMx.aic.c310.bc	meta_op.aic.c310.bc
1	Cube/MmadL1/fp8-mx.mlir	mmadmxL1_float8_e4m3_t_to_float_ta	1	Cube	Cube/LocalMmadMx.aic.c310.bc	meta_op.aic.c310.bc
1	Cube/MmadL1/fp8-mx.mlir	mmadmxL1_float8_e4m3_t_to_float_ta_tb	1	Cube	Cube/LocalMmadMx.aic.c310.bc	meta_op.aic.c310.bc
1	Cube/MmadL1/fp8-mx.mlir	mmadmxL1_float8_e4m3_t_to_float_tb	1	Cube	Cube/LocalMmadMx.aic.c310.bc	meta_op.aic.c310.bc
1	Cube/MmadL1/fp8-mx.mlir	mmadmxL1_float8_e5m2_t_to_float	1	Cube	Cube/LocalMmadMx.aic.c310.bc	meta_op.aic.c310.bc
1	Cube/MmadL1/fp8-mx.mlir	mmadmxL1_float8_e5m2_t_to_float_ta	1	Cube	Cube/LocalMmadMx.aic.c310.bc	meta_op.aic.c310.bc
1	Cube/MmadL1/fp8-mx.mlir	mmadmxL1_float8_e5m2_t_to_float_ta_tb	1	Cube	Cube/LocalMmadMx.aic.c310.bc	meta_op.aic.c310.bc
1	Cube/MmadL1/fp8-mx.mlir	mmadmxL1_float8_e5m2_t_to_float_tb	1	Cube	Cube/LocalMmadMx.aic.c310.bc	meta_op.aic.c310.bc
1	Cube/MmadL1/fp8-mx.mlir	mmadmxL1_int8_t_to_float_lhs_format_fp4x2_e2m1_t_rhs_format_fp4x2_e2m1_t	1	Cube	Cube/LocalMmadMx.aic.c310.bc	meta_op.aic.c310.bc
1	Cube/MmadL1/fp8-mx.mlir	mmadmxL1_int8_t_to_float_lhs_format_fp8_e4m3_t_rhs_format_fp8_e4m3_t	1	Cube	Cube/LocalMmadMx.aic.c310.bc	meta_op.aic.c310.bc
1	Cube/MmadL1/fp8-mx.mlir	mmadmxL1_int8_t_to_float_lhs_format_fp8_e4m3_t_rhs_format_fp8_e5m2_t	1	Cube	Cube/LocalMmadMx.aic.c310.bc	meta_op.aic.c310.bc
1	Cube/MmadL1/fp8-mx.mlir	mmadmxL1_int8_t_to_float_lhs_format_fp8_e5m2_t_rhs_format_fp8_e4m3_t	1	Cube	Cube/LocalMmadMx.aic.c310.bc	meta_op.aic.c310.bc
1	Cube/MmadL1/fp8-mx.mlir	mmadmxL1_int8_t_to_float_lhs_format_fp8_e5m2_t_rhs_format_fp8_e5m2_t	1	Cube	Cube/LocalMmadMx.aic.c310.bc	meta_op.aic.c310.bc
1	Cube/MmadL1/fp8-mx.mlir	mmadmxL1_int8_t_to_float_ta_lhs_format_fp4x2_e2m1_t_rhs_format_fp4x2_e2m1_t	1	Cube	Cube/LocalMmadMx.aic.c310.bc	meta_op.aic.c310.bc
1	Cube/MmadL1/fp8-mx.mlir	mmadmxL1_int8_t_to_float_ta_lhs_format_fp8_e4m3_t_rhs_format_fp8_e4m3_t	1	Cube	Cube/LocalMmadMx.aic.c310.bc	meta_op.aic.c310.bc
1	Cube/MmadL1/fp8-mx.mlir	mmadmxL1_int8_t_to_float_ta_lhs_format_fp8_e4m3_t_rhs_format_fp8_e5m2_t	1	Cube	Cube/LocalMmadMx.aic.c310.bc	meta_op.aic.c310.bc
1	Cube/MmadL1/fp8-mx.mlir	mmadmxL1_int8_t_to_float_ta_lhs_format_fp8_e5m2_t_rhs_format_fp8_e4m3_t	1	Cube	Cube/LocalMmadMx.aic.c310.bc	meta_op.aic.c310.bc
1	Cube/MmadL1/fp8-mx.mlir	mmadmxL1_int8_t_to_float_ta_lhs_format_fp8_e5m2_t_rhs_format_fp8_e5m2_t	1	Cube	Cube/LocalMmadMx.aic.c310.bc	meta_op.aic.c310.bc
1	Cube/MmadL1/fp8-mx.mlir	mmadmxL1_int8_t_to_float_ta_tb_lhs_format_fp4x2_e2m1_t_rhs_format_fp4x2_e2m1_t	1	Cube	Cube/LocalMmadMx.aic.c310.bc	meta_op.aic.c310.bc
1	Cube/MmadL1/fp8-mx.mlir	mmadmxL1_int8_t_to_float_ta_tb_lhs_format_fp8_e4m3_t_rhs_format_fp8_e4m3_t	1	Cube	Cube/LocalMmadMx.aic.c310.bc	meta_op.aic.c310.bc
1	Cube/MmadL1/fp8-mx.mlir	mmadmxL1_int8_t_to_float_ta_tb_lhs_format_fp8_e4m3_t_rhs_format_fp8_e5m2_t	1	Cube	Cube/LocalMmadMx.aic.c310.bc	meta_op.aic.c310.bc
1	Cube/MmadL1/fp8-mx.mlir	mmadmxL1_int8_t_to_float_ta_tb_lhs_format_fp8_e5m2_t_rhs_format_fp8_e4m3_t	1	Cube	Cube/LocalMmadMx.aic.c310.bc	meta_op.aic.c310.bc
1	Cube/MmadL1/fp8-mx.mlir	mmadmxL1_int8_t_to_float_ta_tb_lhs_format_fp8_e5m2_t_rhs_format_fp8_e5m2_t	1	Cube	Cube/LocalMmadMx.aic.c310.bc	meta_op.aic.c310.bc
1	Cube/MmadL1/fp8-mx.mlir	mmadmxL1_int8_t_to_float_tb_lhs_format_fp4x2_e2m1_t_rhs_format_fp4x2_e2m1_t	1	Cube	Cube/LocalMmadMx.aic.c310.bc	meta_op.aic.c310.bc
1	Cube/MmadL1/fp8-mx.mlir	mmadmxL1_int8_t_to_float_tb_lhs_format_fp8_e4m3_t_rhs_format_fp8_e4m3_t	1	Cube	Cube/LocalMmadMx.aic.c310.bc	meta_op.aic.c310.bc
1	Cube/MmadL1/fp8-mx.mlir	mmadmxL1_int8_t_to_float_tb_lhs_format_fp8_e4m3_t_rhs_format_fp8_e5m2_t	1	Cube	Cube/LocalMmadMx.aic.c310.bc	meta_op.aic.c310.bc
1	Cube/MmadL1/fp8-mx.mlir	mmadmxL1_int8_t_to_float_tb_lhs_format_fp8_e5m2_t_rhs_format_fp8_e4m3_t	1	Cube	Cube/LocalMmadMx.aic.c310.bc	meta_op.aic.c310.bc
1	Cube/MmadL1/fp8-mx.mlir	mmadmxL1_int8_t_to_float_tb_lhs_format_fp8_e5m2_t_rhs_format_fp8_e5m2_t	1	Cube	Cube/LocalMmadMx.aic.c310.bc	meta_op.aic.c310.bc
1	Cube/MmadL1/integer.mlir	mma_tile_int8_t_to_int32_t	1	Cube	Cube/LocalMmad.aic.c310.bc	meta_op.aic.c310.bc
1	Cube/MmadL1/integer.mlir	mma_tile_int8_t_to_int32_t_ta	1	Cube	Cube/LocalMmad.aic.c310.bc	meta_op.aic.c310.bc
1	Cube/MmadL1/integer.mlir	mma_tile_int8_t_to_int32_t_ta_tb	1	Cube	Cube/LocalMmad.aic.c310.bc	meta_op.aic.c310.bc
1	Cube/MmadL1/integer.mlir	mma_tile_int8_t_to_int32_t_tb	1	Cube	Cube/LocalMmad.aic.c310.bc	meta_op.aic.c310.bc
1	Cube/Nd2Nz/bias.mlir	nd2nz_forbias_bfloat16_t	1	Cube	Cube/nd2nz.aic.c310.bc	meta_op.aic.c310.bc
1	Cube/Nd2Nz/bias.mlir	nd2nz_forbias_float	1	Cube	Cube/nd2nz.aic.c310.bc	meta_op.aic.c310.bc
1	Cube/Nd2Nz/bias.mlir	nd2nz_forbias_float8_e4m3_t	1	Cube	Cube/nd2nz.aic.c310.bc	meta_op.aic.c310.bc
1	Cube/Nd2Nz/bias.mlir	nd2nz_forbias_float8_e5m2_t	1	Cube	Cube/nd2nz.aic.c310.bc	meta_op.aic.c310.bc
1	Cube/Nd2Nz/bias.mlir	nd2nz_forbias_half	1	Cube	Cube/nd2nz.aic.c310.bc	meta_op.aic.c310.bc
1	Cube/Nd2Nz/bias.mlir	nd2nz_forbias_int16_t	1	Cube	Cube/nd2nz.aic.c310.bc	meta_op.aic.c310.bc
1	Cube/Nd2Nz/bias.mlir	nd2nz_forbias_int32_t	1	Cube	Cube/nd2nz.aic.c310.bc	meta_op.aic.c310.bc
1	Cube/Nd2Nz/bias.mlir	nd2nz_forbias_int8_t	1	Cube	Cube/nd2nz.aic.c310.bc	meta_op.aic.c310.bc
1	Cube/Nd2Nz/bias.mlir	nd2nz_forbias_uint16_t	1	Cube	Cube/nd2nz.aic.c310.bc	meta_op.aic.c310.bc
1	Cube/Nd2Nz/bias.mlir	nd2nz_forbias_uint32_t	1	Cube	Cube/nd2nz.aic.c310.bc	meta_op.aic.c310.bc
1	Cube/Nd2Nz/bias.mlir	nd2nz_forbias_uint8_t	1	Cube	Cube/nd2nz.aic.c310.bc	meta_op.aic.c310.bc
1	Cube/Nd2Nz/fp8-mx.mlir	nd2nz_float8_e4m3_t	1	Cube	Cube/nd2nz.aic.c310.bc	meta_op.aic.c310.bc
1	Cube/Nd2Nz/fp8-mx.mlir	nd2nz_float8_e5m2_t	1	Cube	Cube/nd2nz.aic.c310.bc	meta_op.aic.c310.bc
1	Cube/Nd2Nz/integer.mlir	nd2nz_int16_t	1	Cube	Cube/nd2nz.aic.c310.bc	meta_op.aic.c310.bc
1	Cube/Nd2Nz/integer.mlir	nd2nz_int32_t	1	Cube	Cube/nd2nz.aic.c310.bc	meta_op.aic.c310.bc
1	Cube/Nd2Nz/integer.mlir	nd2nz_int8_t	1	Cube	Cube/nd2nz.aic.c310.bc	meta_op.aic.c310.bc
1	Cube/Nd2Nz/integer.mlir	nd2nz_uint16_t	1	Cube	Cube/nd2nz.aic.c310.bc	meta_op.aic.c310.bc
1	Cube/Nd2Nz/integer.mlir	nd2nz_uint32_t	1	Cube	Cube/nd2nz.aic.c310.bc	meta_op.aic.c310.bc
1	Cube/Nd2Nz/integer.mlir	nd2nz_uint8_t	1	Cube	Cube/nd2nz.aic.c310.bc	meta_op.aic.c310.bc
1	Cube/Nd2Nz/standard-float.mlir	nd2nz_bfloat16_t	1	Cube	Cube/nd2nz.aic.c310.bc	meta_op.aic.c310.bc
1	Cube/Nd2Nz/standard-float.mlir	nd2nz_float	1	Cube	Cube/nd2nz.aic.c310.bc	meta_op.aic.c310.bc
1	Cube/Nd2Nz/standard-float.mlir	nd2nz_half	1	Cube	Cube/nd2nz.aic.c310.bc	meta_op.aic.c310.bc
1	Cube/Setup/mx-scale.mlir	load_scale_gm_to_cbuf_2d_int8_t	1	Cube	Cube/loadMXScale.aic.c310.bc	meta_op.aic.c310.bc
1	Cube/Setup/set2d-initialize.mlir	set_l1_2d_bfloat16_t	1	Cube	Cube/set2d.aic.c310.bc	meta_op.aic.c310.bc
1	Cube/Setup/set2d-initialize.mlir	set_l1_2d_float	1	Cube	Cube/set2d.aic.c310.bc	meta_op.aic.c310.bc
1	Cube/Setup/set2d-initialize.mlir	set_l1_2d_float8_e4m3_t	1	Cube	Cube/set2d.aic.c310.bc	meta_op.aic.c310.bc
1	Cube/Setup/set2d-initialize.mlir	set_l1_2d_float8_e5m2_t	1	Cube	Cube/set2d.aic.c310.bc	meta_op.aic.c310.bc
1	Cube/Setup/set2d-initialize.mlir	set_l1_2d_half	1	Cube	Cube/set2d.aic.c310.bc	meta_op.aic.c310.bc
1	Cube/Setup/set2d-initialize.mlir	set_l1_2d_int8_t	1	Cube	Cube/set2d.aic.c310.bc	meta_op.aic.c310.bc
2	Vector/Collective/prefix-minmax.mlir	cummax_1d_bfloat16_t_dim0	1	Vector	Vector/Cumminmax.aiv.c310.bc	meta_op.aiv.c310.bc
2	Vector/Collective/prefix-minmax.mlir	cummax_1d_float_dim0	1	Vector	Vector/Cumminmax.aiv.c310.bc	meta_op.aiv.c310.bc
2	Vector/Collective/prefix-minmax.mlir	cummax_1d_half_dim0	1	Vector	Vector/Cumminmax.aiv.c310.bc	meta_op.aiv.c310.bc
2	Vector/Collective/prefix-minmax.mlir	cummax_1d_int16_t_dim0	1	Vector	Vector/Cumminmax.aiv.c310.bc	meta_op.aiv.c310.bc
2	Vector/Collective/prefix-minmax.mlir	cummax_1d_int32_t_dim0	1	Vector	Vector/Cumminmax.aiv.c310.bc	meta_op.aiv.c310.bc
2	Vector/Collective/prefix-minmax.mlir	cummax_1d_int8_t_dim0	1	Vector	Vector/Cumminmax.aiv.c310.bc	meta_op.aiv.c310.bc
2	Vector/Collective/prefix-minmax.mlir	cummax_1d_uint16_t_dim0	1	Vector	Vector/Cumminmax.aiv.c310.bc	meta_op.aiv.c310.bc
2	Vector/Collective/prefix-minmax.mlir	cummax_1d_uint32_t_dim0	1	Vector	Vector/Cumminmax.aiv.c310.bc	meta_op.aiv.c310.bc
2	Vector/Collective/prefix-minmax.mlir	cummax_1d_uint8_t_dim0	1	Vector	Vector/Cumminmax.aiv.c310.bc	meta_op.aiv.c310.bc
2	Vector/Collective/prefix-minmax.mlir	cummax_2d_bfloat16_t_dim0	1	Vector	Vector/Cumminmax.aiv.c310.bc	meta_op.aiv.c310.bc
2	Vector/Collective/prefix-minmax.mlir	cummax_2d_bfloat16_t_dim1	1	Vector	Vector/Cumminmax.aiv.c310.bc	meta_op.aiv.c310.bc
2	Vector/Collective/prefix-minmax.mlir	cummax_2d_float_dim0	1	Vector	Vector/Cumminmax.aiv.c310.bc	meta_op.aiv.c310.bc
2	Vector/Collective/prefix-minmax.mlir	cummax_2d_float_dim1	1	Vector	Vector/Cumminmax.aiv.c310.bc	meta_op.aiv.c310.bc
2	Vector/Collective/prefix-minmax.mlir	cummax_2d_half_dim0	1	Vector	Vector/Cumminmax.aiv.c310.bc	meta_op.aiv.c310.bc
2	Vector/Collective/prefix-minmax.mlir	cummax_2d_half_dim1	1	Vector	Vector/Cumminmax.aiv.c310.bc	meta_op.aiv.c310.bc
2	Vector/Collective/prefix-minmax.mlir	cummax_2d_int16_t_dim0	1	Vector	Vector/Cumminmax.aiv.c310.bc	meta_op.aiv.c310.bc
2	Vector/Collective/prefix-minmax.mlir	cummax_2d_int16_t_dim1	1	Vector	Vector/Cumminmax.aiv.c310.bc	meta_op.aiv.c310.bc
2	Vector/Collective/prefix-minmax.mlir	cummax_2d_int32_t_dim0	1	Vector	Vector/Cumminmax.aiv.c310.bc	meta_op.aiv.c310.bc
2	Vector/Collective/prefix-minmax.mlir	cummax_2d_int32_t_dim1	1	Vector	Vector/Cumminmax.aiv.c310.bc	meta_op.aiv.c310.bc
2	Vector/Collective/prefix-minmax.mlir	cummax_2d_int8_t_dim0	1	Vector	Vector/Cumminmax.aiv.c310.bc	meta_op.aiv.c310.bc
2	Vector/Collective/prefix-minmax.mlir	cummax_2d_int8_t_dim1	1	Vector	Vector/Cumminmax.aiv.c310.bc	meta_op.aiv.c310.bc
2	Vector/Collective/prefix-minmax.mlir	cummax_2d_uint16_t_dim0	1	Vector	Vector/Cumminmax.aiv.c310.bc	meta_op.aiv.c310.bc
2	Vector/Collective/prefix-minmax.mlir	cummax_2d_uint16_t_dim1	1	Vector	Vector/Cumminmax.aiv.c310.bc	meta_op.aiv.c310.bc
2	Vector/Collective/prefix-minmax.mlir	cummax_2d_uint32_t_dim0	1	Vector	Vector/Cumminmax.aiv.c310.bc	meta_op.aiv.c310.bc
2	Vector/Collective/prefix-minmax.mlir	cummax_2d_uint32_t_dim1	1	Vector	Vector/Cumminmax.aiv.c310.bc	meta_op.aiv.c310.bc
2	Vector/Collective/prefix-minmax.mlir	cummax_2d_uint8_t_dim0	1	Vector	Vector/Cumminmax.aiv.c310.bc	meta_op.aiv.c310.bc
2	Vector/Collective/prefix-minmax.mlir	cummax_2d_uint8_t_dim1	1	Vector	Vector/Cumminmax.aiv.c310.bc	meta_op.aiv.c310.bc
2	Vector/Collective/prefix-minmax.mlir	cummax_3d_bfloat16_t_dim0	1	Vector	Vector/Cumminmax.aiv.c310.bc	meta_op.aiv.c310.bc
2	Vector/Collective/prefix-minmax.mlir	cummax_3d_bfloat16_t_dim1	1	Vector	Vector/Cumminmax.aiv.c310.bc	meta_op.aiv.c310.bc
2	Vector/Collective/prefix-minmax.mlir	cummax_3d_float_dim0	1	Vector	Vector/Cumminmax.aiv.c310.bc	meta_op.aiv.c310.bc
2	Vector/Collective/prefix-minmax.mlir	cummax_3d_float_dim1	1	Vector	Vector/Cumminmax.aiv.c310.bc	meta_op.aiv.c310.bc
2	Vector/Collective/prefix-minmax.mlir	cummax_3d_half_dim0	1	Vector	Vector/Cumminmax.aiv.c310.bc	meta_op.aiv.c310.bc
2	Vector/Collective/prefix-minmax.mlir	cummax_3d_half_dim1	1	Vector	Vector/Cumminmax.aiv.c310.bc	meta_op.aiv.c310.bc
2	Vector/Collective/prefix-minmax.mlir	cummax_3d_int16_t_dim0	1	Vector	Vector/Cumminmax.aiv.c310.bc	meta_op.aiv.c310.bc
2	Vector/Collective/prefix-minmax.mlir	cummax_3d_int16_t_dim1	1	Vector	Vector/Cumminmax.aiv.c310.bc	meta_op.aiv.c310.bc
2	Vector/Collective/prefix-minmax.mlir	cummax_3d_int32_t_dim0	1	Vector	Vector/Cumminmax.aiv.c310.bc	meta_op.aiv.c310.bc
2	Vector/Collective/prefix-minmax.mlir	cummax_3d_int32_t_dim1	1	Vector	Vector/Cumminmax.aiv.c310.bc	meta_op.aiv.c310.bc
2	Vector/Collective/prefix-minmax.mlir	cummax_3d_int8_t_dim0	1	Vector	Vector/Cumminmax.aiv.c310.bc	meta_op.aiv.c310.bc
2	Vector/Collective/prefix-minmax.mlir	cummax_3d_int8_t_dim1	1	Vector	Vector/Cumminmax.aiv.c310.bc	meta_op.aiv.c310.bc
2	Vector/Collective/prefix-minmax.mlir	cummax_3d_uint16_t_dim0	1	Vector	Vector/Cumminmax.aiv.c310.bc	meta_op.aiv.c310.bc
2	Vector/Collective/prefix-minmax.mlir	cummax_3d_uint16_t_dim1	1	Vector	Vector/Cumminmax.aiv.c310.bc	meta_op.aiv.c310.bc
2	Vector/Collective/prefix-minmax.mlir	cummax_3d_uint32_t_dim0	1	Vector	Vector/Cumminmax.aiv.c310.bc	meta_op.aiv.c310.bc
2	Vector/Collective/prefix-minmax.mlir	cummax_3d_uint32_t_dim1	1	Vector	Vector/Cumminmax.aiv.c310.bc	meta_op.aiv.c310.bc
2	Vector/Collective/prefix-minmax.mlir	cummax_3d_uint8_t_dim0	1	Vector	Vector/Cumminmax.aiv.c310.bc	meta_op.aiv.c310.bc
2	Vector/Collective/prefix-minmax.mlir	cummax_3d_uint8_t_dim1	1	Vector	Vector/Cumminmax.aiv.c310.bc	meta_op.aiv.c310.bc
2	Vector/Collective/prefix-minmax.mlir	cummin_1d_bfloat16_t_dim0	1	Vector	Vector/Cumminmax.aiv.c310.bc	meta_op.aiv.c310.bc
2	Vector/Collective/prefix-minmax.mlir	cummin_1d_float_dim0	1	Vector	Vector/Cumminmax.aiv.c310.bc	meta_op.aiv.c310.bc
2	Vector/Collective/prefix-minmax.mlir	cummin_1d_half_dim0	1	Vector	Vector/Cumminmax.aiv.c310.bc	meta_op.aiv.c310.bc
2	Vector/Collective/prefix-minmax.mlir	cummin_1d_int16_t_dim0	1	Vector	Vector/Cumminmax.aiv.c310.bc	meta_op.aiv.c310.bc
2	Vector/Collective/prefix-minmax.mlir	cummin_1d_int32_t_dim0	1	Vector	Vector/Cumminmax.aiv.c310.bc	meta_op.aiv.c310.bc
2	Vector/Collective/prefix-minmax.mlir	cummin_1d_int8_t_dim0	1	Vector	Vector/Cumminmax.aiv.c310.bc	meta_op.aiv.c310.bc
2	Vector/Collective/prefix-minmax.mlir	cummin_1d_uint16_t_dim0	1	Vector	Vector/Cumminmax.aiv.c310.bc	meta_op.aiv.c310.bc
2	Vector/Collective/prefix-minmax.mlir	cummin_1d_uint32_t_dim0	1	Vector	Vector/Cumminmax.aiv.c310.bc	meta_op.aiv.c310.bc
2	Vector/Collective/prefix-minmax.mlir	cummin_1d_uint8_t_dim0	1	Vector	Vector/Cumminmax.aiv.c310.bc	meta_op.aiv.c310.bc
2	Vector/Collective/prefix-minmax.mlir	cummin_2d_bfloat16_t_dim0	1	Vector	Vector/Cumminmax.aiv.c310.bc	meta_op.aiv.c310.bc
2	Vector/Collective/prefix-minmax.mlir	cummin_2d_bfloat16_t_dim1	1	Vector	Vector/Cumminmax.aiv.c310.bc	meta_op.aiv.c310.bc
2	Vector/Collective/prefix-minmax.mlir	cummin_2d_float_dim0	1	Vector	Vector/Cumminmax.aiv.c310.bc	meta_op.aiv.c310.bc
2	Vector/Collective/prefix-minmax.mlir	cummin_2d_float_dim1	1	Vector	Vector/Cumminmax.aiv.c310.bc	meta_op.aiv.c310.bc
2	Vector/Collective/prefix-minmax.mlir	cummin_2d_half_dim0	1	Vector	Vector/Cumminmax.aiv.c310.bc	meta_op.aiv.c310.bc
2	Vector/Collective/prefix-minmax.mlir	cummin_2d_half_dim1	1	Vector	Vector/Cumminmax.aiv.c310.bc	meta_op.aiv.c310.bc
2	Vector/Collective/prefix-minmax.mlir	cummin_2d_int16_t_dim0	1	Vector	Vector/Cumminmax.aiv.c310.bc	meta_op.aiv.c310.bc
2	Vector/Collective/prefix-minmax.mlir	cummin_2d_int16_t_dim1	1	Vector	Vector/Cumminmax.aiv.c310.bc	meta_op.aiv.c310.bc
2	Vector/Collective/prefix-minmax.mlir	cummin_2d_int32_t_dim0	1	Vector	Vector/Cumminmax.aiv.c310.bc	meta_op.aiv.c310.bc
2	Vector/Collective/prefix-minmax.mlir	cummin_2d_int32_t_dim1	1	Vector	Vector/Cumminmax.aiv.c310.bc	meta_op.aiv.c310.bc
2	Vector/Collective/prefix-minmax.mlir	cummin_2d_int8_t_dim0	1	Vector	Vector/Cumminmax.aiv.c310.bc	meta_op.aiv.c310.bc
2	Vector/Collective/prefix-minmax.mlir	cummin_2d_int8_t_dim1	1	Vector	Vector/Cumminmax.aiv.c310.bc	meta_op.aiv.c310.bc
2	Vector/Collective/prefix-minmax.mlir	cummin_2d_uint16_t_dim0	1	Vector	Vector/Cumminmax.aiv.c310.bc	meta_op.aiv.c310.bc
2	Vector/Collective/prefix-minmax.mlir	cummin_2d_uint16_t_dim1	1	Vector	Vector/Cumminmax.aiv.c310.bc	meta_op.aiv.c310.bc
2	Vector/Collective/prefix-minmax.mlir	cummin_2d_uint32_t_dim0	1	Vector	Vector/Cumminmax.aiv.c310.bc	meta_op.aiv.c310.bc
2	Vector/Collective/prefix-minmax.mlir	cummin_2d_uint32_t_dim1	1	Vector	Vector/Cumminmax.aiv.c310.bc	meta_op.aiv.c310.bc
2	Vector/Collective/prefix-minmax.mlir	cummin_2d_uint8_t_dim0	1	Vector	Vector/Cumminmax.aiv.c310.bc	meta_op.aiv.c310.bc
2	Vector/Collective/prefix-minmax.mlir	cummin_2d_uint8_t_dim1	1	Vector	Vector/Cumminmax.aiv.c310.bc	meta_op.aiv.c310.bc
2	Vector/Collective/prefix-minmax.mlir	cummin_3d_bfloat16_t_dim0	1	Vector	Vector/Cumminmax.aiv.c310.bc	meta_op.aiv.c310.bc
2	Vector/Collective/prefix-minmax.mlir	cummin_3d_bfloat16_t_dim1	1	Vector	Vector/Cumminmax.aiv.c310.bc	meta_op.aiv.c310.bc
2	Vector/Collective/prefix-minmax.mlir	cummin_3d_float_dim0	1	Vector	Vector/Cumminmax.aiv.c310.bc	meta_op.aiv.c310.bc
2	Vector/Collective/prefix-minmax.mlir	cummin_3d_float_dim1	1	Vector	Vector/Cumminmax.aiv.c310.bc	meta_op.aiv.c310.bc
2	Vector/Collective/prefix-minmax.mlir	cummin_3d_half_dim0	1	Vector	Vector/Cumminmax.aiv.c310.bc	meta_op.aiv.c310.bc
2	Vector/Collective/prefix-minmax.mlir	cummin_3d_half_dim1	1	Vector	Vector/Cumminmax.aiv.c310.bc	meta_op.aiv.c310.bc
2	Vector/Collective/prefix-minmax.mlir	cummin_3d_int16_t_dim0	1	Vector	Vector/Cumminmax.aiv.c310.bc	meta_op.aiv.c310.bc
2	Vector/Collective/prefix-minmax.mlir	cummin_3d_int16_t_dim1	1	Vector	Vector/Cumminmax.aiv.c310.bc	meta_op.aiv.c310.bc
2	Vector/Collective/prefix-minmax.mlir	cummin_3d_int32_t_dim0	1	Vector	Vector/Cumminmax.aiv.c310.bc	meta_op.aiv.c310.bc
2	Vector/Collective/prefix-minmax.mlir	cummin_3d_int32_t_dim1	1	Vector	Vector/Cumminmax.aiv.c310.bc	meta_op.aiv.c310.bc
2	Vector/Collective/prefix-minmax.mlir	cummin_3d_int8_t_dim0	1	Vector	Vector/Cumminmax.aiv.c310.bc	meta_op.aiv.c310.bc
2	Vector/Collective/prefix-minmax.mlir	cummin_3d_int8_t_dim1	1	Vector	Vector/Cumminmax.aiv.c310.bc	meta_op.aiv.c310.bc
2	Vector/Collective/prefix-minmax.mlir	cummin_3d_uint16_t_dim0	1	Vector	Vector/Cumminmax.aiv.c310.bc	meta_op.aiv.c310.bc
2	Vector/Collective/prefix-minmax.mlir	cummin_3d_uint16_t_dim1	1	Vector	Vector/Cumminmax.aiv.c310.bc	meta_op.aiv.c310.bc
2	Vector/Collective/prefix-minmax.mlir	cummin_3d_uint32_t_dim0	1	Vector	Vector/Cumminmax.aiv.c310.bc	meta_op.aiv.c310.bc
2	Vector/Collective/prefix-minmax.mlir	cummin_3d_uint32_t_dim1	1	Vector	Vector/Cumminmax.aiv.c310.bc	meta_op.aiv.c310.bc
2	Vector/Collective/prefix-minmax.mlir	cummin_3d_uint8_t_dim0	1	Vector	Vector/Cumminmax.aiv.c310.bc	meta_op.aiv.c310.bc
2	Vector/Collective/prefix-minmax.mlir	cummin_3d_uint8_t_dim1	1	Vector	Vector/Cumminmax.aiv.c310.bc	meta_op.aiv.c310.bc
2	Vector/Collective/prefix-sum-product.mlir	cumprod_1d_bfloat16_t_dim0	1	Vector	Vector/Cumprod.aiv.c310.bc	meta_op.aiv.c310.bc
2	Vector/Collective/prefix-sum-product.mlir	cumprod_1d_float_dim0	1	Vector	Vector/Cumprod.aiv.c310.bc	meta_op.aiv.c310.bc
2	Vector/Collective/prefix-sum-product.mlir	cumprod_1d_half_dim0	1	Vector	Vector/Cumprod.aiv.c310.bc	meta_op.aiv.c310.bc
2	Vector/Collective/prefix-sum-product.mlir	cumprod_1d_int16_t_dim0	1	Vector	Vector/Cumprod.aiv.c310.bc	meta_op.aiv.c310.bc
2	Vector/Collective/prefix-sum-product.mlir	cumprod_1d_int32_t_dim0	1	Vector	Vector/Cumprod.aiv.c310.bc	meta_op.aiv.c310.bc
2	Vector/Collective/prefix-sum-product.mlir	cumprod_1d_int8_t_dim0	1	Vector	Vector/Cumprod.aiv.c310.bc	meta_op.aiv.c310.bc
2	Vector/Collective/prefix-sum-product.mlir	cumprod_1d_uint16_t_dim0	1	Vector	Vector/Cumprod.aiv.c310.bc	meta_op.aiv.c310.bc
2	Vector/Collective/prefix-sum-product.mlir	cumprod_1d_uint32_t_dim0	1	Vector	Vector/Cumprod.aiv.c310.bc	meta_op.aiv.c310.bc
2	Vector/Collective/prefix-sum-product.mlir	cumprod_1d_uint8_t_dim0	1	Vector	Vector/Cumprod.aiv.c310.bc	meta_op.aiv.c310.bc
2	Vector/Collective/prefix-sum-product.mlir	cumprod_2d_bfloat16_t_dim0	1	Vector	Vector/Cumprod.aiv.c310.bc	meta_op.aiv.c310.bc
2	Vector/Collective/prefix-sum-product.mlir	cumprod_2d_bfloat16_t_dim1	1	Vector	Vector/Cumprod.aiv.c310.bc	meta_op.aiv.c310.bc
2	Vector/Collective/prefix-sum-product.mlir	cumprod_2d_float_dim0	1	Vector	Vector/Cumprod.aiv.c310.bc	meta_op.aiv.c310.bc
2	Vector/Collective/prefix-sum-product.mlir	cumprod_2d_float_dim1	1	Vector	Vector/Cumprod.aiv.c310.bc	meta_op.aiv.c310.bc
2	Vector/Collective/prefix-sum-product.mlir	cumprod_2d_half_dim0	1	Vector	Vector/Cumprod.aiv.c310.bc	meta_op.aiv.c310.bc
2	Vector/Collective/prefix-sum-product.mlir	cumprod_2d_half_dim1	1	Vector	Vector/Cumprod.aiv.c310.bc	meta_op.aiv.c310.bc
2	Vector/Collective/prefix-sum-product.mlir	cumprod_2d_int16_t_dim0	1	Vector	Vector/Cumprod.aiv.c310.bc	meta_op.aiv.c310.bc
2	Vector/Collective/prefix-sum-product.mlir	cumprod_2d_int16_t_dim1	1	Vector	Vector/Cumprod.aiv.c310.bc	meta_op.aiv.c310.bc
2	Vector/Collective/prefix-sum-product.mlir	cumprod_2d_int32_t_dim0	1	Vector	Vector/Cumprod.aiv.c310.bc	meta_op.aiv.c310.bc
2	Vector/Collective/prefix-sum-product.mlir	cumprod_2d_int32_t_dim1	1	Vector	Vector/Cumprod.aiv.c310.bc	meta_op.aiv.c310.bc
2	Vector/Collective/prefix-sum-product.mlir	cumprod_2d_int8_t_dim0	1	Vector	Vector/Cumprod.aiv.c310.bc	meta_op.aiv.c310.bc
2	Vector/Collective/prefix-sum-product.mlir	cumprod_2d_int8_t_dim1	1	Vector	Vector/Cumprod.aiv.c310.bc	meta_op.aiv.c310.bc
2	Vector/Collective/prefix-sum-product.mlir	cumprod_2d_uint16_t_dim0	1	Vector	Vector/Cumprod.aiv.c310.bc	meta_op.aiv.c310.bc
2	Vector/Collective/prefix-sum-product.mlir	cumprod_2d_uint16_t_dim1	1	Vector	Vector/Cumprod.aiv.c310.bc	meta_op.aiv.c310.bc
2	Vector/Collective/prefix-sum-product.mlir	cumprod_2d_uint32_t_dim0	1	Vector	Vector/Cumprod.aiv.c310.bc	meta_op.aiv.c310.bc
2	Vector/Collective/prefix-sum-product.mlir	cumprod_2d_uint32_t_dim1	1	Vector	Vector/Cumprod.aiv.c310.bc	meta_op.aiv.c310.bc
2	Vector/Collective/prefix-sum-product.mlir	cumprod_2d_uint8_t_dim0	1	Vector	Vector/Cumprod.aiv.c310.bc	meta_op.aiv.c310.bc
2	Vector/Collective/prefix-sum-product.mlir	cumprod_2d_uint8_t_dim1	1	Vector	Vector/Cumprod.aiv.c310.bc	meta_op.aiv.c310.bc
2	Vector/Collective/prefix-sum-product.mlir	cumprod_3d_bfloat16_t_dim0	1	Vector	Vector/Cumprod.aiv.c310.bc	meta_op.aiv.c310.bc
2	Vector/Collective/prefix-sum-product.mlir	cumprod_3d_bfloat16_t_dim1	1	Vector	Vector/Cumprod.aiv.c310.bc	meta_op.aiv.c310.bc
2	Vector/Collective/prefix-sum-product.mlir	cumprod_3d_float_dim0	1	Vector	Vector/Cumprod.aiv.c310.bc	meta_op.aiv.c310.bc
2	Vector/Collective/prefix-sum-product.mlir	cumprod_3d_float_dim1	1	Vector	Vector/Cumprod.aiv.c310.bc	meta_op.aiv.c310.bc
2	Vector/Collective/prefix-sum-product.mlir	cumprod_3d_half_dim0	1	Vector	Vector/Cumprod.aiv.c310.bc	meta_op.aiv.c310.bc
2	Vector/Collective/prefix-sum-product.mlir	cumprod_3d_half_dim1	1	Vector	Vector/Cumprod.aiv.c310.bc	meta_op.aiv.c310.bc
2	Vector/Collective/prefix-sum-product.mlir	cumprod_3d_int16_t_dim0	1	Vector	Vector/Cumprod.aiv.c310.bc	meta_op.aiv.c310.bc
2	Vector/Collective/prefix-sum-product.mlir	cumprod_3d_int16_t_dim1	1	Vector	Vector/Cumprod.aiv.c310.bc	meta_op.aiv.c310.bc
2	Vector/Collective/prefix-sum-product.mlir	cumprod_3d_int32_t_dim0	1	Vector	Vector/Cumprod.aiv.c310.bc	meta_op.aiv.c310.bc
2	Vector/Collective/prefix-sum-product.mlir	cumprod_3d_int32_t_dim1	1	Vector	Vector/Cumprod.aiv.c310.bc	meta_op.aiv.c310.bc
2	Vector/Collective/prefix-sum-product.mlir	cumprod_3d_int8_t_dim0	1	Vector	Vector/Cumprod.aiv.c310.bc	meta_op.aiv.c310.bc
2	Vector/Collective/prefix-sum-product.mlir	cumprod_3d_int8_t_dim1	1	Vector	Vector/Cumprod.aiv.c310.bc	meta_op.aiv.c310.bc
2	Vector/Collective/prefix-sum-product.mlir	cumprod_3d_uint16_t_dim0	1	Vector	Vector/Cumprod.aiv.c310.bc	meta_op.aiv.c310.bc
2	Vector/Collective/prefix-sum-product.mlir	cumprod_3d_uint16_t_dim1	1	Vector	Vector/Cumprod.aiv.c310.bc	meta_op.aiv.c310.bc
2	Vector/Collective/prefix-sum-product.mlir	cumprod_3d_uint32_t_dim0	1	Vector	Vector/Cumprod.aiv.c310.bc	meta_op.aiv.c310.bc
2	Vector/Collective/prefix-sum-product.mlir	cumprod_3d_uint32_t_dim1	1	Vector	Vector/Cumprod.aiv.c310.bc	meta_op.aiv.c310.bc
2	Vector/Collective/prefix-sum-product.mlir	cumprod_3d_uint8_t_dim0	1	Vector	Vector/Cumprod.aiv.c310.bc	meta_op.aiv.c310.bc
2	Vector/Collective/prefix-sum-product.mlir	cumprod_3d_uint8_t_dim1	1	Vector	Vector/Cumprod.aiv.c310.bc	meta_op.aiv.c310.bc
2	Vector/Collective/prefix-sum-product.mlir	cumsum_1d_bfloat16_t_dim0	1	Vector	Vector/CumsumSimtSklansky.aiv.c310.bc	meta_op.aiv.c310.bc
2	Vector/Collective/prefix-sum-product.mlir	cumsum_1d_float_dim0	1	Vector	Vector/CumsumSimtSklansky.aiv.c310.bc	meta_op.aiv.c310.bc
2	Vector/Collective/prefix-sum-product.mlir	cumsum_1d_half_dim0	1	Vector	Vector/CumsumSimtSklansky.aiv.c310.bc	meta_op.aiv.c310.bc
2	Vector/Collective/prefix-sum-product.mlir	cumsum_1d_int16_t_dim0	1	Vector	Vector/CumsumSimtSklansky.aiv.c310.bc	meta_op.aiv.c310.bc
2	Vector/Collective/prefix-sum-product.mlir	cumsum_1d_int32_t_dim0	1	Vector	Vector/CumsumSimtSklansky.aiv.c310.bc	meta_op.aiv.c310.bc
2	Vector/Collective/prefix-sum-product.mlir	cumsum_1d_int32_t_to_int64_t_dim0	1	Vector	Vector/CumsumSimtSklansky.aiv.c310.bc	meta_op.aiv.c310.bc
2	Vector/Collective/prefix-sum-product.mlir	cumsum_1d_int64_t_dim0	1	Vector	Vector/CumsumSimtSklansky.aiv.c310.bc	meta_op.aiv.c310.bc
2	Vector/Collective/prefix-sum-product.mlir	cumsum_1d_int8_t_dim0	1	Vector	Vector/CumsumSimtSklansky.aiv.c310.bc	meta_op.aiv.c310.bc
2	Vector/Collective/prefix-sum-product.mlir	cumsum_1d_uint16_t_dim0	1	Vector	Vector/CumsumSimtSklansky.aiv.c310.bc	meta_op.aiv.c310.bc
2	Vector/Collective/prefix-sum-product.mlir	cumsum_1d_uint32_t_dim0	1	Vector	Vector/CumsumSimtSklansky.aiv.c310.bc	meta_op.aiv.c310.bc
2	Vector/Collective/prefix-sum-product.mlir	cumsum_1d_uint8_t_dim0	1	Vector	Vector/CumsumSimtSklansky.aiv.c310.bc	meta_op.aiv.c310.bc
2	Vector/Collective/prefix-sum-product.mlir	cumsum_2d_bfloat16_t_dim0	1	Vector	Vector/Cumsum.aiv.c310.bc	meta_op.aiv.c310.bc
2	Vector/Collective/prefix-sum-product.mlir	cumsum_2d_bfloat16_t_dim1	1	Vector	Vector/Cumsum.aiv.c310.bc	meta_op.aiv.c310.bc
2	Vector/Collective/prefix-sum-product.mlir	cumsum_2d_float_dim0	1	Vector	Vector/Cumsum.aiv.c310.bc	meta_op.aiv.c310.bc
2	Vector/Collective/prefix-sum-product.mlir	cumsum_2d_float_dim0_comp	1	Vector	Vector/Cumsum.aiv.c310.bc	meta_op.aiv.c310.bc
2	Vector/Collective/prefix-sum-product.mlir	cumsum_2d_float_dim1	1	Vector	Vector/Cumsum.aiv.c310.bc	meta_op.aiv.c310.bc
2	Vector/Collective/prefix-sum-product.mlir	cumsum_2d_float_dim1_comp	1	Vector	Vector/Cumsum.aiv.c310.bc	meta_op.aiv.c310.bc
2	Vector/Collective/prefix-sum-product.mlir	cumsum_2d_half_dim0	1	Vector	Vector/Cumsum.aiv.c310.bc	meta_op.aiv.c310.bc
2	Vector/Collective/prefix-sum-product.mlir	cumsum_2d_half_dim1	1	Vector	Vector/Cumsum.aiv.c310.bc	meta_op.aiv.c310.bc
2	Vector/Collective/prefix-sum-product.mlir	cumsum_2d_int16_t_dim0	1	Vector	Vector/Cumsum.aiv.c310.bc	meta_op.aiv.c310.bc
2	Vector/Collective/prefix-sum-product.mlir	cumsum_2d_int16_t_dim1	1	Vector	Vector/Cumsum.aiv.c310.bc	meta_op.aiv.c310.bc
2	Vector/Collective/prefix-sum-product.mlir	cumsum_2d_int32_t_dim0	1	Vector	Vector/Cumsum.aiv.c310.bc	meta_op.aiv.c310.bc
2	Vector/Collective/prefix-sum-product.mlir	cumsum_2d_int32_t_dim1	1	Vector	Vector/Cumsum.aiv.c310.bc	meta_op.aiv.c310.bc
2	Vector/Collective/prefix-sum-product.mlir	cumsum_2d_int8_t_dim0	1	Vector	Vector/Cumsum.aiv.c310.bc	meta_op.aiv.c310.bc
2	Vector/Collective/prefix-sum-product.mlir	cumsum_2d_int8_t_dim1	1	Vector	Vector/Cumsum.aiv.c310.bc	meta_op.aiv.c310.bc
2	Vector/Collective/prefix-sum-product.mlir	cumsum_2d_uint16_t_dim0	1	Vector	Vector/Cumsum.aiv.c310.bc	meta_op.aiv.c310.bc
2	Vector/Collective/prefix-sum-product.mlir	cumsum_2d_uint16_t_dim1	1	Vector	Vector/Cumsum.aiv.c310.bc	meta_op.aiv.c310.bc
2	Vector/Collective/prefix-sum-product.mlir	cumsum_2d_uint32_t_dim0	1	Vector	Vector/Cumsum.aiv.c310.bc	meta_op.aiv.c310.bc
2	Vector/Collective/prefix-sum-product.mlir	cumsum_2d_uint32_t_dim1	1	Vector	Vector/Cumsum.aiv.c310.bc	meta_op.aiv.c310.bc
2	Vector/Collective/prefix-sum-product.mlir	cumsum_2d_uint8_t_dim0	1	Vector	Vector/Cumsum.aiv.c310.bc	meta_op.aiv.c310.bc
2	Vector/Collective/prefix-sum-product.mlir	cumsum_2d_uint8_t_dim1	1	Vector	Vector/Cumsum.aiv.c310.bc	meta_op.aiv.c310.bc
2	Vector/Collective/prefix-sum-product.mlir	cumsum_3d_bfloat16_t_dim0	1	Vector	Vector/Cumsum.aiv.c310.bc	meta_op.aiv.c310.bc
2	Vector/Collective/prefix-sum-product.mlir	cumsum_3d_bfloat16_t_dim1	1	Vector	Vector/Cumsum.aiv.c310.bc	meta_op.aiv.c310.bc
2	Vector/Collective/prefix-sum-product.mlir	cumsum_3d_float_dim0	1	Vector	Vector/Cumsum.aiv.c310.bc	meta_op.aiv.c310.bc
2	Vector/Collective/prefix-sum-product.mlir	cumsum_3d_float_dim0_comp	1	Vector	Vector/Cumsum.aiv.c310.bc	meta_op.aiv.c310.bc
2	Vector/Collective/prefix-sum-product.mlir	cumsum_3d_float_dim1	1	Vector	Vector/Cumsum.aiv.c310.bc	meta_op.aiv.c310.bc
2	Vector/Collective/prefix-sum-product.mlir	cumsum_3d_float_dim1_comp	1	Vector	Vector/Cumsum.aiv.c310.bc	meta_op.aiv.c310.bc
2	Vector/Collective/prefix-sum-product.mlir	cumsum_3d_half_dim0	1	Vector	Vector/Cumsum.aiv.c310.bc	meta_op.aiv.c310.bc
2	Vector/Collective/prefix-sum-product.mlir	cumsum_3d_half_dim1	1	Vector	Vector/Cumsum.aiv.c310.bc	meta_op.aiv.c310.bc
2	Vector/Collective/prefix-sum-product.mlir	cumsum_3d_int16_t_dim0	1	Vector	Vector/Cumsum.aiv.c310.bc	meta_op.aiv.c310.bc
2	Vector/Collective/prefix-sum-product.mlir	cumsum_3d_int16_t_dim1	1	Vector	Vector/Cumsum.aiv.c310.bc	meta_op.aiv.c310.bc
2	Vector/Collective/prefix-sum-product.mlir	cumsum_3d_int32_t_dim0	1	Vector	Vector/Cumsum.aiv.c310.bc	meta_op.aiv.c310.bc
2	Vector/Collective/prefix-sum-product.mlir	cumsum_3d_int32_t_dim1	1	Vector	Vector/Cumsum.aiv.c310.bc	meta_op.aiv.c310.bc
2	Vector/Collective/prefix-sum-product.mlir	cumsum_3d_int8_t_dim0	1	Vector	Vector/Cumsum.aiv.c310.bc	meta_op.aiv.c310.bc
2	Vector/Collective/prefix-sum-product.mlir	cumsum_3d_int8_t_dim1	1	Vector	Vector/Cumsum.aiv.c310.bc	meta_op.aiv.c310.bc
2	Vector/Collective/prefix-sum-product.mlir	cumsum_3d_uint16_t_dim0	1	Vector	Vector/Cumsum.aiv.c310.bc	meta_op.aiv.c310.bc
2	Vector/Collective/prefix-sum-product.mlir	cumsum_3d_uint16_t_dim1	1	Vector	Vector/Cumsum.aiv.c310.bc	meta_op.aiv.c310.bc
2	Vector/Collective/prefix-sum-product.mlir	cumsum_3d_uint32_t_dim0	1	Vector	Vector/Cumsum.aiv.c310.bc	meta_op.aiv.c310.bc
2	Vector/Collective/prefix-sum-product.mlir	cumsum_3d_uint32_t_dim1	1	Vector	Vector/Cumsum.aiv.c310.bc	meta_op.aiv.c310.bc
2	Vector/Collective/prefix-sum-product.mlir	cumsum_3d_uint8_t_dim0	1	Vector	Vector/Cumsum.aiv.c310.bc	meta_op.aiv.c310.bc
2	Vector/Collective/prefix-sum-product.mlir	cumsum_3d_uint8_t_dim1	1	Vector	Vector/Cumsum.aiv.c310.bc	meta_op.aiv.c310.bc
2	Vector/Collective/rearrangement.mlir	flip_1d_bfloat16_t	1	Vector	Vector/Flip1D.aiv.c310.bc	meta_op.aiv.c310.bc
2	Vector/Collective/rearrangement.mlir	flip_1d_float	1	Vector	Vector/Flip1D.aiv.c310.bc	meta_op.aiv.c310.bc
2	Vector/Collective/rearrangement.mlir	flip_1d_half	1	Vector	Vector/Flip1D.aiv.c310.bc	meta_op.aiv.c310.bc
2	Vector/Collective/rearrangement.mlir	flip_1d_int16_t	1	Vector	Vector/Flip1D.aiv.c310.bc	meta_op.aiv.c310.bc
2	Vector/Collective/rearrangement.mlir	flip_1d_int32_t	1	Vector	Vector/Flip1D.aiv.c310.bc	meta_op.aiv.c310.bc
2	Vector/Collective/rearrangement.mlir	flip_1d_int64_t	1	Vector	Vector/Flip1D.aiv.c310.bc	meta_op.aiv.c310.bc
2	Vector/Collective/rearrangement.mlir	flip_1d_int8_t	1	Vector	Vector/Flip1D.aiv.c310.bc	meta_op.aiv.c310.bc
2	Vector/Collective/rearrangement.mlir	flip_1d_uint16_t	1	Vector	Vector/Flip1D.aiv.c310.bc	meta_op.aiv.c310.bc
2	Vector/Collective/rearrangement.mlir	flip_1d_uint32_t	1	Vector	Vector/Flip1D.aiv.c310.bc	meta_op.aiv.c310.bc
2	Vector/Collective/rearrangement.mlir	flip_1d_uint64_t	1	Vector	Vector/Flip1D.aiv.c310.bc	meta_op.aiv.c310.bc
2	Vector/Collective/rearrangement.mlir	flip_1d_uint8_t	1	Vector	Vector/Flip1D.aiv.c310.bc	meta_op.aiv.c310.bc
2	Vector/Collective/reduction-with-index.mlir	reduce_max_with_index_left_ar_float	1	Vector	Vector/ReductionWithIndex.aiv.c310.bc	meta_op.aiv.c310.bc
2	Vector/Collective/reduction-with-index.mlir	reduce_max_with_index_left_ar_half	1	Vector	Vector/ReductionWithIndex.aiv.c310.bc	meta_op.aiv.c310.bc
2	Vector/Collective/reduction-with-index.mlir	reduce_max_with_index_left_ar_int16_t	1	Vector	Vector/ReductionWithIndex.aiv.c310.bc	meta_op.aiv.c310.bc
2	Vector/Collective/reduction-with-index.mlir	reduce_max_with_index_left_ar_int32_t	1	Vector	Vector/ReductionWithIndex.aiv.c310.bc	meta_op.aiv.c310.bc
2	Vector/Collective/reduction-with-index.mlir	reduce_max_with_index_left_ar_int64_t	1	Vector	Vector/ReductionWithIndex.aiv.c310.bc	meta_op.aiv.c310.bc
2	Vector/Collective/reduction-with-index.mlir	reduce_max_with_index_left_r_float	1	Vector	Vector/ReductionWithIndex.aiv.c310.bc	meta_op.aiv.c310.bc
2	Vector/Collective/reduction-with-index.mlir	reduce_max_with_index_left_r_half	1	Vector	Vector/ReductionWithIndex.aiv.c310.bc	meta_op.aiv.c310.bc
2	Vector/Collective/reduction-with-index.mlir	reduce_max_with_index_left_r_int16_t	1	Vector	Vector/ReductionWithIndex.aiv.c310.bc	meta_op.aiv.c310.bc
2	Vector/Collective/reduction-with-index.mlir	reduce_max_with_index_left_r_int32_t	1	Vector	Vector/ReductionWithIndex.aiv.c310.bc	meta_op.aiv.c310.bc
2	Vector/Collective/reduction-with-index.mlir	reduce_max_with_index_left_r_int64_t	1	Vector	Vector/ReductionWithIndex.aiv.c310.bc	meta_op.aiv.c310.bc
2	Vector/Collective/reduction-with-index.mlir	reduce_max_with_index_left_ra0a1_float	1	Vector	Vector/ReductionWithIndex.aiv.c310.bc	meta_op.aiv.c310.bc
2	Vector/Collective/reduction-with-index.mlir	reduce_max_with_index_left_ra0a1_half	1	Vector	Vector/ReductionWithIndex.aiv.c310.bc	meta_op.aiv.c310.bc
2	Vector/Collective/reduction-with-index.mlir	reduce_max_with_index_left_ra0a1_int16_t	1	Vector	Vector/ReductionWithIndex.aiv.c310.bc	meta_op.aiv.c310.bc
2	Vector/Collective/reduction-with-index.mlir	reduce_max_with_index_left_ra0a1_int32_t	1	Vector	Vector/ReductionWithIndex.aiv.c310.bc	meta_op.aiv.c310.bc
2	Vector/Collective/reduction-with-index.mlir	reduce_max_with_index_left_ra0a1_int64_t	1	Vector	Vector/ReductionWithIndex.aiv.c310.bc	meta_op.aiv.c310.bc
2	Vector/Collective/reduction-with-index.mlir	reduce_max_with_index_left_ra_float	1	Vector	Vector/ReductionWithIndex.aiv.c310.bc	meta_op.aiv.c310.bc
2	Vector/Collective/reduction-with-index.mlir	reduce_max_with_index_left_ra_half	1	Vector	Vector/ReductionWithIndex.aiv.c310.bc	meta_op.aiv.c310.bc
2	Vector/Collective/reduction-with-index.mlir	reduce_max_with_index_left_ra_int16_t	1	Vector	Vector/ReductionWithIndex.aiv.c310.bc	meta_op.aiv.c310.bc
2	Vector/Collective/reduction-with-index.mlir	reduce_max_with_index_left_ra_int32_t	1	Vector	Vector/ReductionWithIndex.aiv.c310.bc	meta_op.aiv.c310.bc
2	Vector/Collective/reduction-with-index.mlir	reduce_max_with_index_left_ra_int64_t	1	Vector	Vector/ReductionWithIndex.aiv.c310.bc	meta_op.aiv.c310.bc
2	Vector/Collective/reduction-with-index.mlir	reduce_max_with_index_right_ar_float	1	Vector	Vector/ReductionWithIndex.aiv.c310.bc	meta_op.aiv.c310.bc
2	Vector/Collective/reduction-with-index.mlir	reduce_max_with_index_right_ar_half	1	Vector	Vector/ReductionWithIndex.aiv.c310.bc	meta_op.aiv.c310.bc
2	Vector/Collective/reduction-with-index.mlir	reduce_max_with_index_right_ar_int16_t	1	Vector	Vector/ReductionWithIndex.aiv.c310.bc	meta_op.aiv.c310.bc
2	Vector/Collective/reduction-with-index.mlir	reduce_max_with_index_right_ar_int32_t	1	Vector	Vector/ReductionWithIndex.aiv.c310.bc	meta_op.aiv.c310.bc
2	Vector/Collective/reduction-with-index.mlir	reduce_max_with_index_right_ar_int64_t	1	Vector	Vector/ReductionWithIndex.aiv.c310.bc	meta_op.aiv.c310.bc
2	Vector/Collective/reduction-with-index.mlir	reduce_max_with_index_right_r_float	1	Vector	Vector/ReductionWithIndex.aiv.c310.bc	meta_op.aiv.c310.bc
2	Vector/Collective/reduction-with-index.mlir	reduce_max_with_index_right_r_half	1	Vector	Vector/ReductionWithIndex.aiv.c310.bc	meta_op.aiv.c310.bc
2	Vector/Collective/reduction-with-index.mlir	reduce_max_with_index_right_r_int16_t	1	Vector	Vector/ReductionWithIndex.aiv.c310.bc	meta_op.aiv.c310.bc
2	Vector/Collective/reduction-with-index.mlir	reduce_max_with_index_right_r_int32_t	1	Vector	Vector/ReductionWithIndex.aiv.c310.bc	meta_op.aiv.c310.bc
2	Vector/Collective/reduction-with-index.mlir	reduce_max_with_index_right_r_int64_t	1	Vector	Vector/ReductionWithIndex.aiv.c310.bc	meta_op.aiv.c310.bc
2	Vector/Collective/reduction-with-index.mlir	reduce_max_with_index_right_ra0a1_float	1	Vector	Vector/ReductionWithIndex.aiv.c310.bc	meta_op.aiv.c310.bc
2	Vector/Collective/reduction-with-index.mlir	reduce_max_with_index_right_ra0a1_half	1	Vector	Vector/ReductionWithIndex.aiv.c310.bc	meta_op.aiv.c310.bc
2	Vector/Collective/reduction-with-index.mlir	reduce_max_with_index_right_ra0a1_int16_t	1	Vector	Vector/ReductionWithIndex.aiv.c310.bc	meta_op.aiv.c310.bc
2	Vector/Collective/reduction-with-index.mlir	reduce_max_with_index_right_ra0a1_int32_t	1	Vector	Vector/ReductionWithIndex.aiv.c310.bc	meta_op.aiv.c310.bc
2	Vector/Collective/reduction-with-index.mlir	reduce_max_with_index_right_ra0a1_int64_t	1	Vector	Vector/ReductionWithIndex.aiv.c310.bc	meta_op.aiv.c310.bc
2	Vector/Collective/reduction-with-index.mlir	reduce_max_with_index_right_ra_float	1	Vector	Vector/ReductionWithIndex.aiv.c310.bc	meta_op.aiv.c310.bc
2	Vector/Collective/reduction-with-index.mlir	reduce_max_with_index_right_ra_half	1	Vector	Vector/ReductionWithIndex.aiv.c310.bc	meta_op.aiv.c310.bc
2	Vector/Collective/reduction-with-index.mlir	reduce_max_with_index_right_ra_int16_t	1	Vector	Vector/ReductionWithIndex.aiv.c310.bc	meta_op.aiv.c310.bc
2	Vector/Collective/reduction-with-index.mlir	reduce_max_with_index_right_ra_int32_t	1	Vector	Vector/ReductionWithIndex.aiv.c310.bc	meta_op.aiv.c310.bc
2	Vector/Collective/reduction-with-index.mlir	reduce_max_with_index_right_ra_int64_t	1	Vector	Vector/ReductionWithIndex.aiv.c310.bc	meta_op.aiv.c310.bc
2	Vector/Collective/reduction-with-index.mlir	reduce_min_with_index_left_ar_float	1	Vector	Vector/ReductionWithIndex.aiv.c310.bc	meta_op.aiv.c310.bc
2	Vector/Collective/reduction-with-index.mlir	reduce_min_with_index_left_ar_half	1	Vector	Vector/ReductionWithIndex.aiv.c310.bc	meta_op.aiv.c310.bc
2	Vector/Collective/reduction-with-index.mlir	reduce_min_with_index_left_ar_int16_t	1	Vector	Vector/ReductionWithIndex.aiv.c310.bc	meta_op.aiv.c310.bc
2	Vector/Collective/reduction-with-index.mlir	reduce_min_with_index_left_ar_int32_t	1	Vector	Vector/ReductionWithIndex.aiv.c310.bc	meta_op.aiv.c310.bc
2	Vector/Collective/reduction-with-index.mlir	reduce_min_with_index_left_ar_int64_t	1	Vector	Vector/ReductionWithIndex.aiv.c310.bc	meta_op.aiv.c310.bc
2	Vector/Collective/reduction-with-index.mlir	reduce_min_with_index_left_r_float	1	Vector	Vector/ReductionWithIndex.aiv.c310.bc	meta_op.aiv.c310.bc
2	Vector/Collective/reduction-with-index.mlir	reduce_min_with_index_left_r_half	1	Vector	Vector/ReductionWithIndex.aiv.c310.bc	meta_op.aiv.c310.bc
2	Vector/Collective/reduction-with-index.mlir	reduce_min_with_index_left_r_int16_t	1	Vector	Vector/ReductionWithIndex.aiv.c310.bc	meta_op.aiv.c310.bc
2	Vector/Collective/reduction-with-index.mlir	reduce_min_with_index_left_r_int32_t	1	Vector	Vector/ReductionWithIndex.aiv.c310.bc	meta_op.aiv.c310.bc
2	Vector/Collective/reduction-with-index.mlir	reduce_min_with_index_left_r_int64_t	1	Vector	Vector/ReductionWithIndex.aiv.c310.bc	meta_op.aiv.c310.bc
2	Vector/Collective/reduction-with-index.mlir	reduce_min_with_index_left_ra0a1_float	1	Vector	Vector/ReductionWithIndex.aiv.c310.bc	meta_op.aiv.c310.bc
2	Vector/Collective/reduction-with-index.mlir	reduce_min_with_index_left_ra0a1_half	1	Vector	Vector/ReductionWithIndex.aiv.c310.bc	meta_op.aiv.c310.bc
2	Vector/Collective/reduction-with-index.mlir	reduce_min_with_index_left_ra0a1_int16_t	1	Vector	Vector/ReductionWithIndex.aiv.c310.bc	meta_op.aiv.c310.bc
2	Vector/Collective/reduction-with-index.mlir	reduce_min_with_index_left_ra0a1_int32_t	1	Vector	Vector/ReductionWithIndex.aiv.c310.bc	meta_op.aiv.c310.bc
2	Vector/Collective/reduction-with-index.mlir	reduce_min_with_index_left_ra0a1_int64_t	1	Vector	Vector/ReductionWithIndex.aiv.c310.bc	meta_op.aiv.c310.bc
2	Vector/Collective/reduction-with-index.mlir	reduce_min_with_index_left_ra_float	1	Vector	Vector/ReductionWithIndex.aiv.c310.bc	meta_op.aiv.c310.bc
2	Vector/Collective/reduction-with-index.mlir	reduce_min_with_index_left_ra_half	1	Vector	Vector/ReductionWithIndex.aiv.c310.bc	meta_op.aiv.c310.bc
2	Vector/Collective/reduction-with-index.mlir	reduce_min_with_index_left_ra_int16_t	1	Vector	Vector/ReductionWithIndex.aiv.c310.bc	meta_op.aiv.c310.bc
2	Vector/Collective/reduction-with-index.mlir	reduce_min_with_index_left_ra_int32_t	1	Vector	Vector/ReductionWithIndex.aiv.c310.bc	meta_op.aiv.c310.bc
2	Vector/Collective/reduction-with-index.mlir	reduce_min_with_index_left_ra_int64_t	1	Vector	Vector/ReductionWithIndex.aiv.c310.bc	meta_op.aiv.c310.bc
2	Vector/Collective/reduction-with-index.mlir	reduce_min_with_index_right_ar_float	1	Vector	Vector/ReductionWithIndex.aiv.c310.bc	meta_op.aiv.c310.bc
2	Vector/Collective/reduction-with-index.mlir	reduce_min_with_index_right_ar_half	1	Vector	Vector/ReductionWithIndex.aiv.c310.bc	meta_op.aiv.c310.bc
2	Vector/Collective/reduction-with-index.mlir	reduce_min_with_index_right_ar_int16_t	1	Vector	Vector/ReductionWithIndex.aiv.c310.bc	meta_op.aiv.c310.bc
2	Vector/Collective/reduction-with-index.mlir	reduce_min_with_index_right_ar_int32_t	1	Vector	Vector/ReductionWithIndex.aiv.c310.bc	meta_op.aiv.c310.bc
2	Vector/Collective/reduction-with-index.mlir	reduce_min_with_index_right_ar_int64_t	1	Vector	Vector/ReductionWithIndex.aiv.c310.bc	meta_op.aiv.c310.bc
2	Vector/Collective/reduction-with-index.mlir	reduce_min_with_index_right_r_float	1	Vector	Vector/ReductionWithIndex.aiv.c310.bc	meta_op.aiv.c310.bc
2	Vector/Collective/reduction-with-index.mlir	reduce_min_with_index_right_r_half	1	Vector	Vector/ReductionWithIndex.aiv.c310.bc	meta_op.aiv.c310.bc
2	Vector/Collective/reduction-with-index.mlir	reduce_min_with_index_right_r_int16_t	1	Vector	Vector/ReductionWithIndex.aiv.c310.bc	meta_op.aiv.c310.bc
2	Vector/Collective/reduction-with-index.mlir	reduce_min_with_index_right_r_int32_t	1	Vector	Vector/ReductionWithIndex.aiv.c310.bc	meta_op.aiv.c310.bc
2	Vector/Collective/reduction-with-index.mlir	reduce_min_with_index_right_r_int64_t	1	Vector	Vector/ReductionWithIndex.aiv.c310.bc	meta_op.aiv.c310.bc
2	Vector/Collective/reduction-with-index.mlir	reduce_min_with_index_right_ra0a1_float	1	Vector	Vector/ReductionWithIndex.aiv.c310.bc	meta_op.aiv.c310.bc
2	Vector/Collective/reduction-with-index.mlir	reduce_min_with_index_right_ra0a1_half	1	Vector	Vector/ReductionWithIndex.aiv.c310.bc	meta_op.aiv.c310.bc
2	Vector/Collective/reduction-with-index.mlir	reduce_min_with_index_right_ra0a1_int16_t	1	Vector	Vector/ReductionWithIndex.aiv.c310.bc	meta_op.aiv.c310.bc
2	Vector/Collective/reduction-with-index.mlir	reduce_min_with_index_right_ra0a1_int32_t	1	Vector	Vector/ReductionWithIndex.aiv.c310.bc	meta_op.aiv.c310.bc
2	Vector/Collective/reduction-with-index.mlir	reduce_min_with_index_right_ra0a1_int64_t	1	Vector	Vector/ReductionWithIndex.aiv.c310.bc	meta_op.aiv.c310.bc
2	Vector/Collective/reduction-with-index.mlir	reduce_min_with_index_right_ra_float	1	Vector	Vector/ReductionWithIndex.aiv.c310.bc	meta_op.aiv.c310.bc
2	Vector/Collective/reduction-with-index.mlir	reduce_min_with_index_right_ra_half	1	Vector	Vector/ReductionWithIndex.aiv.c310.bc	meta_op.aiv.c310.bc
2	Vector/Collective/reduction-with-index.mlir	reduce_min_with_index_right_ra_int16_t	1	Vector	Vector/ReductionWithIndex.aiv.c310.bc	meta_op.aiv.c310.bc
2	Vector/Collective/reduction-with-index.mlir	reduce_min_with_index_right_ra_int32_t	1	Vector	Vector/ReductionWithIndex.aiv.c310.bc	meta_op.aiv.c310.bc
2	Vector/Collective/reduction-with-index.mlir	reduce_min_with_index_right_ra_int64_t	1	Vector	Vector/ReductionWithIndex.aiv.c310.bc	meta_op.aiv.c310.bc
2	Vector/Collective/sorting.mlir	sort_1d_float	1	Vector	Vector/Sort1D.aiv.c310.bc	meta_op.aiv.c310.bc
2	Vector/Collective/sorting.mlir	sort_1d_half	1	Vector	Vector/Sort1D.aiv.c310.bc	meta_op.aiv.c310.bc
2	Vector/Collective/sorting.mlir	sort_1d_int32_t	1	Vector	Vector/Sort1D.aiv.c310.bc	meta_op.aiv.c310.bc
2	Vector/Collective/sorting.mlir	sort_1d_int64_t	1	Vector	Vector/Sort1D.aiv.c310.bc	meta_op.aiv.c310.bc
2	Vector/Collective/sorting.mlir	sort_2d_float	1	Vector	Vector/Sort2D.aiv.c310.bc	meta_op.aiv.c310.bc
2	Vector/Collective/sorting.mlir	sort_2d_half	1	Vector	Vector/Sort2D.aiv.c310.bc	meta_op.aiv.c310.bc
2	Vector/Collective/sorting.mlir	sort_2d_int32_t	1	Vector	Vector/Sort2D.aiv.c310.bc	meta_op.aiv.c310.bc
2	Vector/Collective/sorting.mlir	sort_2d_int64_t	1	Vector	Vector/Sort2D.aiv.c310.bc	meta_op.aiv.c310.bc
2	Vector/DMA/gm-to-ub.mlir	load_gm_to_ubuf_1d_bfloat16_t	1	Vector	Vector/Copy1D.aiv.c310.bc	meta_op.aiv.c310.bc
2	Vector/DMA/gm-to-ub.mlir	load_gm_to_ubuf_1d_float	1	Vector	Vector/Copy1D.aiv.c310.bc	meta_op.aiv.c310.bc
2	Vector/DMA/gm-to-ub.mlir	load_gm_to_ubuf_1d_float8_e4m3_t	1	Vector	Vector/Copy1D.aiv.c310.bc	meta_op.aiv.c310.bc
2	Vector/DMA/gm-to-ub.mlir	load_gm_to_ubuf_1d_float8_e5m2_t	1	Vector	Vector/Copy1D.aiv.c310.bc	meta_op.aiv.c310.bc
2	Vector/DMA/gm-to-ub.mlir	load_gm_to_ubuf_1d_half	1	Vector	Vector/Copy1D.aiv.c310.bc	meta_op.aiv.c310.bc
2	Vector/DMA/gm-to-ub.mlir	load_gm_to_ubuf_1d_int16_t	1	Vector	Vector/Copy1D.aiv.c310.bc	meta_op.aiv.c310.bc
2	Vector/DMA/gm-to-ub.mlir	load_gm_to_ubuf_1d_int32_t	1	Vector	Vector/Copy1D.aiv.c310.bc	meta_op.aiv.c310.bc
2	Vector/DMA/gm-to-ub.mlir	load_gm_to_ubuf_1d_int64_t	1	Vector	Vector/Copy1D.aiv.c310.bc	meta_op.aiv.c310.bc
2	Vector/DMA/gm-to-ub.mlir	load_gm_to_ubuf_1d_int8_t	1	Vector	Vector/Copy1D.aiv.c310.bc	meta_op.aiv.c310.bc
2	Vector/DMA/gm-to-ub.mlir	load_gm_to_ubuf_1d_uint16_t	1	Vector	Vector/Copy1D.aiv.c310.bc	meta_op.aiv.c310.bc
2	Vector/DMA/gm-to-ub.mlir	load_gm_to_ubuf_1d_uint32_t	1	Vector	Vector/Copy1D.aiv.c310.bc	meta_op.aiv.c310.bc
2	Vector/DMA/gm-to-ub.mlir	load_gm_to_ubuf_1d_uint64_t	1	Vector	Vector/Copy1D.aiv.c310.bc	meta_op.aiv.c310.bc
2	Vector/DMA/gm-to-ub.mlir	load_gm_to_ubuf_1d_uint8_t	1	Vector	Vector/Copy1D.aiv.c310.bc	meta_op.aiv.c310.bc
2	Vector/DMA/gm-to-ub.mlir	load_gm_to_ubuf_2d_bfloat16_t	1	Vector	Vector/Copy2D.aiv.c310.bc	meta_op.aiv.c310.bc
2	Vector/DMA/gm-to-ub.mlir	load_gm_to_ubuf_2d_float	1	Vector	Vector/Copy2D.aiv.c310.bc	meta_op.aiv.c310.bc
2	Vector/DMA/gm-to-ub.mlir	load_gm_to_ubuf_2d_float8_e4m3_t	1	Vector	Vector/Copy2D.aiv.c310.bc	meta_op.aiv.c310.bc
2	Vector/DMA/gm-to-ub.mlir	load_gm_to_ubuf_2d_float8_e5m2_t	1	Vector	Vector/Copy2D.aiv.c310.bc	meta_op.aiv.c310.bc
2	Vector/DMA/gm-to-ub.mlir	load_gm_to_ubuf_2d_half	1	Vector	Vector/Copy2D.aiv.c310.bc	meta_op.aiv.c310.bc
2	Vector/DMA/gm-to-ub.mlir	load_gm_to_ubuf_2d_int16_t	1	Vector	Vector/Copy2D.aiv.c310.bc	meta_op.aiv.c310.bc
2	Vector/DMA/gm-to-ub.mlir	load_gm_to_ubuf_2d_int32_t	1	Vector	Vector/Copy2D.aiv.c310.bc	meta_op.aiv.c310.bc
2	Vector/DMA/gm-to-ub.mlir	load_gm_to_ubuf_2d_int64_t	1	Vector	Vector/Copy2D.aiv.c310.bc	meta_op.aiv.c310.bc
2	Vector/DMA/gm-to-ub.mlir	load_gm_to_ubuf_2d_int8_t	1	Vector	Vector/Copy2D.aiv.c310.bc	meta_op.aiv.c310.bc
2	Vector/DMA/gm-to-ub.mlir	load_gm_to_ubuf_2d_uint16_t	1	Vector	Vector/Copy2D.aiv.c310.bc	meta_op.aiv.c310.bc
2	Vector/DMA/gm-to-ub.mlir	load_gm_to_ubuf_2d_uint32_t	1	Vector	Vector/Copy2D.aiv.c310.bc	meta_op.aiv.c310.bc
2	Vector/DMA/gm-to-ub.mlir	load_gm_to_ubuf_2d_uint64_t	1	Vector	Vector/Copy2D.aiv.c310.bc	meta_op.aiv.c310.bc
2	Vector/DMA/gm-to-ub.mlir	load_gm_to_ubuf_2d_uint8_t	1	Vector	Vector/Copy2D.aiv.c310.bc	meta_op.aiv.c310.bc
2	Vector/DMA/gm-to-ub.mlir	load_gm_to_ubuf_3d_bfloat16_t	1	Vector	Vector/Copy3D.aiv.c310.bc	meta_op.aiv.c310.bc
2	Vector/DMA/gm-to-ub.mlir	load_gm_to_ubuf_3d_float	1	Vector	Vector/Copy3D.aiv.c310.bc	meta_op.aiv.c310.bc
2	Vector/DMA/gm-to-ub.mlir	load_gm_to_ubuf_3d_float8_e4m3_t	1	Vector	Vector/Copy3D.aiv.c310.bc	meta_op.aiv.c310.bc
2	Vector/DMA/gm-to-ub.mlir	load_gm_to_ubuf_3d_float8_e5m2_t	1	Vector	Vector/Copy3D.aiv.c310.bc	meta_op.aiv.c310.bc
2	Vector/DMA/gm-to-ub.mlir	load_gm_to_ubuf_3d_half	1	Vector	Vector/Copy3D.aiv.c310.bc	meta_op.aiv.c310.bc
2	Vector/DMA/gm-to-ub.mlir	load_gm_to_ubuf_3d_int16_t	1	Vector	Vector/Copy3D.aiv.c310.bc	meta_op.aiv.c310.bc
2	Vector/DMA/gm-to-ub.mlir	load_gm_to_ubuf_3d_int32_t	1	Vector	Vector/Copy3D.aiv.c310.bc	meta_op.aiv.c310.bc
2	Vector/DMA/gm-to-ub.mlir	load_gm_to_ubuf_3d_int64_t	1	Vector	Vector/Copy3D.aiv.c310.bc	meta_op.aiv.c310.bc
2	Vector/DMA/gm-to-ub.mlir	load_gm_to_ubuf_3d_int8_t	1	Vector	Vector/Copy3D.aiv.c310.bc	meta_op.aiv.c310.bc
2	Vector/DMA/gm-to-ub.mlir	load_gm_to_ubuf_3d_uint16_t	1	Vector	Vector/Copy3D.aiv.c310.bc	meta_op.aiv.c310.bc
2	Vector/DMA/gm-to-ub.mlir	load_gm_to_ubuf_3d_uint32_t	1	Vector	Vector/Copy3D.aiv.c310.bc	meta_op.aiv.c310.bc
2	Vector/DMA/gm-to-ub.mlir	load_gm_to_ubuf_3d_uint64_t	1	Vector	Vector/Copy3D.aiv.c310.bc	meta_op.aiv.c310.bc
2	Vector/DMA/gm-to-ub.mlir	load_gm_to_ubuf_3d_uint8_t	1	Vector	Vector/Copy3D.aiv.c310.bc	meta_op.aiv.c310.bc
2	Vector/DMA/ub-to-gm.mlir	store_ubuf_to_gm_1d_bfloat16_t	1	Vector	Vector/Copy1D.aiv.c310.bc	meta_op.aiv.c310.bc
2	Vector/DMA/ub-to-gm.mlir	store_ubuf_to_gm_1d_float	1	Vector	Vector/Copy1D.aiv.c310.bc	meta_op.aiv.c310.bc
2	Vector/DMA/ub-to-gm.mlir	store_ubuf_to_gm_1d_float8_e4m3_t	1	Vector	Vector/Copy1D.aiv.c310.bc	meta_op.aiv.c310.bc
2	Vector/DMA/ub-to-gm.mlir	store_ubuf_to_gm_1d_float8_e5m2_t	1	Vector	Vector/Copy1D.aiv.c310.bc	meta_op.aiv.c310.bc
2	Vector/DMA/ub-to-gm.mlir	store_ubuf_to_gm_1d_half	1	Vector	Vector/Copy1D.aiv.c310.bc	meta_op.aiv.c310.bc
2	Vector/DMA/ub-to-gm.mlir	store_ubuf_to_gm_1d_int16_t	1	Vector	Vector/Copy1D.aiv.c310.bc	meta_op.aiv.c310.bc
2	Vector/DMA/ub-to-gm.mlir	store_ubuf_to_gm_1d_int32_t	1	Vector	Vector/Copy1D.aiv.c310.bc	meta_op.aiv.c310.bc
2	Vector/DMA/ub-to-gm.mlir	store_ubuf_to_gm_1d_int64_t	1	Vector	Vector/Copy1D.aiv.c310.bc	meta_op.aiv.c310.bc
2	Vector/DMA/ub-to-gm.mlir	store_ubuf_to_gm_1d_int8_t	1	Vector	Vector/Copy1D.aiv.c310.bc	meta_op.aiv.c310.bc
2	Vector/DMA/ub-to-gm.mlir	store_ubuf_to_gm_1d_uint16_t	1	Vector	Vector/Copy1D.aiv.c310.bc	meta_op.aiv.c310.bc
2	Vector/DMA/ub-to-gm.mlir	store_ubuf_to_gm_1d_uint32_t	1	Vector	Vector/Copy1D.aiv.c310.bc	meta_op.aiv.c310.bc
2	Vector/DMA/ub-to-gm.mlir	store_ubuf_to_gm_1d_uint64_t	1	Vector	Vector/Copy1D.aiv.c310.bc	meta_op.aiv.c310.bc
2	Vector/DMA/ub-to-gm.mlir	store_ubuf_to_gm_1d_uint8_t	1	Vector	Vector/Copy1D.aiv.c310.bc	meta_op.aiv.c310.bc
2	Vector/DMA/ub-to-gm.mlir	store_ubuf_to_gm_2d_bfloat16_t	1	Vector	Vector/Copy2D.aiv.c310.bc	meta_op.aiv.c310.bc
2	Vector/DMA/ub-to-gm.mlir	store_ubuf_to_gm_2d_float	1	Vector	Vector/Copy2D.aiv.c310.bc	meta_op.aiv.c310.bc
2	Vector/DMA/ub-to-gm.mlir	store_ubuf_to_gm_2d_float8_e4m3_t	1	Vector	Vector/Copy2D.aiv.c310.bc	meta_op.aiv.c310.bc
2	Vector/DMA/ub-to-gm.mlir	store_ubuf_to_gm_2d_float8_e5m2_t	1	Vector	Vector/Copy2D.aiv.c310.bc	meta_op.aiv.c310.bc
2	Vector/DMA/ub-to-gm.mlir	store_ubuf_to_gm_2d_half	1	Vector	Vector/Copy2D.aiv.c310.bc	meta_op.aiv.c310.bc
2	Vector/DMA/ub-to-gm.mlir	store_ubuf_to_gm_2d_int16_t	1	Vector	Vector/Copy2D.aiv.c310.bc	meta_op.aiv.c310.bc
2	Vector/DMA/ub-to-gm.mlir	store_ubuf_to_gm_2d_int32_t	1	Vector	Vector/Copy2D.aiv.c310.bc	meta_op.aiv.c310.bc
2	Vector/DMA/ub-to-gm.mlir	store_ubuf_to_gm_2d_int64_t	1	Vector	Vector/Copy2D.aiv.c310.bc	meta_op.aiv.c310.bc
2	Vector/DMA/ub-to-gm.mlir	store_ubuf_to_gm_2d_int8_t	1	Vector	Vector/Copy2D.aiv.c310.bc	meta_op.aiv.c310.bc
2	Vector/DMA/ub-to-gm.mlir	store_ubuf_to_gm_2d_uint16_t	1	Vector	Vector/Copy2D.aiv.c310.bc	meta_op.aiv.c310.bc
2	Vector/DMA/ub-to-gm.mlir	store_ubuf_to_gm_2d_uint32_t	1	Vector	Vector/Copy2D.aiv.c310.bc	meta_op.aiv.c310.bc
2	Vector/DMA/ub-to-gm.mlir	store_ubuf_to_gm_2d_uint64_t	1	Vector	Vector/Copy2D.aiv.c310.bc	meta_op.aiv.c310.bc
2	Vector/DMA/ub-to-gm.mlir	store_ubuf_to_gm_2d_uint8_t	1	Vector	Vector/Copy2D.aiv.c310.bc	meta_op.aiv.c310.bc
2	Vector/DMA/ub-to-gm.mlir	store_ubuf_to_gm_3d_bfloat16_t	1	Vector	Vector/Copy3D.aiv.c310.bc	meta_op.aiv.c310.bc
2	Vector/DMA/ub-to-gm.mlir	store_ubuf_to_gm_3d_float	1	Vector	Vector/Copy3D.aiv.c310.bc	meta_op.aiv.c310.bc
2	Vector/DMA/ub-to-gm.mlir	store_ubuf_to_gm_3d_float8_e4m3_t	1	Vector	Vector/Copy3D.aiv.c310.bc	meta_op.aiv.c310.bc
2	Vector/DMA/ub-to-gm.mlir	store_ubuf_to_gm_3d_float8_e5m2_t	1	Vector	Vector/Copy3D.aiv.c310.bc	meta_op.aiv.c310.bc
2	Vector/DMA/ub-to-gm.mlir	store_ubuf_to_gm_3d_half	1	Vector	Vector/Copy3D.aiv.c310.bc	meta_op.aiv.c310.bc
2	Vector/DMA/ub-to-gm.mlir	store_ubuf_to_gm_3d_int16_t	1	Vector	Vector/Copy3D.aiv.c310.bc	meta_op.aiv.c310.bc
2	Vector/DMA/ub-to-gm.mlir	store_ubuf_to_gm_3d_int32_t	1	Vector	Vector/Copy3D.aiv.c310.bc	meta_op.aiv.c310.bc
2	Vector/DMA/ub-to-gm.mlir	store_ubuf_to_gm_3d_int64_t	1	Vector	Vector/Copy3D.aiv.c310.bc	meta_op.aiv.c310.bc
2	Vector/DMA/ub-to-gm.mlir	store_ubuf_to_gm_3d_int8_t	1	Vector	Vector/Copy3D.aiv.c310.bc	meta_op.aiv.c310.bc
2	Vector/DMA/ub-to-gm.mlir	store_ubuf_to_gm_3d_uint16_t	1	Vector	Vector/Copy3D.aiv.c310.bc	meta_op.aiv.c310.bc
2	Vector/DMA/ub-to-gm.mlir	store_ubuf_to_gm_3d_uint32_t	1	Vector	Vector/Copy3D.aiv.c310.bc	meta_op.aiv.c310.bc
2	Vector/DMA/ub-to-gm.mlir	store_ubuf_to_gm_3d_uint64_t	1	Vector	Vector/Copy3D.aiv.c310.bc	meta_op.aiv.c310.bc
2	Vector/DMA/ub-to-gm.mlir	store_ubuf_to_gm_3d_uint8_t	1	Vector	Vector/Copy3D.aiv.c310.bc	meta_op.aiv.c310.bc
2	Vector/DMA/ub-to-l1.mlir	copy_ubuf_to_cbuf_1d_bfloat16_t	1	Vector	Vector/Copy1D.aiv.c310.bc	meta_op.aiv.c310.bc
2	Vector/DMA/ub-to-l1.mlir	copy_ubuf_to_cbuf_1d_float	1	Vector	Vector/Copy1D.aiv.c310.bc	meta_op.aiv.c310.bc
2	Vector/DMA/ub-to-l1.mlir	copy_ubuf_to_cbuf_1d_float8_e4m3_t	1	Vector	Vector/Copy1D.aiv.c310.bc	meta_op.aiv.c310.bc
2	Vector/DMA/ub-to-l1.mlir	copy_ubuf_to_cbuf_1d_float8_e5m2_t	1	Vector	Vector/Copy1D.aiv.c310.bc	meta_op.aiv.c310.bc
2	Vector/DMA/ub-to-l1.mlir	copy_ubuf_to_cbuf_1d_half	1	Vector	Vector/Copy1D.aiv.c310.bc	meta_op.aiv.c310.bc
2	Vector/DMA/ub-to-l1.mlir	copy_ubuf_to_cbuf_1d_int16_t	1	Vector	Vector/Copy1D.aiv.c310.bc	meta_op.aiv.c310.bc
2	Vector/DMA/ub-to-l1.mlir	copy_ubuf_to_cbuf_1d_int32_t	1	Vector	Vector/Copy1D.aiv.c310.bc	meta_op.aiv.c310.bc
2	Vector/DMA/ub-to-l1.mlir	copy_ubuf_to_cbuf_1d_int8_t	1	Vector	Vector/Copy1D.aiv.c310.bc	meta_op.aiv.c310.bc
2	Vector/DMA/ub-to-l1.mlir	copy_ubuf_to_cbuf_1d_uint16_t	1	Vector	Vector/Copy1D.aiv.c310.bc	meta_op.aiv.c310.bc
2	Vector/DMA/ub-to-l1.mlir	copy_ubuf_to_cbuf_1d_uint32_t	1	Vector	Vector/Copy1D.aiv.c310.bc	meta_op.aiv.c310.bc
2	Vector/DMA/ub-to-l1.mlir	copy_ubuf_to_cbuf_1d_uint8_t	1	Vector	Vector/Copy1D.aiv.c310.bc	meta_op.aiv.c310.bc
2	Vector/DMA/ub-to-l1.mlir	copy_ubuf_to_cbuf_2d_bfloat16_t	1	Vector	Vector/Copy2D.aiv.c310.bc	meta_op.aiv.c310.bc
2	Vector/DMA/ub-to-l1.mlir	copy_ubuf_to_cbuf_2d_float	1	Vector	Vector/Copy2D.aiv.c310.bc	meta_op.aiv.c310.bc
2	Vector/DMA/ub-to-l1.mlir	copy_ubuf_to_cbuf_2d_float8_e4m3_t	1	Vector	Vector/Copy2D.aiv.c310.bc	meta_op.aiv.c310.bc
2	Vector/DMA/ub-to-l1.mlir	copy_ubuf_to_cbuf_2d_float8_e5m2_t	1	Vector	Vector/Copy2D.aiv.c310.bc	meta_op.aiv.c310.bc
2	Vector/DMA/ub-to-l1.mlir	copy_ubuf_to_cbuf_2d_half	1	Vector	Vector/Copy2D.aiv.c310.bc	meta_op.aiv.c310.bc
2	Vector/DMA/ub-to-l1.mlir	copy_ubuf_to_cbuf_2d_int16_t	1	Vector	Vector/Copy2D.aiv.c310.bc	meta_op.aiv.c310.bc
2	Vector/DMA/ub-to-l1.mlir	copy_ubuf_to_cbuf_2d_int32_t	1	Vector	Vector/Copy2D.aiv.c310.bc	meta_op.aiv.c310.bc
2	Vector/DMA/ub-to-l1.mlir	copy_ubuf_to_cbuf_2d_int8_t	1	Vector	Vector/Copy2D.aiv.c310.bc	meta_op.aiv.c310.bc
2	Vector/DMA/ub-to-l1.mlir	copy_ubuf_to_cbuf_2d_uint16_t	1	Vector	Vector/Copy2D.aiv.c310.bc	meta_op.aiv.c310.bc
2	Vector/DMA/ub-to-l1.mlir	copy_ubuf_to_cbuf_2d_uint32_t	1	Vector	Vector/Copy2D.aiv.c310.bc	meta_op.aiv.c310.bc
2	Vector/DMA/ub-to-l1.mlir	copy_ubuf_to_cbuf_2d_uint8_t	1	Vector	Vector/Copy2D.aiv.c310.bc	meta_op.aiv.c310.bc
2	Vector/DMA/ub-to-l1.mlir	copy_ubuf_to_cbuf_3d_bfloat16_t	1	Vector	Vector/Copy3D.aiv.c310.bc	meta_op.aiv.c310.bc
2	Vector/DMA/ub-to-l1.mlir	copy_ubuf_to_cbuf_3d_float	1	Vector	Vector/Copy3D.aiv.c310.bc	meta_op.aiv.c310.bc
2	Vector/DMA/ub-to-l1.mlir	copy_ubuf_to_cbuf_3d_float8_e4m3_t	1	Vector	Vector/Copy3D.aiv.c310.bc	meta_op.aiv.c310.bc
2	Vector/DMA/ub-to-l1.mlir	copy_ubuf_to_cbuf_3d_float8_e5m2_t	1	Vector	Vector/Copy3D.aiv.c310.bc	meta_op.aiv.c310.bc
2	Vector/DMA/ub-to-l1.mlir	copy_ubuf_to_cbuf_3d_half	1	Vector	Vector/Copy3D.aiv.c310.bc	meta_op.aiv.c310.bc
2	Vector/DMA/ub-to-l1.mlir	copy_ubuf_to_cbuf_3d_int16_t	1	Vector	Vector/Copy3D.aiv.c310.bc	meta_op.aiv.c310.bc
2	Vector/DMA/ub-to-l1.mlir	copy_ubuf_to_cbuf_3d_int32_t	1	Vector	Vector/Copy3D.aiv.c310.bc	meta_op.aiv.c310.bc
2	Vector/DMA/ub-to-l1.mlir	copy_ubuf_to_cbuf_3d_int8_t	1	Vector	Vector/Copy3D.aiv.c310.bc	meta_op.aiv.c310.bc
2	Vector/DMA/ub-to-l1.mlir	copy_ubuf_to_cbuf_3d_uint16_t	1	Vector	Vector/Copy3D.aiv.c310.bc	meta_op.aiv.c310.bc
2	Vector/DMA/ub-to-l1.mlir	copy_ubuf_to_cbuf_3d_uint32_t	1	Vector	Vector/Copy3D.aiv.c310.bc	meta_op.aiv.c310.bc
2	Vector/DMA/ub-to-l1.mlir	copy_ubuf_to_cbuf_3d_uint8_t	1	Vector	Vector/Copy3D.aiv.c310.bc	meta_op.aiv.c310.bc
2	Vector/DMA/ub-to-ub.mlir	copy_ubuf_to_ubuf_1d_bfloat16_t	1	Vector	Vector/Copy1D.aiv.c310.bc	meta_op.aiv.c310.bc
2	Vector/DMA/ub-to-ub.mlir	copy_ubuf_to_ubuf_1d_bool	1	Vector	Vector/Copy1D.aiv.c310.bc	meta_op.aiv.c310.bc
2	Vector/DMA/ub-to-ub.mlir	copy_ubuf_to_ubuf_1d_float	1	Vector	Vector/Copy1D.aiv.c310.bc	meta_op.aiv.c310.bc
2	Vector/DMA/ub-to-ub.mlir	copy_ubuf_to_ubuf_1d_float8_e4m3_t	1	Vector	Vector/Copy1D.aiv.c310.bc	meta_op.aiv.c310.bc
2	Vector/DMA/ub-to-ub.mlir	copy_ubuf_to_ubuf_1d_float8_e5m2_t	1	Vector	Vector/Copy1D.aiv.c310.bc	meta_op.aiv.c310.bc
2	Vector/DMA/ub-to-ub.mlir	copy_ubuf_to_ubuf_1d_half	1	Vector	Vector/Copy1D.aiv.c310.bc	meta_op.aiv.c310.bc
2	Vector/DMA/ub-to-ub.mlir	copy_ubuf_to_ubuf_1d_int16_t	1	Vector	Vector/Copy1D.aiv.c310.bc	meta_op.aiv.c310.bc
2	Vector/DMA/ub-to-ub.mlir	copy_ubuf_to_ubuf_1d_int32_t	1	Vector	Vector/Copy1D.aiv.c310.bc	meta_op.aiv.c310.bc
2	Vector/DMA/ub-to-ub.mlir	copy_ubuf_to_ubuf_1d_int64_t	1	Vector	Vector/Copy1D.aiv.c310.bc	meta_op.aiv.c310.bc
2	Vector/DMA/ub-to-ub.mlir	copy_ubuf_to_ubuf_1d_int8_t	1	Vector	Vector/Copy1D.aiv.c310.bc	meta_op.aiv.c310.bc
2	Vector/DMA/ub-to-ub.mlir	copy_ubuf_to_ubuf_1d_uint16_t	1	Vector	Vector/Copy1D.aiv.c310.bc	meta_op.aiv.c310.bc
2	Vector/DMA/ub-to-ub.mlir	copy_ubuf_to_ubuf_1d_uint32_t	1	Vector	Vector/Copy1D.aiv.c310.bc	meta_op.aiv.c310.bc
2	Vector/DMA/ub-to-ub.mlir	copy_ubuf_to_ubuf_1d_uint64_t	1	Vector	Vector/Copy1D.aiv.c310.bc	meta_op.aiv.c310.bc
2	Vector/DMA/ub-to-ub.mlir	copy_ubuf_to_ubuf_1d_uint8_t	1	Vector	Vector/Copy1D.aiv.c310.bc	meta_op.aiv.c310.bc
2	Vector/DMA/ub-to-ub.mlir	copy_ubuf_to_ubuf_2d_bfloat16_t	1	Vector	Vector/Copy2D.aiv.c310.bc	meta_op.aiv.c310.bc
2	Vector/DMA/ub-to-ub.mlir	copy_ubuf_to_ubuf_2d_bool	1	Vector	Vector/Copy2D.aiv.c310.bc	meta_op.aiv.c310.bc
2	Vector/DMA/ub-to-ub.mlir	copy_ubuf_to_ubuf_2d_float	1	Vector	Vector/Copy2D.aiv.c310.bc	meta_op.aiv.c310.bc
2	Vector/DMA/ub-to-ub.mlir	copy_ubuf_to_ubuf_2d_float8_e4m3_t	1	Vector	Vector/Copy2D.aiv.c310.bc	meta_op.aiv.c310.bc
2	Vector/DMA/ub-to-ub.mlir	copy_ubuf_to_ubuf_2d_float8_e5m2_t	1	Vector	Vector/Copy2D.aiv.c310.bc	meta_op.aiv.c310.bc
2	Vector/DMA/ub-to-ub.mlir	copy_ubuf_to_ubuf_2d_half	1	Vector	Vector/Copy2D.aiv.c310.bc	meta_op.aiv.c310.bc
2	Vector/DMA/ub-to-ub.mlir	copy_ubuf_to_ubuf_2d_int16_t	1	Vector	Vector/Copy2D.aiv.c310.bc	meta_op.aiv.c310.bc
2	Vector/DMA/ub-to-ub.mlir	copy_ubuf_to_ubuf_2d_int32_t	1	Vector	Vector/Copy2D.aiv.c310.bc	meta_op.aiv.c310.bc
2	Vector/DMA/ub-to-ub.mlir	copy_ubuf_to_ubuf_2d_int64_t	1	Vector	Vector/Copy2D.aiv.c310.bc	meta_op.aiv.c310.bc
2	Vector/DMA/ub-to-ub.mlir	copy_ubuf_to_ubuf_2d_int8_t	1	Vector	Vector/Copy2D.aiv.c310.bc	meta_op.aiv.c310.bc
2	Vector/DMA/ub-to-ub.mlir	copy_ubuf_to_ubuf_2d_uint16_t	1	Vector	Vector/Copy2D.aiv.c310.bc	meta_op.aiv.c310.bc
2	Vector/DMA/ub-to-ub.mlir	copy_ubuf_to_ubuf_2d_uint32_t	1	Vector	Vector/Copy2D.aiv.c310.bc	meta_op.aiv.c310.bc
2	Vector/DMA/ub-to-ub.mlir	copy_ubuf_to_ubuf_2d_uint64_t	1	Vector	Vector/Copy2D.aiv.c310.bc	meta_op.aiv.c310.bc
2	Vector/DMA/ub-to-ub.mlir	copy_ubuf_to_ubuf_2d_uint8_t	1	Vector	Vector/Copy2D.aiv.c310.bc	meta_op.aiv.c310.bc
2	Vector/DMA/ub-to-ub.mlir	copy_ubuf_to_ubuf_3d_bfloat16_t	1	Vector	Vector/Copy3D.aiv.c310.bc	meta_op.aiv.c310.bc
2	Vector/DMA/ub-to-ub.mlir	copy_ubuf_to_ubuf_3d_bool	1	Vector	Vector/Copy3D.aiv.c310.bc	meta_op.aiv.c310.bc
2	Vector/DMA/ub-to-ub.mlir	copy_ubuf_to_ubuf_3d_float	1	Vector	Vector/Copy3D.aiv.c310.bc	meta_op.aiv.c310.bc
2	Vector/DMA/ub-to-ub.mlir	copy_ubuf_to_ubuf_3d_float8_e4m3_t	1	Vector	Vector/Copy3D.aiv.c310.bc	meta_op.aiv.c310.bc
2	Vector/DMA/ub-to-ub.mlir	copy_ubuf_to_ubuf_3d_float8_e5m2_t	1	Vector	Vector/Copy3D.aiv.c310.bc	meta_op.aiv.c310.bc
2	Vector/DMA/ub-to-ub.mlir	copy_ubuf_to_ubuf_3d_half	1	Vector	Vector/Copy3D.aiv.c310.bc	meta_op.aiv.c310.bc
2	Vector/DMA/ub-to-ub.mlir	copy_ubuf_to_ubuf_3d_int16_t	1	Vector	Vector/Copy3D.aiv.c310.bc	meta_op.aiv.c310.bc
2	Vector/DMA/ub-to-ub.mlir	copy_ubuf_to_ubuf_3d_int32_t	1	Vector	Vector/Copy3D.aiv.c310.bc	meta_op.aiv.c310.bc
2	Vector/DMA/ub-to-ub.mlir	copy_ubuf_to_ubuf_3d_int64_t	1	Vector	Vector/Copy3D.aiv.c310.bc	meta_op.aiv.c310.bc
2	Vector/DMA/ub-to-ub.mlir	copy_ubuf_to_ubuf_3d_int8_t	1	Vector	Vector/Copy3D.aiv.c310.bc	meta_op.aiv.c310.bc
2	Vector/DMA/ub-to-ub.mlir	copy_ubuf_to_ubuf_3d_uint16_t	1	Vector	Vector/Copy3D.aiv.c310.bc	meta_op.aiv.c310.bc
2	Vector/DMA/ub-to-ub.mlir	copy_ubuf_to_ubuf_3d_uint32_t	1	Vector	Vector/Copy3D.aiv.c310.bc	meta_op.aiv.c310.bc
2	Vector/DMA/ub-to-ub.mlir	copy_ubuf_to_ubuf_3d_uint64_t	1	Vector	Vector/Copy3D.aiv.c310.bc	meta_op.aiv.c310.bc
2	Vector/DMA/ub-to-ub.mlir	copy_ubuf_to_ubuf_3d_uint8_t	1	Vector	Vector/Copy3D.aiv.c310.bc	meta_op.aiv.c310.bc
2	Vector/Integer64/arithmetic.mlir	vabs_int64_t	1	Vector	Vector/VecOpI64.aiv.c310.bc	meta_op.aiv.c310.bc
2	Vector/Integer64/arithmetic.mlir	vadd_int64_t	1	Vector	Vector/VecOpI64.aiv.c310.bc	meta_op.aiv.c310.bc
2	Vector/Integer64/arithmetic.mlir	vadds_int64_t	1	Vector	Vector/VecOpI64.aiv.c310.bc	meta_op.aiv.c310.bc
2	Vector/Integer64/arithmetic.mlir	vand_int64_t	1	Vector	Vector/VecOpI64.aiv.c310.bc	meta_op.aiv.c310.bc
2	Vector/Integer64/arithmetic.mlir	vdiv_int64_t	1	Vector	Vector/VecOpI64.aiv.c310.bc	meta_op.aiv.c310.bc
2	Vector/Integer64/arithmetic.mlir	vdiv_uint64_t	1	Vector	Vector/VecOpI64.aiv.c310.bc	meta_op.aiv.c310.bc
2	Vector/Integer64/arithmetic.mlir	vmax_int64_t	1	Vector	Vector/VecOpI64.aiv.c310.bc	meta_op.aiv.c310.bc
2	Vector/Integer64/arithmetic.mlir	vmax_uint64_t	1	Vector	Vector/VecOpI64.aiv.c310.bc	meta_op.aiv.c310.bc
2	Vector/Integer64/arithmetic.mlir	vmaxs_int64_t	1	Vector	Vector/VecOpI64.aiv.c310.bc	meta_op.aiv.c310.bc
2	Vector/Integer64/arithmetic.mlir	vmaxs_uint64_t	1	Vector	Vector/VecOpI64.aiv.c310.bc	meta_op.aiv.c310.bc
2	Vector/Integer64/arithmetic.mlir	vmin_int64_t	1	Vector	Vector/VecOpI64.aiv.c310.bc	meta_op.aiv.c310.bc
2	Vector/Integer64/arithmetic.mlir	vmin_uint64_t	1	Vector	Vector/VecOpI64.aiv.c310.bc	meta_op.aiv.c310.bc
2	Vector/Integer64/arithmetic.mlir	vmins_int64_t	1	Vector	Vector/VecOpI64.aiv.c310.bc	meta_op.aiv.c310.bc
2	Vector/Integer64/arithmetic.mlir	vmins_uint64_t	1	Vector	Vector/VecOpI64.aiv.c310.bc	meta_op.aiv.c310.bc
2	Vector/Integer64/arithmetic.mlir	vmod_int64_t	1	Vector	Vector/VecOpI64.aiv.c310.bc	meta_op.aiv.c310.bc
2	Vector/Integer64/arithmetic.mlir	vmodui_int64_t	1	Vector	Vector/VecOpI64.aiv.c310.bc	meta_op.aiv.c310.bc
2	Vector/Integer64/arithmetic.mlir	vmul_int64_t	1	Vector	Vector/VecOpI64.aiv.c310.bc	meta_op.aiv.c310.bc
2	Vector/Integer64/arithmetic.mlir	vmuls_int64_t	1	Vector	Vector/VecOpI64.aiv.c310.bc	meta_op.aiv.c310.bc
2	Vector/Integer64/arithmetic.mlir	vneg_int64_t	1	Vector	Vector/VecOpI64.aiv.c310.bc	meta_op.aiv.c310.bc
2	Vector/Integer64/arithmetic.mlir	vnot_int64_t	1	Vector	Vector/VecOpI64.aiv.c310.bc	meta_op.aiv.c310.bc
2	Vector/Integer64/arithmetic.mlir	vor_int64_t	1	Vector	Vector/VecOpI64.aiv.c310.bc	meta_op.aiv.c310.bc
2	Vector/Integer64/arithmetic.mlir	vshl_int64_t	1	Vector	Vector/VecOpI64.aiv.c310.bc	meta_op.aiv.c310.bc
2	Vector/Integer64/arithmetic.mlir	vshls_int64_t	1	Vector	Vector/VecOpI64.aiv.c310.bc	meta_op.aiv.c310.bc
2	Vector/Integer64/arithmetic.mlir	vshr_int64_t	1	Vector	Vector/VecOpI64.aiv.c310.bc	meta_op.aiv.c310.bc
2	Vector/Integer64/arithmetic.mlir	vshrs_int64_t	1	Vector	Vector/VecOpI64.aiv.c310.bc	meta_op.aiv.c310.bc
2	Vector/Integer64/arithmetic.mlir	vsub_int64_t	1	Vector	Vector/VecOpI64.aiv.c310.bc	meta_op.aiv.c310.bc
2	Vector/Integer64/arithmetic.mlir	vxor_int64_t	1	Vector	Vector/VecOpI64.aiv.c310.bc	meta_op.aiv.c310.bc
2	Vector/Integer64/compare-select.mlir	vcmp_eq_int64_t	1	Vector	Vector/VecOpI64.aiv.c310.bc	meta_op.aiv.c310.bc
2	Vector/Integer64/compare-select.mlir	vcmp_ge_int64_t	1	Vector	Vector/VecOpI64.aiv.c310.bc	meta_op.aiv.c310.bc
2	Vector/Integer64/compare-select.mlir	vcmp_gt_int64_t	1	Vector	Vector/VecOpI64.aiv.c310.bc	meta_op.aiv.c310.bc
2	Vector/Integer64/compare-select.mlir	vcmp_le_int64_t	1	Vector	Vector/VecOpI64.aiv.c310.bc	meta_op.aiv.c310.bc
2	Vector/Integer64/compare-select.mlir	vcmp_lt_int64_t	1	Vector	Vector/VecOpI64.aiv.c310.bc	meta_op.aiv.c310.bc
2	Vector/Integer64/compare-select.mlir	vcmp_ne_int64_t	1	Vector	Vector/VecOpI64.aiv.c310.bc	meta_op.aiv.c310.bc
2	Vector/Integer64/compare-select.mlir	vcmp_uge_uint64_t	1	Vector	Vector/VecOpI64.aiv.c310.bc	meta_op.aiv.c310.bc
2	Vector/Integer64/compare-select.mlir	vcmp_ugt_uint64_t	1	Vector	Vector/VecOpI64.aiv.c310.bc	meta_op.aiv.c310.bc
2	Vector/Integer64/compare-select.mlir	vcmp_ule_uint64_t	1	Vector	Vector/VecOpI64.aiv.c310.bc	meta_op.aiv.c310.bc
2	Vector/Integer64/compare-select.mlir	vcmp_ult_uint64_t	1	Vector	Vector/VecOpI64.aiv.c310.bc	meta_op.aiv.c310.bc
2	Vector/Integer64/compare-select.mlir	vcmps_eq_int64_t	1	Vector	Vector/VecOpI64.aiv.c310.bc	meta_op.aiv.c310.bc
2	Vector/Integer64/compare-select.mlir	vcmps_ge_int64_t	1	Vector	Vector/VecOpI64.aiv.c310.bc	meta_op.aiv.c310.bc
2	Vector/Integer64/compare-select.mlir	vcmps_gt_int64_t	1	Vector	Vector/VecOpI64.aiv.c310.bc	meta_op.aiv.c310.bc
2	Vector/Integer64/compare-select.mlir	vcmps_le_int64_t	1	Vector	Vector/VecOpI64.aiv.c310.bc	meta_op.aiv.c310.bc
2	Vector/Integer64/compare-select.mlir	vcmps_lt_int64_t	1	Vector	Vector/VecOpI64.aiv.c310.bc	meta_op.aiv.c310.bc
2	Vector/Integer64/compare-select.mlir	vcmps_ne_int64_t	1	Vector	Vector/VecOpI64.aiv.c310.bc	meta_op.aiv.c310.bc
2	Vector/Integer64/compare-select.mlir	vsel_int64_t	1	Vector	Vector/VecOpI64.aiv.c310.bc	meta_op.aiv.c310.bc
2	Vector/Integer64/conversion.mlir	cast_float_to_int64_t	1	Vector	Vector/VecOpI64.aiv.c310.bc	meta_op.aiv.c310.bc
2	Vector/Integer64/conversion.mlir	cast_float_to_uint64_t	1	Vector	Vector/VecOpI64.aiv.c310.bc	meta_op.aiv.c310.bc
2	Vector/Integer64/conversion.mlir	cast_int32_t_to_int64_t	1	Vector	Vector/VecOpI64.aiv.c310.bc	meta_op.aiv.c310.bc
2	Vector/Integer64/conversion.mlir	cast_int64_t_to_float	1	Vector	Vector/VecOpI64.aiv.c310.bc	meta_op.aiv.c310.bc
2	Vector/Integer64/conversion.mlir	cast_int64_t_to_int32_t	1	Vector	Vector/VecOpI64.aiv.c310.bc	meta_op.aiv.c310.bc
2	Vector/Integer64/conversion.mlir	cast_int64_t_to_int32_t_sat	1	Vector	Vector/VecOpI64.aiv.c310.bc	meta_op.aiv.c310.bc
2	Vector/Integer64/conversion.mlir	cast_int64_t_to_uint32_t_sat	1	Vector	Vector/VecOpI64.aiv.c310.bc	meta_op.aiv.c310.bc
2	Vector/Integer64/conversion.mlir	cast_uint32_t_to_int64_t	1	Vector	Vector/VecOpI64.aiv.c310.bc	meta_op.aiv.c310.bc
2	Vector/Integer64/conversion.mlir	cast_uint64_t_to_float	1	Vector	Vector/VecOpI64.aiv.c310.bc	meta_op.aiv.c310.bc
2	Vector/Integer64/conversion.mlir	cast_uint64_t_to_int32_t_sat	1	Vector	Vector/VecOpI64.aiv.c310.bc	meta_op.aiv.c310.bc
2	Vector/Integer64/conversion.mlir	cast_uint64_t_to_uint32_t_sat	1	Vector	Vector/VecOpI64.aiv.c310.bc	meta_op.aiv.c310.bc
2	Vector/Integer64/dma-addressing.mlir	masked_store_NORM_B64_int64_t_rank0	1	Vector	Vector/VecOpI64.aiv.c310.bc	meta_op.aiv.c310.bc
2	Vector/Integer64/dma-addressing.mlir	masked_store_NORM_B64_int64_t_rank1	1	Vector	Vector/VecOpI64.aiv.c310.bc	meta_op.aiv.c310.bc
2	Vector/Integer64/dma-addressing.mlir	masked_store_NORM_B64_int64_t_rank2	1	Vector	Vector/VecOpI64.aiv.c310.bc	meta_op.aiv.c310.bc
2	Vector/Integer64/dma-addressing.mlir	masked_store_NORM_B64_int64_t_rank3	1	Vector	Vector/VecOpI64.aiv.c310.bc	meta_op.aiv.c310.bc
2	Vector/Integer64/dma-addressing.mlir	masked_store_NORM_B64_int64_t_rank4	1	Vector	Vector/VecOpI64.aiv.c310.bc	meta_op.aiv.c310.bc
2	Vector/Integer64/dma-addressing.mlir	masked_store_NORM_B64_int64_t_rank5	1	Vector	Vector/VecOpI64.aiv.c310.bc	meta_op.aiv.c310.bc
2	Vector/Integer64/dma-addressing.mlir	masked_store_NORM_B64_int64_t_rank6	1	Vector	Vector/VecOpI64.aiv.c310.bc	meta_op.aiv.c310.bc
2	Vector/Integer64/dma-addressing.mlir	masked_store_NORM_B64_int64_t_rank7	1	Vector	Vector/VecOpI64.aiv.c310.bc	meta_op.aiv.c310.bc
2	Vector/Integer64/dma-addressing.mlir	masked_store_NORM_B64_int64_t_rank8	1	Vector	Vector/VecOpI64.aiv.c310.bc	meta_op.aiv.c310.bc
2	Vector/Integer64/dma-addressing.mlir	masked_store_NORM_B64_int64_t_unalign_rank0	1	Vector	Vector/VecOpI64.aiv.c310.bc	meta_op.aiv.c310.bc
2	Vector/Integer64/dma-addressing.mlir	masked_store_NORM_B64_int64_t_unalign_rank1	1	Vector	Vector/VecOpI64.aiv.c310.bc	meta_op.aiv.c310.bc
2	Vector/Integer64/dma-addressing.mlir	masked_store_NORM_B64_int64_t_unalign_rank2	1	Vector	Vector/VecOpI64.aiv.c310.bc	meta_op.aiv.c310.bc
2	Vector/Integer64/dma-addressing.mlir	masked_store_NORM_B64_int64_t_unalign_rank3	1	Vector	Vector/VecOpI64.aiv.c310.bc	meta_op.aiv.c310.bc
2	Vector/Integer64/dma-addressing.mlir	masked_store_NORM_B64_int64_t_unalign_rank4	1	Vector	Vector/VecOpI64.aiv.c310.bc	meta_op.aiv.c310.bc
2	Vector/Integer64/dma-addressing.mlir	masked_store_NORM_B64_int64_t_unalign_rank5	1	Vector	Vector/VecOpI64.aiv.c310.bc	meta_op.aiv.c310.bc
2	Vector/Integer64/dma-addressing.mlir	masked_store_NORM_B64_int64_t_unalign_rank6	1	Vector	Vector/VecOpI64.aiv.c310.bc	meta_op.aiv.c310.bc
2	Vector/Integer64/dma-addressing.mlir	masked_store_NORM_B64_int64_t_unalign_rank7	1	Vector	Vector/VecOpI64.aiv.c310.bc	meta_op.aiv.c310.bc
2	Vector/Integer64/dma-addressing.mlir	masked_store_NORM_B64_int64_t_unalign_rank8	1	Vector	Vector/VecOpI64.aiv.c310.bc	meta_op.aiv.c310.bc
2	Vector/Integer64/dma-addressing.mlir	masked_store_ONEPT_B64_int64_t_rank0	1	Vector	Vector/VecOpI64.aiv.c310.bc	meta_op.aiv.c310.bc
2	Vector/Integer64/dma-addressing.mlir	masked_store_ONEPT_B64_int64_t_rank1	1	Vector	Vector/VecOpI64.aiv.c310.bc	meta_op.aiv.c310.bc
2	Vector/Integer64/dma-addressing.mlir	masked_store_ONEPT_B64_int64_t_rank2	1	Vector	Vector/VecOpI64.aiv.c310.bc	meta_op.aiv.c310.bc
2	Vector/Integer64/dma-addressing.mlir	masked_store_ONEPT_B64_int64_t_rank3	1	Vector	Vector/VecOpI64.aiv.c310.bc	meta_op.aiv.c310.bc
2	Vector/Integer64/dma-addressing.mlir	masked_store_ONEPT_B64_int64_t_rank4	1	Vector	Vector/VecOpI64.aiv.c310.bc	meta_op.aiv.c310.bc
2	Vector/Integer64/dma-addressing.mlir	masked_store_ONEPT_B64_int64_t_rank5	1	Vector	Vector/VecOpI64.aiv.c310.bc	meta_op.aiv.c310.bc
2	Vector/Integer64/dma-addressing.mlir	masked_store_ONEPT_B64_int64_t_rank6	1	Vector	Vector/VecOpI64.aiv.c310.bc	meta_op.aiv.c310.bc
2	Vector/Integer64/dma-addressing.mlir	masked_store_ONEPT_B64_int64_t_rank7	1	Vector	Vector/VecOpI64.aiv.c310.bc	meta_op.aiv.c310.bc
2	Vector/Integer64/dma-addressing.mlir	masked_store_ONEPT_B64_int64_t_rank8	1	Vector	Vector/VecOpI64.aiv.c310.bc	meta_op.aiv.c310.bc
2	Vector/Integer64/dma-addressing.mlir	vbr_int64_t	1	Vector	Vector/VecOpI64.aiv.c310.bc	meta_op.aiv.c310.bc
2	Vector/Integer64/dma-addressing.mlir	vci_int64_t	1	Vector	Vector/VecOpI64.aiv.c310.bc	meta_op.aiv.c310.bc
2	Vector/Integer64/dma-addressing.mlir	vdintlv_int64_t	1	Vector	Vector/VecOpI64.aiv.c310.bc	meta_op.aiv.c310.bc
2	Vector/Integer64/dma-addressing.mlir	vdup_int64_t	1	Vector	Vector/VecOpI64.aiv.c310.bc	meta_op.aiv.c310.bc
2	Vector/Integer64/dma-addressing.mlir	vdups_int64_t	1	Vector	Vector/VecOpI64.aiv.c310.bc	meta_op.aiv.c310.bc
2	Vector/Integer64/dma-addressing.mlir	vgather_int64_t_rank0	1	Vector	Vector/VecOpI64.aiv.c310.bc	meta_op.aiv.c310.bc
2	Vector/Integer64/dma-addressing.mlir	vgather_int64_t_rank1	1	Vector	Vector/VecOpI64.aiv.c310.bc	meta_op.aiv.c310.bc
2	Vector/Integer64/dma-addressing.mlir	vgather_int64_t_rank2	1	Vector	Vector/VecOpI64.aiv.c310.bc	meta_op.aiv.c310.bc
2	Vector/Integer64/dma-addressing.mlir	vgather_int64_t_rank3	1	Vector	Vector/VecOpI64.aiv.c310.bc	meta_op.aiv.c310.bc
2	Vector/Integer64/dma-addressing.mlir	vgather_int64_t_rank4	1	Vector	Vector/VecOpI64.aiv.c310.bc	meta_op.aiv.c310.bc
2	Vector/Integer64/dma-addressing.mlir	vgather_int64_t_rank5	1	Vector	Vector/VecOpI64.aiv.c310.bc	meta_op.aiv.c310.bc
2	Vector/Integer64/dma-addressing.mlir	vgather_int64_t_rank6	1	Vector	Vector/VecOpI64.aiv.c310.bc	meta_op.aiv.c310.bc
2	Vector/Integer64/dma-addressing.mlir	vgather_int64_t_rank7	1	Vector	Vector/VecOpI64.aiv.c310.bc	meta_op.aiv.c310.bc
2	Vector/Integer64/dma-addressing.mlir	vgather_int64_t_rank8	1	Vector	Vector/VecOpI64.aiv.c310.bc	meta_op.aiv.c310.bc
2	Vector/Integer64/dma-addressing.mlir	vintlv_int64_t	1	Vector	Vector/VecOpI64.aiv.c310.bc	meta_op.aiv.c310.bc
2	Vector/Integer64/dma-addressing.mlir	vload_BRC_B64_int64_t_rank0	1	Vector	Vector/VecOpI64.aiv.c310.bc	meta_op.aiv.c310.bc
2	Vector/Integer64/dma-addressing.mlir	vload_BRC_B64_int64_t_rank1	1	Vector	Vector/VecOpI64.aiv.c310.bc	meta_op.aiv.c310.bc
2	Vector/Integer64/dma-addressing.mlir	vload_BRC_B64_int64_t_rank2	1	Vector	Vector/VecOpI64.aiv.c310.bc	meta_op.aiv.c310.bc
2	Vector/Integer64/dma-addressing.mlir	vload_BRC_B64_int64_t_rank3	1	Vector	Vector/VecOpI64.aiv.c310.bc	meta_op.aiv.c310.bc
2	Vector/Integer64/dma-addressing.mlir	vload_BRC_B64_int64_t_rank4	1	Vector	Vector/VecOpI64.aiv.c310.bc	meta_op.aiv.c310.bc
2	Vector/Integer64/dma-addressing.mlir	vload_BRC_B64_int64_t_rank5	1	Vector	Vector/VecOpI64.aiv.c310.bc	meta_op.aiv.c310.bc
2	Vector/Integer64/dma-addressing.mlir	vload_BRC_B64_int64_t_rank6	1	Vector	Vector/VecOpI64.aiv.c310.bc	meta_op.aiv.c310.bc
2	Vector/Integer64/dma-addressing.mlir	vload_BRC_B64_int64_t_rank7	1	Vector	Vector/VecOpI64.aiv.c310.bc	meta_op.aiv.c310.bc
2	Vector/Integer64/dma-addressing.mlir	vload_BRC_B64_int64_t_rank8	1	Vector	Vector/VecOpI64.aiv.c310.bc	meta_op.aiv.c310.bc
2	Vector/Integer64/dma-addressing.mlir	vload_NORM_int64_t_rank0	1	Vector	Vector/VecOpI64.aiv.c310.bc	meta_op.aiv.c310.bc
2	Vector/Integer64/dma-addressing.mlir	vload_NORM_int64_t_rank1	1	Vector	Vector/VecOpI64.aiv.c310.bc	meta_op.aiv.c310.bc
2	Vector/Integer64/dma-addressing.mlir	vload_NORM_int64_t_rank2	1	Vector	Vector/VecOpI64.aiv.c310.bc	meta_op.aiv.c310.bc
2	Vector/Integer64/dma-addressing.mlir	vload_NORM_int64_t_rank3	1	Vector	Vector/VecOpI64.aiv.c310.bc	meta_op.aiv.c310.bc
2	Vector/Integer64/dma-addressing.mlir	vload_NORM_int64_t_rank4	1	Vector	Vector/VecOpI64.aiv.c310.bc	meta_op.aiv.c310.bc
2	Vector/Integer64/dma-addressing.mlir	vload_NORM_int64_t_rank5	1	Vector	Vector/VecOpI64.aiv.c310.bc	meta_op.aiv.c310.bc
2	Vector/Integer64/dma-addressing.mlir	vload_NORM_int64_t_rank6	1	Vector	Vector/VecOpI64.aiv.c310.bc	meta_op.aiv.c310.bc
2	Vector/Integer64/dma-addressing.mlir	vload_NORM_int64_t_rank7	1	Vector	Vector/VecOpI64.aiv.c310.bc	meta_op.aiv.c310.bc
2	Vector/Integer64/dma-addressing.mlir	vload_NORM_int64_t_rank8	1	Vector	Vector/VecOpI64.aiv.c310.bc	meta_op.aiv.c310.bc
2	Vector/Integer64/dma-addressing.mlir	vload_NORM_int64_t_unalign_rank0	1	Vector	Vector/VecOpI64.aiv.c310.bc	meta_op.aiv.c310.bc
2	Vector/Integer64/dma-addressing.mlir	vload_NORM_int64_t_unalign_rank1	1	Vector	Vector/VecOpI64.aiv.c310.bc	meta_op.aiv.c310.bc
2	Vector/Integer64/dma-addressing.mlir	vload_NORM_int64_t_unalign_rank2	1	Vector	Vector/VecOpI64.aiv.c310.bc	meta_op.aiv.c310.bc
2	Vector/Integer64/dma-addressing.mlir	vload_NORM_int64_t_unalign_rank3	1	Vector	Vector/VecOpI64.aiv.c310.bc	meta_op.aiv.c310.bc
2	Vector/Integer64/dma-addressing.mlir	vload_NORM_int64_t_unalign_rank4	1	Vector	Vector/VecOpI64.aiv.c310.bc	meta_op.aiv.c310.bc
2	Vector/Integer64/dma-addressing.mlir	vload_NORM_int64_t_unalign_rank5	1	Vector	Vector/VecOpI64.aiv.c310.bc	meta_op.aiv.c310.bc
2	Vector/Integer64/dma-addressing.mlir	vload_NORM_int64_t_unalign_rank6	1	Vector	Vector/VecOpI64.aiv.c310.bc	meta_op.aiv.c310.bc
2	Vector/Integer64/dma-addressing.mlir	vload_NORM_int64_t_unalign_rank7	1	Vector	Vector/VecOpI64.aiv.c310.bc	meta_op.aiv.c310.bc
2	Vector/Integer64/dma-addressing.mlir	vload_NORM_int64_t_unalign_rank8	1	Vector	Vector/VecOpI64.aiv.c310.bc	meta_op.aiv.c310.bc
2	Vector/Integer64/dma-addressing.mlir	vslide_int64_t	1	Vector	Vector/VecOpI64.aiv.c310.bc	meta_op.aiv.c310.bc
2	Vector/Integer64/reduction.mlir	vcadd_int64_t	1	Vector	Vector/VecOpI64.aiv.c310.bc	meta_op.aiv.c310.bc
2	Vector/Integer64/reduction.mlir	vcmax_int64_t	1	Vector	Vector/VecOpI64.aiv.c310.bc	meta_op.aiv.c310.bc
2	Vector/Integer64/reduction.mlir	vcmax_uint64_t	1	Vector	Vector/VecOpI64.aiv.c310.bc	meta_op.aiv.c310.bc
2	Vector/Integer64/reduction.mlir	vcmin_int64_t	1	Vector	Vector/VecOpI64.aiv.c310.bc	meta_op.aiv.c310.bc
2	Vector/Integer64/reduction.mlir	vcmin_uint64_t	1	Vector	Vector/VecOpI64.aiv.c310.bc	meta_op.aiv.c310.bc
2	Vector/Math/integer-special.mlir	simt_div_magic_mul_uint32_t	1	Vector	Vector/DivMagic.aiv.c310.bc	meta_op.aiv.c310.bc
2	Vector/Math/integer-special.mlir	simt_div_magic_shift_uint32_t	1	Vector	Vector/DivMagic.aiv.c310.bc	meta_op.aiv.c310.bc
2	Vector/Math/integer-special.mlir	simt_divrn_float	1	Vector	Vector/DivRn.aiv.c310.bc	meta_op.aiv.c310.bc
2	Vector/Math/integer-special.mlir	simt_float_as_int_float	1	Vector	Vector/FloatAsInt.aiv.c310.bc	meta_op.aiv.c310.bc
2	Vector/Math/integer-special.mlir	simt_isfinite_float	1	Vector	Vector/NumChecks.aiv.c310.bc	meta_op.aiv.c310.bc
2	Vector/Math/integer-special.mlir	simt_isinf_float	1	Vector	Vector/NumChecks.aiv.c310.bc	meta_op.aiv.c310.bc
2	Vector/Math/integer-special.mlir	simt_isnan_float	1	Vector	Vector/NumChecks.aiv.c310.bc	meta_op.aiv.c310.bc
2	Vector/Math/integer-special.mlir	simt_umulhi_uint32_t	1	Vector	Vector/Umulhi.aiv.c310.bc	meta_op.aiv.c310.bc
2	Vector/Math/integer-special.mlir	vdiv_1d_int16_t	1	Vector	Vector/Vdiv.aiv.c310.bc	meta_op.aiv.c310.bc
2	Vector/Math/integer-special.mlir	vdiv_1d_int32_t	1	Vector	Vector/Vdiv.aiv.c310.bc	meta_op.aiv.c310.bc
2	Vector/Math/integer-special.mlir	vdiv_1d_uint16_t	1	Vector	Vector/Vdiv.aiv.c310.bc	meta_op.aiv.c310.bc
2	Vector/Math/integer-special.mlir	vdiv_1d_uint32_t	1	Vector	Vector/Vdiv.aiv.c310.bc	meta_op.aiv.c310.bc
2	Vector/Math/integer-special.mlir	vdiv_2d_int16_t	1	Vector	Vector/Vdiv.aiv.c310.bc	meta_op.aiv.c310.bc
2	Vector/Math/integer-special.mlir	vdiv_2d_int32_t	1	Vector	Vector/Vdiv.aiv.c310.bc	meta_op.aiv.c310.bc
2	Vector/Math/integer-special.mlir	vdiv_3d_int16_t	1	Vector	Vector/Vdiv.aiv.c310.bc	meta_op.aiv.c310.bc
2	Vector/Math/integer-special.mlir	vdiv_3d_int32_t	1	Vector	Vector/Vdiv.aiv.c310.bc	meta_op.aiv.c310.bc
2	Vector/Math/integer-special.mlir	vdiv_4d_int16_t	1	Vector	Vector/Vdiv.aiv.c310.bc	meta_op.aiv.c310.bc
2	Vector/Math/integer-special.mlir	vdiv_4d_int32_t	1	Vector	Vector/Vdiv.aiv.c310.bc	meta_op.aiv.c310.bc
2	Vector/Math/integer-special.mlir	vdiv_5d_int16_t	1	Vector	Vector/Vdiv.aiv.c310.bc	meta_op.aiv.c310.bc
2	Vector/Math/integer-special.mlir	vdiv_5d_int32_t	1	Vector	Vector/Vdiv.aiv.c310.bc	meta_op.aiv.c310.bc
2	Vector/Math/integer-special.mlir	vdiv_6d_int16_t	1	Vector	Vector/Vdiv.aiv.c310.bc	meta_op.aiv.c310.bc
2	Vector/Math/integer-special.mlir	vdiv_6d_int32_t	1	Vector	Vector/Vdiv.aiv.c310.bc	meta_op.aiv.c310.bc
2	Vector/Math/integer-special.mlir	vdiv_7d_int16_t	1	Vector	Vector/Vdiv.aiv.c310.bc	meta_op.aiv.c310.bc
2	Vector/Math/integer-special.mlir	vdiv_7d_int32_t	1	Vector	Vector/Vdiv.aiv.c310.bc	meta_op.aiv.c310.bc
2	Vector/Math/integer-special.mlir	vdiv_8d_int16_t	1	Vector	Vector/Vdiv.aiv.c310.bc	meta_op.aiv.c310.bc
2	Vector/Math/integer-special.mlir	vdiv_8d_int32_t	1	Vector	Vector/Vdiv.aiv.c310.bc	meta_op.aiv.c310.bc
2	Vector/Math/integer-special.mlir	vdiv_int16_t	1	Vector	Vector/Vdiv.aiv.c310.bc	meta_op.aiv.c310.bc
2	Vector/Math/integer-special.mlir	vdiv_int32_t	1	Vector	Vector/Vdiv.aiv.c310.bc	meta_op.aiv.c310.bc
2	Vector/Math/integer-special.mlir	vdiv_uint16_t	1	Vector	Vector/Vdiv.aiv.c310.bc	meta_op.aiv.c310.bc
2	Vector/Math/integer-special.mlir	vdiv_uint32_t	1	Vector	Vector/Vdiv.aiv.c310.bc	meta_op.aiv.c310.bc
2	Vector/Math/integer-special.mlir	vdiv_vs_1d_int16_t	1	Vector	Vector/Vdiv.aiv.c310.bc	meta_op.aiv.c310.bc
2	Vector/Math/integer-special.mlir	vdiv_vs_1d_int32_t	1	Vector	Vector/Vdiv.aiv.c310.bc	meta_op.aiv.c310.bc
2	Vector/Math/integer-special.mlir	vdiv_vs_2d_int16_t	1	Vector	Vector/Vdiv.aiv.c310.bc	meta_op.aiv.c310.bc
2	Vector/Math/integer-special.mlir	vdiv_vs_2d_int32_t	1	Vector	Vector/Vdiv.aiv.c310.bc	meta_op.aiv.c310.bc
2	Vector/Math/integer-special.mlir	vdiv_vs_3d_int16_t	1	Vector	Vector/Vdiv.aiv.c310.bc	meta_op.aiv.c310.bc
2	Vector/Math/integer-special.mlir	vdiv_vs_3d_int32_t	1	Vector	Vector/Vdiv.aiv.c310.bc	meta_op.aiv.c310.bc
2	Vector/Math/integer-special.mlir	vdiv_vs_4d_int16_t	1	Vector	Vector/Vdiv.aiv.c310.bc	meta_op.aiv.c310.bc
2	Vector/Math/integer-special.mlir	vdiv_vs_4d_int32_t	1	Vector	Vector/Vdiv.aiv.c310.bc	meta_op.aiv.c310.bc
2	Vector/Math/integer-special.mlir	vdiv_vs_5d_int16_t	1	Vector	Vector/Vdiv.aiv.c310.bc	meta_op.aiv.c310.bc
2	Vector/Math/integer-special.mlir	vdiv_vs_5d_int32_t	1	Vector	Vector/Vdiv.aiv.c310.bc	meta_op.aiv.c310.bc
2	Vector/Math/integer-special.mlir	vdiv_vs_6d_int16_t	1	Vector	Vector/Vdiv.aiv.c310.bc	meta_op.aiv.c310.bc
2	Vector/Math/integer-special.mlir	vdiv_vs_6d_int32_t	1	Vector	Vector/Vdiv.aiv.c310.bc	meta_op.aiv.c310.bc
2	Vector/Math/integer-special.mlir	vdiv_vs_7d_int16_t	1	Vector	Vector/Vdiv.aiv.c310.bc	meta_op.aiv.c310.bc
2	Vector/Math/integer-special.mlir	vdiv_vs_7d_int32_t	1	Vector	Vector/Vdiv.aiv.c310.bc	meta_op.aiv.c310.bc
2	Vector/Math/integer-special.mlir	vdiv_vs_8d_int16_t	1	Vector	Vector/Vdiv.aiv.c310.bc	meta_op.aiv.c310.bc
2	Vector/Math/integer-special.mlir	vdiv_vs_8d_int32_t	1	Vector	Vector/Vdiv.aiv.c310.bc	meta_op.aiv.c310.bc
2	Vector/Math/integer-special.mlir	vdivfhp_float	1	Vector	Vector/Vdiv.aiv.c310.bc	meta_op.aiv.c310.bc
2	Vector/Math/integer-special.mlir	vmod_int16_t	1	Vector	Vector/Vmodui.aiv.c310.bc	meta_op.aiv.c310.bc
2	Vector/Math/integer-special.mlir	vmod_int32_t	1	Vector	Vector/Vmodui.aiv.c310.bc	meta_op.aiv.c310.bc
2	Vector/Math/integer-special.mlir	vmodui_int16_t	1	Vector	Vector/Vmodui.aiv.c310.bc	meta_op.aiv.c310.bc
2	Vector/Math/integer-special.mlir	vmodui_int32_t	1	Vector	Vector/Vmodui.aiv.c310.bc	meta_op.aiv.c310.bc
2	Vector/Math/logarithm-power.mlir	simt_log1p_float	1	Vector	Vector/Log1p.aiv.c310.bc	meta_op.aiv.c310.bc
2	Vector/Math/logarithm-power.mlir	simt_log1p_half	1	Vector	Vector/Log1p.aiv.c310.bc	meta_op.aiv.c310.bc
2	Vector/Math/logarithm-power.mlir	simt_log2_float	1	Vector	Vector/Log2.aiv.c310.bc	meta_op.aiv.c310.bc
2	Vector/Math/logarithm-power.mlir	simt_pow_bfloat16_t	1	Vector	Vector/Pow.aiv.c310.bc	meta_op.aiv.c310.bc
2	Vector/Math/logarithm-power.mlir	simt_pow_float	1	Vector	Vector/Pow.aiv.c310.bc	meta_op.aiv.c310.bc
2	Vector/Math/logarithm-power.mlir	simt_pow_half	1	Vector	Vector/Pow.aiv.c310.bc	meta_op.aiv.c310.bc
2	Vector/Math/logarithm-power.mlir	simt_pow_int32_t	1	Vector	Vector/Pow.aiv.c310.bc	meta_op.aiv.c310.bc
2	Vector/Math/nonlinear.mlir	simt_erf_bfloat16_t	1	Vector	Vector/Erf.aiv.c310.bc	meta_op.aiv.c310.bc
2	Vector/Math/nonlinear.mlir	simt_erf_float	1	Vector	Vector/Erf.aiv.c310.bc	meta_op.aiv.c310.bc
2	Vector/Math/nonlinear.mlir	simt_erf_half	1	Vector	Vector/Erf.aiv.c310.bc	meta_op.aiv.c310.bc
2	Vector/Math/nonlinear.mlir	simt_relu_float	1	Vector	Vector/Relu.aiv.c310.bc	meta_op.aiv.c310.bc
2	Vector/Math/nonlinear.mlir	simt_relu_half	1	Vector	Vector/Relu.aiv.c310.bc	meta_op.aiv.c310.bc
2	Vector/Math/nonlinear.mlir	simt_tanh_bfloat16_t	1	Vector	Vector/Tanh.aiv.c310.bc	meta_op.aiv.c310.bc
2	Vector/Math/nonlinear.mlir	simt_tanh_float	1	Vector	Vector/Tanh.aiv.c310.bc	meta_op.aiv.c310.bc
2	Vector/Math/nonlinear.mlir	simt_tanh_half	1	Vector	Vector/Tanh.aiv.c310.bc	meta_op.aiv.c310.bc
2	Vector/Math/reciprocal-rounding.mlir	simt_ilogb_float	1	Vector	Vector/Ilogb.aiv.c310.bc	meta_op.aiv.c310.bc
2	Vector/Math/reciprocal-rounding.mlir	simt_ilogb_half	1	Vector	Vector/Ilogb.aiv.c310.bc	meta_op.aiv.c310.bc
2	Vector/Math/reciprocal-rounding.mlir	simt_ldexp_float	1	Vector	Vector/Ldexp.aiv.c310.bc	meta_op.aiv.c310.bc
2	Vector/Math/reciprocal-rounding.mlir	simt_ldexp_half	1	Vector	Vector/Ldexp.aiv.c310.bc	meta_op.aiv.c310.bc
2	Vector/Math/reciprocal-rounding.mlir	simt_recip_float	1	Vector	Vector/Recip.aiv.c310.bc	meta_op.aiv.c310.bc
2	Vector/Math/reciprocal-rounding.mlir	simt_recip_half	1	Vector	Vector/Recip.aiv.c310.bc	meta_op.aiv.c310.bc
2	Vector/Math/reciprocal-rounding.mlir	simt_round_float	1	Vector	Vector/Round.aiv.c310.bc	meta_op.aiv.c310.bc
2	Vector/Math/reciprocal-rounding.mlir	simt_rsqrt_bfloat16_t	1	Vector	Vector/Rsqrt.aiv.c310.bc	meta_op.aiv.c310.bc
2	Vector/Math/reciprocal-rounding.mlir	simt_rsqrt_float	1	Vector	Vector/Rsqrt.aiv.c310.bc	meta_op.aiv.c310.bc
2	Vector/Math/reciprocal-rounding.mlir	simt_rsqrt_half	1	Vector	Vector/Rsqrt.aiv.c310.bc	meta_op.aiv.c310.bc
2	Vector/Math/trigonometric.mlir	simt_atan_float	1	Vector	Vector/Atan.aiv.c310.bc	meta_op.aiv.c310.bc
2	Vector/Math/trigonometric.mlir	simt_atan_half	1	Vector	Vector/Atan.aiv.c310.bc	meta_op.aiv.c310.bc
2	Vector/Math/trigonometric.mlir	simt_cos_bfloat16_t	1	Vector	Vector/Cos.aiv.c310.bc	meta_op.aiv.c310.bc
2	Vector/Math/trigonometric.mlir	simt_cos_float	1	Vector	Vector/Cos.aiv.c310.bc	meta_op.aiv.c310.bc
2	Vector/Math/trigonometric.mlir	simt_cos_half	1	Vector	Vector/Cos.aiv.c310.bc	meta_op.aiv.c310.bc
2	Vector/Math/trigonometric.mlir	simt_sin_bfloat16_t	1	Vector	Vector/Sin.aiv.c310.bc	meta_op.aiv.c310.bc
2	Vector/Math/trigonometric.mlir	simt_sin_float	1	Vector	Vector/Sin.aiv.c310.bc	meta_op.aiv.c310.bc
2	Vector/Math/trigonometric.mlir	simt_sin_half	1	Vector	Vector/Sin.aiv.c310.bc	meta_op.aiv.c310.bc
2	Vector/Math/trigonometric.mlir	simt_tan_float	1	Vector	Vector/Tan.aiv.c310.bc	meta_op.aiv.c310.bc
2	Vector/Math/trigonometric.mlir	simt_tan_half	1	Vector	Vector/Tan.aiv.c310.bc	meta_op.aiv.c310.bc
3	SIMT/Atomic/arithmetic.mlir	indirect_atomic_add_bfloat16_t_int32_t	1	SIMT	Vector/SIMTIndirectAtomic.aiv.c310.bc	meta_op.aiv.c310.bc
3	SIMT/Atomic/arithmetic.mlir	indirect_atomic_add_bfloat16_t_int64_t	1	SIMT	Vector/SIMTIndirectAtomic.aiv.c310.bc	meta_op.aiv.c310.bc
3	SIMT/Atomic/arithmetic.mlir	indirect_atomic_add_bfloat16x2_t_int32_t	1	SIMT	Vector/SIMTIndirectAtomic.aiv.c310.bc	meta_op.aiv.c310.bc
3	SIMT/Atomic/arithmetic.mlir	indirect_atomic_add_bfloat16x2_t_int64_t	1	SIMT	Vector/SIMTIndirectAtomic.aiv.c310.bc	meta_op.aiv.c310.bc
3	SIMT/Atomic/arithmetic.mlir	indirect_atomic_add_float_int32_t	1	SIMT	Vector/SIMTIndirectAtomic.aiv.c310.bc	meta_op.aiv.c310.bc
3	SIMT/Atomic/arithmetic.mlir	indirect_atomic_add_float_int64_t	1	SIMT	Vector/SIMTIndirectAtomic.aiv.c310.bc	meta_op.aiv.c310.bc
3	SIMT/Atomic/arithmetic.mlir	indirect_atomic_add_half2_int32_t	1	SIMT	Vector/SIMTIndirectAtomic.aiv.c310.bc	meta_op.aiv.c310.bc
3	SIMT/Atomic/arithmetic.mlir	indirect_atomic_add_half2_int64_t	1	SIMT	Vector/SIMTIndirectAtomic.aiv.c310.bc	meta_op.aiv.c310.bc
3	SIMT/Atomic/arithmetic.mlir	indirect_atomic_add_half_int32_t	1	SIMT	Vector/SIMTIndirectAtomic.aiv.c310.bc	meta_op.aiv.c310.bc
3	SIMT/Atomic/arithmetic.mlir	indirect_atomic_add_half_int64_t	1	SIMT	Vector/SIMTIndirectAtomic.aiv.c310.bc	meta_op.aiv.c310.bc
3	SIMT/Atomic/arithmetic.mlir	indirect_atomic_add_int32_t_int32_t	1	SIMT	Vector/SIMTIndirectAtomic.aiv.c310.bc	meta_op.aiv.c310.bc
3	SIMT/Atomic/arithmetic.mlir	indirect_atomic_add_int32_t_int64_t	1	SIMT	Vector/SIMTIndirectAtomic.aiv.c310.bc	meta_op.aiv.c310.bc
3	SIMT/Atomic/arithmetic.mlir	indirect_atomic_add_int64_t_int32_t	1	SIMT	Vector/SIMTIndirectAtomic.aiv.c310.bc	meta_op.aiv.c310.bc
3	SIMT/Atomic/arithmetic.mlir	indirect_atomic_add_int64_t_int64_t	1	SIMT	Vector/SIMTIndirectAtomic.aiv.c310.bc	meta_op.aiv.c310.bc
3	SIMT/Atomic/arithmetic.mlir	indirect_atomic_add_no_mask_bfloat16_t_int32_t	1	SIMT	Vector/SIMTIndirectAtomic.aiv.c310.bc	meta_op.aiv.c310.bc
3	SIMT/Atomic/arithmetic.mlir	indirect_atomic_add_no_mask_bfloat16_t_int64_t	1	SIMT	Vector/SIMTIndirectAtomic.aiv.c310.bc	meta_op.aiv.c310.bc
3	SIMT/Atomic/arithmetic.mlir	indirect_atomic_add_no_mask_bfloat16x2_t_int32_t	1	SIMT	Vector/SIMTIndirectAtomic.aiv.c310.bc	meta_op.aiv.c310.bc
3	SIMT/Atomic/arithmetic.mlir	indirect_atomic_add_no_mask_bfloat16x2_t_int64_t	1	SIMT	Vector/SIMTIndirectAtomic.aiv.c310.bc	meta_op.aiv.c310.bc
3	SIMT/Atomic/arithmetic.mlir	indirect_atomic_add_no_mask_float_int32_t	1	SIMT	Vector/SIMTIndirectAtomic.aiv.c310.bc	meta_op.aiv.c310.bc
3	SIMT/Atomic/arithmetic.mlir	indirect_atomic_add_no_mask_float_int64_t	1	SIMT	Vector/SIMTIndirectAtomic.aiv.c310.bc	meta_op.aiv.c310.bc
3	SIMT/Atomic/arithmetic.mlir	indirect_atomic_add_no_mask_half2_int32_t	1	SIMT	Vector/SIMTIndirectAtomic.aiv.c310.bc	meta_op.aiv.c310.bc
3	SIMT/Atomic/arithmetic.mlir	indirect_atomic_add_no_mask_half2_int64_t	1	SIMT	Vector/SIMTIndirectAtomic.aiv.c310.bc	meta_op.aiv.c310.bc
3	SIMT/Atomic/arithmetic.mlir	indirect_atomic_add_no_mask_half_int32_t	1	SIMT	Vector/SIMTIndirectAtomic.aiv.c310.bc	meta_op.aiv.c310.bc
3	SIMT/Atomic/arithmetic.mlir	indirect_atomic_add_no_mask_half_int64_t	1	SIMT	Vector/SIMTIndirectAtomic.aiv.c310.bc	meta_op.aiv.c310.bc
3	SIMT/Atomic/arithmetic.mlir	indirect_atomic_add_no_mask_int32_t_int32_t	1	SIMT	Vector/SIMTIndirectAtomic.aiv.c310.bc	meta_op.aiv.c310.bc
3	SIMT/Atomic/arithmetic.mlir	indirect_atomic_add_no_mask_int32_t_int64_t	1	SIMT	Vector/SIMTIndirectAtomic.aiv.c310.bc	meta_op.aiv.c310.bc
3	SIMT/Atomic/arithmetic.mlir	indirect_atomic_add_no_mask_int64_t_int32_t	1	SIMT	Vector/SIMTIndirectAtomic.aiv.c310.bc	meta_op.aiv.c310.bc
3	SIMT/Atomic/arithmetic.mlir	indirect_atomic_add_no_mask_int64_t_int64_t	1	SIMT	Vector/SIMTIndirectAtomic.aiv.c310.bc	meta_op.aiv.c310.bc
3	SIMT/Atomic/arithmetic.mlir	indirect_atomic_add_no_mask_uint32_t_int32_t	1	SIMT	Vector/SIMTIndirectAtomic.aiv.c310.bc	meta_op.aiv.c310.bc
3	SIMT/Atomic/arithmetic.mlir	indirect_atomic_add_no_mask_uint32_t_int64_t	1	SIMT	Vector/SIMTIndirectAtomic.aiv.c310.bc	meta_op.aiv.c310.bc
3	SIMT/Atomic/arithmetic.mlir	indirect_atomic_add_no_mask_uint64_t_int32_t	1	SIMT	Vector/SIMTIndirectAtomic.aiv.c310.bc	meta_op.aiv.c310.bc
3	SIMT/Atomic/arithmetic.mlir	indirect_atomic_add_no_mask_uint64_t_int64_t	1	SIMT	Vector/SIMTIndirectAtomic.aiv.c310.bc	meta_op.aiv.c310.bc
3	SIMT/Atomic/arithmetic.mlir	indirect_atomic_add_uint32_t_int32_t	1	SIMT	Vector/SIMTIndirectAtomic.aiv.c310.bc	meta_op.aiv.c310.bc
3	SIMT/Atomic/arithmetic.mlir	indirect_atomic_add_uint32_t_int64_t	1	SIMT	Vector/SIMTIndirectAtomic.aiv.c310.bc	meta_op.aiv.c310.bc
3	SIMT/Atomic/arithmetic.mlir	indirect_atomic_add_uint64_t_int32_t	1	SIMT	Vector/SIMTIndirectAtomic.aiv.c310.bc	meta_op.aiv.c310.bc
3	SIMT/Atomic/arithmetic.mlir	indirect_atomic_add_uint64_t_int64_t	1	SIMT	Vector/SIMTIndirectAtomic.aiv.c310.bc	meta_op.aiv.c310.bc
3	SIMT/Atomic/arithmetic.mlir	indirect_atomic_and_int32_t_int32_t	1	SIMT	Vector/SIMTIndirectAtomic.aiv.c310.bc	meta_op.aiv.c310.bc
3	SIMT/Atomic/arithmetic.mlir	indirect_atomic_and_int32_t_int64_t	1	SIMT	Vector/SIMTIndirectAtomic.aiv.c310.bc	meta_op.aiv.c310.bc
3	SIMT/Atomic/arithmetic.mlir	indirect_atomic_and_int64_t_int32_t	1	SIMT	Vector/SIMTIndirectAtomic.aiv.c310.bc	meta_op.aiv.c310.bc
3	SIMT/Atomic/arithmetic.mlir	indirect_atomic_and_int64_t_int64_t	1	SIMT	Vector/SIMTIndirectAtomic.aiv.c310.bc	meta_op.aiv.c310.bc
3	SIMT/Atomic/arithmetic.mlir	indirect_atomic_and_no_mask_int32_t_int32_t	1	SIMT	Vector/SIMTIndirectAtomic.aiv.c310.bc	meta_op.aiv.c310.bc
3	SIMT/Atomic/arithmetic.mlir	indirect_atomic_and_no_mask_int32_t_int64_t	1	SIMT	Vector/SIMTIndirectAtomic.aiv.c310.bc	meta_op.aiv.c310.bc
3	SIMT/Atomic/arithmetic.mlir	indirect_atomic_and_no_mask_int64_t_int32_t	1	SIMT	Vector/SIMTIndirectAtomic.aiv.c310.bc	meta_op.aiv.c310.bc
3	SIMT/Atomic/arithmetic.mlir	indirect_atomic_and_no_mask_int64_t_int64_t	1	SIMT	Vector/SIMTIndirectAtomic.aiv.c310.bc	meta_op.aiv.c310.bc
3	SIMT/Atomic/arithmetic.mlir	indirect_atomic_and_no_mask_uint32_t_int32_t	1	SIMT	Vector/SIMTIndirectAtomic.aiv.c310.bc	meta_op.aiv.c310.bc
3	SIMT/Atomic/arithmetic.mlir	indirect_atomic_and_no_mask_uint32_t_int64_t	1	SIMT	Vector/SIMTIndirectAtomic.aiv.c310.bc	meta_op.aiv.c310.bc
3	SIMT/Atomic/arithmetic.mlir	indirect_atomic_and_no_mask_uint64_t_int32_t	1	SIMT	Vector/SIMTIndirectAtomic.aiv.c310.bc	meta_op.aiv.c310.bc
3	SIMT/Atomic/arithmetic.mlir	indirect_atomic_and_no_mask_uint64_t_int64_t	1	SIMT	Vector/SIMTIndirectAtomic.aiv.c310.bc	meta_op.aiv.c310.bc
3	SIMT/Atomic/arithmetic.mlir	indirect_atomic_and_uint32_t_int32_t	1	SIMT	Vector/SIMTIndirectAtomic.aiv.c310.bc	meta_op.aiv.c310.bc
3	SIMT/Atomic/arithmetic.mlir	indirect_atomic_and_uint32_t_int64_t	1	SIMT	Vector/SIMTIndirectAtomic.aiv.c310.bc	meta_op.aiv.c310.bc
3	SIMT/Atomic/arithmetic.mlir	indirect_atomic_and_uint64_t_int32_t	1	SIMT	Vector/SIMTIndirectAtomic.aiv.c310.bc	meta_op.aiv.c310.bc
3	SIMT/Atomic/arithmetic.mlir	indirect_atomic_and_uint64_t_int64_t	1	SIMT	Vector/SIMTIndirectAtomic.aiv.c310.bc	meta_op.aiv.c310.bc
3	SIMT/Atomic/arithmetic.mlir	indirect_atomic_or_int32_t_int32_t	1	SIMT	Vector/SIMTIndirectAtomic.aiv.c310.bc	meta_op.aiv.c310.bc
3	SIMT/Atomic/arithmetic.mlir	indirect_atomic_or_int32_t_int64_t	1	SIMT	Vector/SIMTIndirectAtomic.aiv.c310.bc	meta_op.aiv.c310.bc
3	SIMT/Atomic/arithmetic.mlir	indirect_atomic_or_int64_t_int32_t	1	SIMT	Vector/SIMTIndirectAtomic.aiv.c310.bc	meta_op.aiv.c310.bc
3	SIMT/Atomic/arithmetic.mlir	indirect_atomic_or_int64_t_int64_t	1	SIMT	Vector/SIMTIndirectAtomic.aiv.c310.bc	meta_op.aiv.c310.bc
3	SIMT/Atomic/arithmetic.mlir	indirect_atomic_or_no_mask_int32_t_int32_t	1	SIMT	Vector/SIMTIndirectAtomic.aiv.c310.bc	meta_op.aiv.c310.bc
3	SIMT/Atomic/arithmetic.mlir	indirect_atomic_or_no_mask_int32_t_int64_t	1	SIMT	Vector/SIMTIndirectAtomic.aiv.c310.bc	meta_op.aiv.c310.bc
3	SIMT/Atomic/arithmetic.mlir	indirect_atomic_or_no_mask_int64_t_int32_t	1	SIMT	Vector/SIMTIndirectAtomic.aiv.c310.bc	meta_op.aiv.c310.bc
3	SIMT/Atomic/arithmetic.mlir	indirect_atomic_or_no_mask_int64_t_int64_t	1	SIMT	Vector/SIMTIndirectAtomic.aiv.c310.bc	meta_op.aiv.c310.bc
3	SIMT/Atomic/arithmetic.mlir	indirect_atomic_or_no_mask_uint32_t_int32_t	1	SIMT	Vector/SIMTIndirectAtomic.aiv.c310.bc	meta_op.aiv.c310.bc
3	SIMT/Atomic/arithmetic.mlir	indirect_atomic_or_no_mask_uint32_t_int64_t	1	SIMT	Vector/SIMTIndirectAtomic.aiv.c310.bc	meta_op.aiv.c310.bc
3	SIMT/Atomic/arithmetic.mlir	indirect_atomic_or_no_mask_uint64_t_int32_t	1	SIMT	Vector/SIMTIndirectAtomic.aiv.c310.bc	meta_op.aiv.c310.bc
3	SIMT/Atomic/arithmetic.mlir	indirect_atomic_or_no_mask_uint64_t_int64_t	1	SIMT	Vector/SIMTIndirectAtomic.aiv.c310.bc	meta_op.aiv.c310.bc
3	SIMT/Atomic/arithmetic.mlir	indirect_atomic_or_uint32_t_int32_t	1	SIMT	Vector/SIMTIndirectAtomic.aiv.c310.bc	meta_op.aiv.c310.bc
3	SIMT/Atomic/arithmetic.mlir	indirect_atomic_or_uint32_t_int64_t	1	SIMT	Vector/SIMTIndirectAtomic.aiv.c310.bc	meta_op.aiv.c310.bc
3	SIMT/Atomic/arithmetic.mlir	indirect_atomic_or_uint64_t_int32_t	1	SIMT	Vector/SIMTIndirectAtomic.aiv.c310.bc	meta_op.aiv.c310.bc
3	SIMT/Atomic/arithmetic.mlir	indirect_atomic_or_uint64_t_int64_t	1	SIMT	Vector/SIMTIndirectAtomic.aiv.c310.bc	meta_op.aiv.c310.bc
3	SIMT/Atomic/arithmetic.mlir	indirect_atomic_xor_int32_t_int32_t	1	SIMT	Vector/SIMTIndirectAtomic.aiv.c310.bc	meta_op.aiv.c310.bc
3	SIMT/Atomic/arithmetic.mlir	indirect_atomic_xor_int32_t_int64_t	1	SIMT	Vector/SIMTIndirectAtomic.aiv.c310.bc	meta_op.aiv.c310.bc
3	SIMT/Atomic/arithmetic.mlir	indirect_atomic_xor_int64_t_int32_t	1	SIMT	Vector/SIMTIndirectAtomic.aiv.c310.bc	meta_op.aiv.c310.bc
3	SIMT/Atomic/arithmetic.mlir	indirect_atomic_xor_int64_t_int64_t	1	SIMT	Vector/SIMTIndirectAtomic.aiv.c310.bc	meta_op.aiv.c310.bc
3	SIMT/Atomic/arithmetic.mlir	indirect_atomic_xor_no_mask_int32_t_int32_t	1	SIMT	Vector/SIMTIndirectAtomic.aiv.c310.bc	meta_op.aiv.c310.bc
3	SIMT/Atomic/arithmetic.mlir	indirect_atomic_xor_no_mask_int32_t_int64_t	1	SIMT	Vector/SIMTIndirectAtomic.aiv.c310.bc	meta_op.aiv.c310.bc
3	SIMT/Atomic/arithmetic.mlir	indirect_atomic_xor_no_mask_int64_t_int32_t	1	SIMT	Vector/SIMTIndirectAtomic.aiv.c310.bc	meta_op.aiv.c310.bc
3	SIMT/Atomic/arithmetic.mlir	indirect_atomic_xor_no_mask_int64_t_int64_t	1	SIMT	Vector/SIMTIndirectAtomic.aiv.c310.bc	meta_op.aiv.c310.bc
3	SIMT/Atomic/arithmetic.mlir	indirect_atomic_xor_no_mask_uint32_t_int32_t	1	SIMT	Vector/SIMTIndirectAtomic.aiv.c310.bc	meta_op.aiv.c310.bc
3	SIMT/Atomic/arithmetic.mlir	indirect_atomic_xor_no_mask_uint32_t_int64_t	1	SIMT	Vector/SIMTIndirectAtomic.aiv.c310.bc	meta_op.aiv.c310.bc
3	SIMT/Atomic/arithmetic.mlir	indirect_atomic_xor_no_mask_uint64_t_int32_t	1	SIMT	Vector/SIMTIndirectAtomic.aiv.c310.bc	meta_op.aiv.c310.bc
3	SIMT/Atomic/arithmetic.mlir	indirect_atomic_xor_no_mask_uint64_t_int64_t	1	SIMT	Vector/SIMTIndirectAtomic.aiv.c310.bc	meta_op.aiv.c310.bc
3	SIMT/Atomic/arithmetic.mlir	indirect_atomic_xor_uint32_t_int32_t	1	SIMT	Vector/SIMTIndirectAtomic.aiv.c310.bc	meta_op.aiv.c310.bc
3	SIMT/Atomic/arithmetic.mlir	indirect_atomic_xor_uint32_t_int64_t	1	SIMT	Vector/SIMTIndirectAtomic.aiv.c310.bc	meta_op.aiv.c310.bc
3	SIMT/Atomic/arithmetic.mlir	indirect_atomic_xor_uint64_t_int32_t	1	SIMT	Vector/SIMTIndirectAtomic.aiv.c310.bc	meta_op.aiv.c310.bc
3	SIMT/Atomic/arithmetic.mlir	indirect_atomic_xor_uint64_t_int64_t	1	SIMT	Vector/SIMTIndirectAtomic.aiv.c310.bc	meta_op.aiv.c310.bc
3	SIMT/Atomic/block.mlir	indirect_atomic_block_and_int32_t_int32_t	1	SIMT	Vector/SIMTIndirectAtomicBlock.aiv.c310.bc	meta_op.aiv.c310.bc
3	SIMT/Atomic/block.mlir	indirect_atomic_block_and_int32_t_int64_t	1	SIMT	Vector/SIMTIndirectAtomicBlock.aiv.c310.bc	meta_op.aiv.c310.bc
3	SIMT/Atomic/block.mlir	indirect_atomic_block_and_int64_t_int32_t	1	SIMT	Vector/SIMTIndirectAtomicBlock.aiv.c310.bc	meta_op.aiv.c310.bc
3	SIMT/Atomic/block.mlir	indirect_atomic_block_and_int64_t_int64_t	1	SIMT	Vector/SIMTIndirectAtomicBlock.aiv.c310.bc	meta_op.aiv.c310.bc
3	SIMT/Atomic/block.mlir	indirect_atomic_block_and_no_mask_int32_t_int32_t	1	SIMT	Vector/SIMTIndirectAtomicBlock.aiv.c310.bc	meta_op.aiv.c310.bc
3	SIMT/Atomic/block.mlir	indirect_atomic_block_and_no_mask_int32_t_int64_t	1	SIMT	Vector/SIMTIndirectAtomicBlock.aiv.c310.bc	meta_op.aiv.c310.bc
3	SIMT/Atomic/block.mlir	indirect_atomic_block_and_no_mask_int64_t_int32_t	1	SIMT	Vector/SIMTIndirectAtomicBlock.aiv.c310.bc	meta_op.aiv.c310.bc
3	SIMT/Atomic/block.mlir	indirect_atomic_block_and_no_mask_int64_t_int64_t	1	SIMT	Vector/SIMTIndirectAtomicBlock.aiv.c310.bc	meta_op.aiv.c310.bc
3	SIMT/Atomic/block.mlir	indirect_atomic_block_and_no_mask_uint32_t_int32_t	1	SIMT	Vector/SIMTIndirectAtomicBlock.aiv.c310.bc	meta_op.aiv.c310.bc
3	SIMT/Atomic/block.mlir	indirect_atomic_block_and_no_mask_uint32_t_int64_t	1	SIMT	Vector/SIMTIndirectAtomicBlock.aiv.c310.bc	meta_op.aiv.c310.bc
3	SIMT/Atomic/block.mlir	indirect_atomic_block_and_no_mask_uint64_t_int32_t	1	SIMT	Vector/SIMTIndirectAtomicBlock.aiv.c310.bc	meta_op.aiv.c310.bc
3	SIMT/Atomic/block.mlir	indirect_atomic_block_and_no_mask_uint64_t_int64_t	1	SIMT	Vector/SIMTIndirectAtomicBlock.aiv.c310.bc	meta_op.aiv.c310.bc
3	SIMT/Atomic/block.mlir	indirect_atomic_block_and_uint32_t_int32_t	1	SIMT	Vector/SIMTIndirectAtomicBlock.aiv.c310.bc	meta_op.aiv.c310.bc
3	SIMT/Atomic/block.mlir	indirect_atomic_block_and_uint32_t_int64_t	1	SIMT	Vector/SIMTIndirectAtomicBlock.aiv.c310.bc	meta_op.aiv.c310.bc
3	SIMT/Atomic/block.mlir	indirect_atomic_block_and_uint64_t_int32_t	1	SIMT	Vector/SIMTIndirectAtomicBlock.aiv.c310.bc	meta_op.aiv.c310.bc
3	SIMT/Atomic/block.mlir	indirect_atomic_block_and_uint64_t_int64_t	1	SIMT	Vector/SIMTIndirectAtomicBlock.aiv.c310.bc	meta_op.aiv.c310.bc
3	SIMT/Atomic/block.mlir	indirect_atomic_block_or_int32_t_int32_t	1	SIMT	Vector/SIMTIndirectAtomicBlock.aiv.c310.bc	meta_op.aiv.c310.bc
3	SIMT/Atomic/block.mlir	indirect_atomic_block_or_int32_t_int64_t	1	SIMT	Vector/SIMTIndirectAtomicBlock.aiv.c310.bc	meta_op.aiv.c310.bc
3	SIMT/Atomic/block.mlir	indirect_atomic_block_or_int64_t_int32_t	1	SIMT	Vector/SIMTIndirectAtomicBlock.aiv.c310.bc	meta_op.aiv.c310.bc
3	SIMT/Atomic/block.mlir	indirect_atomic_block_or_int64_t_int64_t	1	SIMT	Vector/SIMTIndirectAtomicBlock.aiv.c310.bc	meta_op.aiv.c310.bc
3	SIMT/Atomic/block.mlir	indirect_atomic_block_or_no_mask_int32_t_int32_t	1	SIMT	Vector/SIMTIndirectAtomicBlock.aiv.c310.bc	meta_op.aiv.c310.bc
3	SIMT/Atomic/block.mlir	indirect_atomic_block_or_no_mask_int32_t_int64_t	1	SIMT	Vector/SIMTIndirectAtomicBlock.aiv.c310.bc	meta_op.aiv.c310.bc
3	SIMT/Atomic/block.mlir	indirect_atomic_block_or_no_mask_int64_t_int32_t	1	SIMT	Vector/SIMTIndirectAtomicBlock.aiv.c310.bc	meta_op.aiv.c310.bc
3	SIMT/Atomic/block.mlir	indirect_atomic_block_or_no_mask_int64_t_int64_t	1	SIMT	Vector/SIMTIndirectAtomicBlock.aiv.c310.bc	meta_op.aiv.c310.bc
3	SIMT/Atomic/block.mlir	indirect_atomic_block_or_no_mask_uint32_t_int32_t	1	SIMT	Vector/SIMTIndirectAtomicBlock.aiv.c310.bc	meta_op.aiv.c310.bc
3	SIMT/Atomic/block.mlir	indirect_atomic_block_or_no_mask_uint32_t_int64_t	1	SIMT	Vector/SIMTIndirectAtomicBlock.aiv.c310.bc	meta_op.aiv.c310.bc
3	SIMT/Atomic/block.mlir	indirect_atomic_block_or_no_mask_uint64_t_int32_t	1	SIMT	Vector/SIMTIndirectAtomicBlock.aiv.c310.bc	meta_op.aiv.c310.bc
3	SIMT/Atomic/block.mlir	indirect_atomic_block_or_no_mask_uint64_t_int64_t	1	SIMT	Vector/SIMTIndirectAtomicBlock.aiv.c310.bc	meta_op.aiv.c310.bc
3	SIMT/Atomic/block.mlir	indirect_atomic_block_or_uint32_t_int32_t	1	SIMT	Vector/SIMTIndirectAtomicBlock.aiv.c310.bc	meta_op.aiv.c310.bc
3	SIMT/Atomic/block.mlir	indirect_atomic_block_or_uint32_t_int64_t	1	SIMT	Vector/SIMTIndirectAtomicBlock.aiv.c310.bc	meta_op.aiv.c310.bc
3	SIMT/Atomic/block.mlir	indirect_atomic_block_or_uint64_t_int32_t	1	SIMT	Vector/SIMTIndirectAtomicBlock.aiv.c310.bc	meta_op.aiv.c310.bc
3	SIMT/Atomic/block.mlir	indirect_atomic_block_or_uint64_t_int64_t	1	SIMT	Vector/SIMTIndirectAtomicBlock.aiv.c310.bc	meta_op.aiv.c310.bc
3	SIMT/Atomic/block.mlir	indirect_atomic_block_xor_int32_t_int32_t	1	SIMT	Vector/SIMTIndirectAtomicBlock.aiv.c310.bc	meta_op.aiv.c310.bc
3	SIMT/Atomic/block.mlir	indirect_atomic_block_xor_int32_t_int64_t	1	SIMT	Vector/SIMTIndirectAtomicBlock.aiv.c310.bc	meta_op.aiv.c310.bc
3	SIMT/Atomic/block.mlir	indirect_atomic_block_xor_int64_t_int32_t	1	SIMT	Vector/SIMTIndirectAtomicBlock.aiv.c310.bc	meta_op.aiv.c310.bc
3	SIMT/Atomic/block.mlir	indirect_atomic_block_xor_int64_t_int64_t	1	SIMT	Vector/SIMTIndirectAtomicBlock.aiv.c310.bc	meta_op.aiv.c310.bc
3	SIMT/Atomic/block.mlir	indirect_atomic_block_xor_no_mask_int32_t_int32_t	1	SIMT	Vector/SIMTIndirectAtomicBlock.aiv.c310.bc	meta_op.aiv.c310.bc
3	SIMT/Atomic/block.mlir	indirect_atomic_block_xor_no_mask_int32_t_int64_t	1	SIMT	Vector/SIMTIndirectAtomicBlock.aiv.c310.bc	meta_op.aiv.c310.bc
3	SIMT/Atomic/block.mlir	indirect_atomic_block_xor_no_mask_int64_t_int32_t	1	SIMT	Vector/SIMTIndirectAtomicBlock.aiv.c310.bc	meta_op.aiv.c310.bc
3	SIMT/Atomic/block.mlir	indirect_atomic_block_xor_no_mask_int64_t_int64_t	1	SIMT	Vector/SIMTIndirectAtomicBlock.aiv.c310.bc	meta_op.aiv.c310.bc
3	SIMT/Atomic/block.mlir	indirect_atomic_block_xor_no_mask_uint32_t_int32_t	1	SIMT	Vector/SIMTIndirectAtomicBlock.aiv.c310.bc	meta_op.aiv.c310.bc
3	SIMT/Atomic/block.mlir	indirect_atomic_block_xor_no_mask_uint32_t_int64_t	1	SIMT	Vector/SIMTIndirectAtomicBlock.aiv.c310.bc	meta_op.aiv.c310.bc
3	SIMT/Atomic/block.mlir	indirect_atomic_block_xor_no_mask_uint64_t_int32_t	1	SIMT	Vector/SIMTIndirectAtomicBlock.aiv.c310.bc	meta_op.aiv.c310.bc
3	SIMT/Atomic/block.mlir	indirect_atomic_block_xor_no_mask_uint64_t_int64_t	1	SIMT	Vector/SIMTIndirectAtomicBlock.aiv.c310.bc	meta_op.aiv.c310.bc
3	SIMT/Atomic/block.mlir	indirect_atomic_block_xor_uint32_t_int32_t	1	SIMT	Vector/SIMTIndirectAtomicBlock.aiv.c310.bc	meta_op.aiv.c310.bc
3	SIMT/Atomic/block.mlir	indirect_atomic_block_xor_uint32_t_int64_t	1	SIMT	Vector/SIMTIndirectAtomicBlock.aiv.c310.bc	meta_op.aiv.c310.bc
3	SIMT/Atomic/block.mlir	indirect_atomic_block_xor_uint64_t_int32_t	1	SIMT	Vector/SIMTIndirectAtomicBlock.aiv.c310.bc	meta_op.aiv.c310.bc
3	SIMT/Atomic/block.mlir	indirect_atomic_block_xor_uint64_t_int64_t	1	SIMT	Vector/SIMTIndirectAtomicBlock.aiv.c310.bc	meta_op.aiv.c310.bc
3	SIMT/Atomic/compare-swap.mlir	indirect_atomic_cas_bfloat16x2_t_int32_t	1	SIMT	Vector/SIMTIndirectAtomic.aiv.c310.bc	meta_op.aiv.c310.bc
3	SIMT/Atomic/compare-swap.mlir	indirect_atomic_cas_bfloat16x2_t_int64_t	1	SIMT	Vector/SIMTIndirectAtomic.aiv.c310.bc	meta_op.aiv.c310.bc
3	SIMT/Atomic/compare-swap.mlir	indirect_atomic_cas_float_int32_t	1	SIMT	Vector/SIMTIndirectAtomic.aiv.c310.bc	meta_op.aiv.c310.bc
3	SIMT/Atomic/compare-swap.mlir	indirect_atomic_cas_float_int64_t	1	SIMT	Vector/SIMTIndirectAtomic.aiv.c310.bc	meta_op.aiv.c310.bc
3	SIMT/Atomic/compare-swap.mlir	indirect_atomic_cas_half2_int32_t	1	SIMT	Vector/SIMTIndirectAtomic.aiv.c310.bc	meta_op.aiv.c310.bc
3	SIMT/Atomic/compare-swap.mlir	indirect_atomic_cas_half2_int64_t	1	SIMT	Vector/SIMTIndirectAtomic.aiv.c310.bc	meta_op.aiv.c310.bc
3	SIMT/Atomic/compare-swap.mlir	indirect_atomic_cas_int32_t_int32_t	1	SIMT	Vector/SIMTIndirectAtomic.aiv.c310.bc	meta_op.aiv.c310.bc
3	SIMT/Atomic/compare-swap.mlir	indirect_atomic_cas_int32_t_int64_t	1	SIMT	Vector/SIMTIndirectAtomic.aiv.c310.bc	meta_op.aiv.c310.bc
3	SIMT/Atomic/compare-swap.mlir	indirect_atomic_cas_int64_t_int32_t	1	SIMT	Vector/SIMTIndirectAtomic.aiv.c310.bc	meta_op.aiv.c310.bc
3	SIMT/Atomic/compare-swap.mlir	indirect_atomic_cas_int64_t_int64_t	1	SIMT	Vector/SIMTIndirectAtomic.aiv.c310.bc	meta_op.aiv.c310.bc
3	SIMT/Atomic/compare-swap.mlir	indirect_atomic_cas_uint32_t_int32_t	1	SIMT	Vector/SIMTIndirectAtomic.aiv.c310.bc	meta_op.aiv.c310.bc
3	SIMT/Atomic/compare-swap.mlir	indirect_atomic_cas_uint32_t_int64_t	1	SIMT	Vector/SIMTIndirectAtomic.aiv.c310.bc	meta_op.aiv.c310.bc
3	SIMT/Atomic/compare-swap.mlir	indirect_atomic_cas_uint64_t_int32_t	1	SIMT	Vector/SIMTIndirectAtomic.aiv.c310.bc	meta_op.aiv.c310.bc
3	SIMT/Atomic/compare-swap.mlir	indirect_atomic_cas_uint64_t_int64_t	1	SIMT	Vector/SIMTIndirectAtomic.aiv.c310.bc	meta_op.aiv.c310.bc
3	SIMT/Atomic/compare-swap.mlir	indirect_atomic_xchg_bfloat16x2_t_int32_t	1	SIMT	Vector/SIMTIndirectAtomic.aiv.c310.bc	meta_op.aiv.c310.bc
3	SIMT/Atomic/compare-swap.mlir	indirect_atomic_xchg_bfloat16x2_t_int64_t	1	SIMT	Vector/SIMTIndirectAtomic.aiv.c310.bc	meta_op.aiv.c310.bc
3	SIMT/Atomic/compare-swap.mlir	indirect_atomic_xchg_float_int32_t	1	SIMT	Vector/SIMTIndirectAtomic.aiv.c310.bc	meta_op.aiv.c310.bc
3	SIMT/Atomic/compare-swap.mlir	indirect_atomic_xchg_float_int64_t	1	SIMT	Vector/SIMTIndirectAtomic.aiv.c310.bc	meta_op.aiv.c310.bc
3	SIMT/Atomic/compare-swap.mlir	indirect_atomic_xchg_half2_int32_t	1	SIMT	Vector/SIMTIndirectAtomic.aiv.c310.bc	meta_op.aiv.c310.bc
3	SIMT/Atomic/compare-swap.mlir	indirect_atomic_xchg_half2_int64_t	1	SIMT	Vector/SIMTIndirectAtomic.aiv.c310.bc	meta_op.aiv.c310.bc
3	SIMT/Atomic/compare-swap.mlir	indirect_atomic_xchg_int32_t_int32_t	1	SIMT	Vector/SIMTIndirectAtomic.aiv.c310.bc	meta_op.aiv.c310.bc
3	SIMT/Atomic/compare-swap.mlir	indirect_atomic_xchg_int32_t_int64_t	1	SIMT	Vector/SIMTIndirectAtomic.aiv.c310.bc	meta_op.aiv.c310.bc
3	SIMT/Atomic/compare-swap.mlir	indirect_atomic_xchg_int64_t_int32_t	1	SIMT	Vector/SIMTIndirectAtomic.aiv.c310.bc	meta_op.aiv.c310.bc
3	SIMT/Atomic/compare-swap.mlir	indirect_atomic_xchg_int64_t_int64_t	1	SIMT	Vector/SIMTIndirectAtomic.aiv.c310.bc	meta_op.aiv.c310.bc
3	SIMT/Atomic/compare-swap.mlir	indirect_atomic_xchg_no_mask_bfloat16x2_t_int32_t	1	SIMT	Vector/SIMTIndirectAtomic.aiv.c310.bc	meta_op.aiv.c310.bc
3	SIMT/Atomic/compare-swap.mlir	indirect_atomic_xchg_no_mask_bfloat16x2_t_int64_t	1	SIMT	Vector/SIMTIndirectAtomic.aiv.c310.bc	meta_op.aiv.c310.bc
3	SIMT/Atomic/compare-swap.mlir	indirect_atomic_xchg_no_mask_float_int32_t	1	SIMT	Vector/SIMTIndirectAtomic.aiv.c310.bc	meta_op.aiv.c310.bc
3	SIMT/Atomic/compare-swap.mlir	indirect_atomic_xchg_no_mask_float_int64_t	1	SIMT	Vector/SIMTIndirectAtomic.aiv.c310.bc	meta_op.aiv.c310.bc
3	SIMT/Atomic/compare-swap.mlir	indirect_atomic_xchg_no_mask_half2_int32_t	1	SIMT	Vector/SIMTIndirectAtomic.aiv.c310.bc	meta_op.aiv.c310.bc
3	SIMT/Atomic/compare-swap.mlir	indirect_atomic_xchg_no_mask_half2_int64_t	1	SIMT	Vector/SIMTIndirectAtomic.aiv.c310.bc	meta_op.aiv.c310.bc
3	SIMT/Atomic/compare-swap.mlir	indirect_atomic_xchg_no_mask_int32_t_int32_t	1	SIMT	Vector/SIMTIndirectAtomic.aiv.c310.bc	meta_op.aiv.c310.bc
3	SIMT/Atomic/compare-swap.mlir	indirect_atomic_xchg_no_mask_int32_t_int64_t	1	SIMT	Vector/SIMTIndirectAtomic.aiv.c310.bc	meta_op.aiv.c310.bc
3	SIMT/Atomic/compare-swap.mlir	indirect_atomic_xchg_no_mask_int64_t_int32_t	1	SIMT	Vector/SIMTIndirectAtomic.aiv.c310.bc	meta_op.aiv.c310.bc
3	SIMT/Atomic/compare-swap.mlir	indirect_atomic_xchg_no_mask_int64_t_int64_t	1	SIMT	Vector/SIMTIndirectAtomic.aiv.c310.bc	meta_op.aiv.c310.bc
3	SIMT/Atomic/compare-swap.mlir	indirect_atomic_xchg_no_mask_uint32_t_int32_t	1	SIMT	Vector/SIMTIndirectAtomic.aiv.c310.bc	meta_op.aiv.c310.bc
3	SIMT/Atomic/compare-swap.mlir	indirect_atomic_xchg_no_mask_uint32_t_int64_t	1	SIMT	Vector/SIMTIndirectAtomic.aiv.c310.bc	meta_op.aiv.c310.bc
3	SIMT/Atomic/compare-swap.mlir	indirect_atomic_xchg_no_mask_uint64_t_int32_t	1	SIMT	Vector/SIMTIndirectAtomic.aiv.c310.bc	meta_op.aiv.c310.bc
3	SIMT/Atomic/compare-swap.mlir	indirect_atomic_xchg_no_mask_uint64_t_int64_t	1	SIMT	Vector/SIMTIndirectAtomic.aiv.c310.bc	meta_op.aiv.c310.bc
3	SIMT/Atomic/compare-swap.mlir	indirect_atomic_xchg_uint32_t_int32_t	1	SIMT	Vector/SIMTIndirectAtomic.aiv.c310.bc	meta_op.aiv.c310.bc
3	SIMT/Atomic/compare-swap.mlir	indirect_atomic_xchg_uint32_t_int64_t	1	SIMT	Vector/SIMTIndirectAtomic.aiv.c310.bc	meta_op.aiv.c310.bc
3	SIMT/Atomic/compare-swap.mlir	indirect_atomic_xchg_uint64_t_int32_t	1	SIMT	Vector/SIMTIndirectAtomic.aiv.c310.bc	meta_op.aiv.c310.bc
3	SIMT/Atomic/compare-swap.mlir	indirect_atomic_xchg_uint64_t_int64_t	1	SIMT	Vector/SIMTIndirectAtomic.aiv.c310.bc	meta_op.aiv.c310.bc
3	SIMT/Atomic/minmax.mlir	indirect_atomic_max_bfloat16_t_int32_t	1	SIMT	Vector/SIMTIndirectAtomic.aiv.c310.bc	meta_op.aiv.c310.bc
3	SIMT/Atomic/minmax.mlir	indirect_atomic_max_bfloat16_t_int64_t	1	SIMT	Vector/SIMTIndirectAtomic.aiv.c310.bc	meta_op.aiv.c310.bc
3	SIMT/Atomic/minmax.mlir	indirect_atomic_max_bfloat16x2_t_int32_t	1	SIMT	Vector/SIMTIndirectAtomic.aiv.c310.bc	meta_op.aiv.c310.bc
3	SIMT/Atomic/minmax.mlir	indirect_atomic_max_bfloat16x2_t_int64_t	1	SIMT	Vector/SIMTIndirectAtomic.aiv.c310.bc	meta_op.aiv.c310.bc
3	SIMT/Atomic/minmax.mlir	indirect_atomic_max_float_int32_t	1	SIMT	Vector/SIMTIndirectAtomic.aiv.c310.bc	meta_op.aiv.c310.bc
3	SIMT/Atomic/minmax.mlir	indirect_atomic_max_float_int64_t	1	SIMT	Vector/SIMTIndirectAtomic.aiv.c310.bc	meta_op.aiv.c310.bc
3	SIMT/Atomic/minmax.mlir	indirect_atomic_max_half2_int32_t	1	SIMT	Vector/SIMTIndirectAtomic.aiv.c310.bc	meta_op.aiv.c310.bc
3	SIMT/Atomic/minmax.mlir	indirect_atomic_max_half2_int64_t	1	SIMT	Vector/SIMTIndirectAtomic.aiv.c310.bc	meta_op.aiv.c310.bc
3	SIMT/Atomic/minmax.mlir	indirect_atomic_max_half_int32_t	1	SIMT	Vector/SIMTIndirectAtomic.aiv.c310.bc	meta_op.aiv.c310.bc
3	SIMT/Atomic/minmax.mlir	indirect_atomic_max_half_int64_t	1	SIMT	Vector/SIMTIndirectAtomic.aiv.c310.bc	meta_op.aiv.c310.bc
3	SIMT/Atomic/minmax.mlir	indirect_atomic_max_int32_t_int32_t	1	SIMT	Vector/SIMTIndirectAtomic.aiv.c310.bc	meta_op.aiv.c310.bc
3	SIMT/Atomic/minmax.mlir	indirect_atomic_max_int32_t_int64_t	1	SIMT	Vector/SIMTIndirectAtomic.aiv.c310.bc	meta_op.aiv.c310.bc
3	SIMT/Atomic/minmax.mlir	indirect_atomic_max_int64_t_int32_t	1	SIMT	Vector/SIMTIndirectAtomic.aiv.c310.bc	meta_op.aiv.c310.bc
3	SIMT/Atomic/minmax.mlir	indirect_atomic_max_int64_t_int64_t	1	SIMT	Vector/SIMTIndirectAtomic.aiv.c310.bc	meta_op.aiv.c310.bc
3	SIMT/Atomic/minmax.mlir	indirect_atomic_max_no_mask_bfloat16_t_int32_t	1	SIMT	Vector/SIMTIndirectAtomic.aiv.c310.bc	meta_op.aiv.c310.bc
3	SIMT/Atomic/minmax.mlir	indirect_atomic_max_no_mask_bfloat16_t_int64_t	1	SIMT	Vector/SIMTIndirectAtomic.aiv.c310.bc	meta_op.aiv.c310.bc
3	SIMT/Atomic/minmax.mlir	indirect_atomic_max_no_mask_bfloat16x2_t_int32_t	1	SIMT	Vector/SIMTIndirectAtomic.aiv.c310.bc	meta_op.aiv.c310.bc
3	SIMT/Atomic/minmax.mlir	indirect_atomic_max_no_mask_bfloat16x2_t_int64_t	1	SIMT	Vector/SIMTIndirectAtomic.aiv.c310.bc	meta_op.aiv.c310.bc
3	SIMT/Atomic/minmax.mlir	indirect_atomic_max_no_mask_float_int32_t	1	SIMT	Vector/SIMTIndirectAtomic.aiv.c310.bc	meta_op.aiv.c310.bc
3	SIMT/Atomic/minmax.mlir	indirect_atomic_max_no_mask_float_int64_t	1	SIMT	Vector/SIMTIndirectAtomic.aiv.c310.bc	meta_op.aiv.c310.bc
3	SIMT/Atomic/minmax.mlir	indirect_atomic_max_no_mask_half2_int32_t	1	SIMT	Vector/SIMTIndirectAtomic.aiv.c310.bc	meta_op.aiv.c310.bc
3	SIMT/Atomic/minmax.mlir	indirect_atomic_max_no_mask_half2_int64_t	1	SIMT	Vector/SIMTIndirectAtomic.aiv.c310.bc	meta_op.aiv.c310.bc
3	SIMT/Atomic/minmax.mlir	indirect_atomic_max_no_mask_half_int32_t	1	SIMT	Vector/SIMTIndirectAtomic.aiv.c310.bc	meta_op.aiv.c310.bc
3	SIMT/Atomic/minmax.mlir	indirect_atomic_max_no_mask_half_int64_t	1	SIMT	Vector/SIMTIndirectAtomic.aiv.c310.bc	meta_op.aiv.c310.bc
3	SIMT/Atomic/minmax.mlir	indirect_atomic_max_no_mask_int32_t_int32_t	1	SIMT	Vector/SIMTIndirectAtomic.aiv.c310.bc	meta_op.aiv.c310.bc
3	SIMT/Atomic/minmax.mlir	indirect_atomic_max_no_mask_int32_t_int64_t	1	SIMT	Vector/SIMTIndirectAtomic.aiv.c310.bc	meta_op.aiv.c310.bc
3	SIMT/Atomic/minmax.mlir	indirect_atomic_max_no_mask_int64_t_int32_t	1	SIMT	Vector/SIMTIndirectAtomic.aiv.c310.bc	meta_op.aiv.c310.bc
3	SIMT/Atomic/minmax.mlir	indirect_atomic_max_no_mask_int64_t_int64_t	1	SIMT	Vector/SIMTIndirectAtomic.aiv.c310.bc	meta_op.aiv.c310.bc
3	SIMT/Atomic/minmax.mlir	indirect_atomic_max_no_mask_uint32_t_int32_t	1	SIMT	Vector/SIMTIndirectAtomic.aiv.c310.bc	meta_op.aiv.c310.bc
3	SIMT/Atomic/minmax.mlir	indirect_atomic_max_no_mask_uint32_t_int64_t	1	SIMT	Vector/SIMTIndirectAtomic.aiv.c310.bc	meta_op.aiv.c310.bc
3	SIMT/Atomic/minmax.mlir	indirect_atomic_max_no_mask_uint64_t_int32_t	1	SIMT	Vector/SIMTIndirectAtomic.aiv.c310.bc	meta_op.aiv.c310.bc
3	SIMT/Atomic/minmax.mlir	indirect_atomic_max_no_mask_uint64_t_int64_t	1	SIMT	Vector/SIMTIndirectAtomic.aiv.c310.bc	meta_op.aiv.c310.bc
3	SIMT/Atomic/minmax.mlir	indirect_atomic_max_uint32_t_int32_t	1	SIMT	Vector/SIMTIndirectAtomic.aiv.c310.bc	meta_op.aiv.c310.bc
3	SIMT/Atomic/minmax.mlir	indirect_atomic_max_uint32_t_int64_t	1	SIMT	Vector/SIMTIndirectAtomic.aiv.c310.bc	meta_op.aiv.c310.bc
3	SIMT/Atomic/minmax.mlir	indirect_atomic_max_uint64_t_int32_t	1	SIMT	Vector/SIMTIndirectAtomic.aiv.c310.bc	meta_op.aiv.c310.bc
3	SIMT/Atomic/minmax.mlir	indirect_atomic_max_uint64_t_int64_t	1	SIMT	Vector/SIMTIndirectAtomic.aiv.c310.bc	meta_op.aiv.c310.bc
3	SIMT/Atomic/minmax.mlir	indirect_atomic_min_bfloat16_t_int32_t	1	SIMT	Vector/SIMTIndirectAtomic.aiv.c310.bc	meta_op.aiv.c310.bc
3	SIMT/Atomic/minmax.mlir	indirect_atomic_min_bfloat16_t_int64_t	1	SIMT	Vector/SIMTIndirectAtomic.aiv.c310.bc	meta_op.aiv.c310.bc
3	SIMT/Atomic/minmax.mlir	indirect_atomic_min_bfloat16x2_t_int32_t	1	SIMT	Vector/SIMTIndirectAtomic.aiv.c310.bc	meta_op.aiv.c310.bc
3	SIMT/Atomic/minmax.mlir	indirect_atomic_min_bfloat16x2_t_int64_t	1	SIMT	Vector/SIMTIndirectAtomic.aiv.c310.bc	meta_op.aiv.c310.bc
3	SIMT/Atomic/minmax.mlir	indirect_atomic_min_float_int32_t	1	SIMT	Vector/SIMTIndirectAtomic.aiv.c310.bc	meta_op.aiv.c310.bc
3	SIMT/Atomic/minmax.mlir	indirect_atomic_min_float_int64_t	1	SIMT	Vector/SIMTIndirectAtomic.aiv.c310.bc	meta_op.aiv.c310.bc
3	SIMT/Atomic/minmax.mlir	indirect_atomic_min_half2_int32_t	1	SIMT	Vector/SIMTIndirectAtomic.aiv.c310.bc	meta_op.aiv.c310.bc
3	SIMT/Atomic/minmax.mlir	indirect_atomic_min_half2_int64_t	1	SIMT	Vector/SIMTIndirectAtomic.aiv.c310.bc	meta_op.aiv.c310.bc
3	SIMT/Atomic/minmax.mlir	indirect_atomic_min_half_int32_t	1	SIMT	Vector/SIMTIndirectAtomic.aiv.c310.bc	meta_op.aiv.c310.bc
3	SIMT/Atomic/minmax.mlir	indirect_atomic_min_half_int64_t	1	SIMT	Vector/SIMTIndirectAtomic.aiv.c310.bc	meta_op.aiv.c310.bc
3	SIMT/Atomic/minmax.mlir	indirect_atomic_min_int32_t_int32_t	1	SIMT	Vector/SIMTIndirectAtomic.aiv.c310.bc	meta_op.aiv.c310.bc
3	SIMT/Atomic/minmax.mlir	indirect_atomic_min_int32_t_int64_t	1	SIMT	Vector/SIMTIndirectAtomic.aiv.c310.bc	meta_op.aiv.c310.bc
3	SIMT/Atomic/minmax.mlir	indirect_atomic_min_int64_t_int32_t	1	SIMT	Vector/SIMTIndirectAtomic.aiv.c310.bc	meta_op.aiv.c310.bc
3	SIMT/Atomic/minmax.mlir	indirect_atomic_min_int64_t_int64_t	1	SIMT	Vector/SIMTIndirectAtomic.aiv.c310.bc	meta_op.aiv.c310.bc
3	SIMT/Atomic/minmax.mlir	indirect_atomic_min_no_mask_bfloat16_t_int32_t	1	SIMT	Vector/SIMTIndirectAtomic.aiv.c310.bc	meta_op.aiv.c310.bc
3	SIMT/Atomic/minmax.mlir	indirect_atomic_min_no_mask_bfloat16_t_int64_t	1	SIMT	Vector/SIMTIndirectAtomic.aiv.c310.bc	meta_op.aiv.c310.bc
3	SIMT/Atomic/minmax.mlir	indirect_atomic_min_no_mask_bfloat16x2_t_int32_t	1	SIMT	Vector/SIMTIndirectAtomic.aiv.c310.bc	meta_op.aiv.c310.bc
3	SIMT/Atomic/minmax.mlir	indirect_atomic_min_no_mask_bfloat16x2_t_int64_t	1	SIMT	Vector/SIMTIndirectAtomic.aiv.c310.bc	meta_op.aiv.c310.bc
3	SIMT/Atomic/minmax.mlir	indirect_atomic_min_no_mask_float_int32_t	1	SIMT	Vector/SIMTIndirectAtomic.aiv.c310.bc	meta_op.aiv.c310.bc
3	SIMT/Atomic/minmax.mlir	indirect_atomic_min_no_mask_float_int64_t	1	SIMT	Vector/SIMTIndirectAtomic.aiv.c310.bc	meta_op.aiv.c310.bc
3	SIMT/Atomic/minmax.mlir	indirect_atomic_min_no_mask_half2_int32_t	1	SIMT	Vector/SIMTIndirectAtomic.aiv.c310.bc	meta_op.aiv.c310.bc
3	SIMT/Atomic/minmax.mlir	indirect_atomic_min_no_mask_half2_int64_t	1	SIMT	Vector/SIMTIndirectAtomic.aiv.c310.bc	meta_op.aiv.c310.bc
3	SIMT/Atomic/minmax.mlir	indirect_atomic_min_no_mask_half_int32_t	1	SIMT	Vector/SIMTIndirectAtomic.aiv.c310.bc	meta_op.aiv.c310.bc
3	SIMT/Atomic/minmax.mlir	indirect_atomic_min_no_mask_half_int64_t	1	SIMT	Vector/SIMTIndirectAtomic.aiv.c310.bc	meta_op.aiv.c310.bc
3	SIMT/Atomic/minmax.mlir	indirect_atomic_min_no_mask_int32_t_int32_t	1	SIMT	Vector/SIMTIndirectAtomic.aiv.c310.bc	meta_op.aiv.c310.bc
3	SIMT/Atomic/minmax.mlir	indirect_atomic_min_no_mask_int32_t_int64_t	1	SIMT	Vector/SIMTIndirectAtomic.aiv.c310.bc	meta_op.aiv.c310.bc
3	SIMT/Atomic/minmax.mlir	indirect_atomic_min_no_mask_int64_t_int32_t	1	SIMT	Vector/SIMTIndirectAtomic.aiv.c310.bc	meta_op.aiv.c310.bc
3	SIMT/Atomic/minmax.mlir	indirect_atomic_min_no_mask_int64_t_int64_t	1	SIMT	Vector/SIMTIndirectAtomic.aiv.c310.bc	meta_op.aiv.c310.bc
3	SIMT/Atomic/minmax.mlir	indirect_atomic_min_no_mask_uint32_t_int32_t	1	SIMT	Vector/SIMTIndirectAtomic.aiv.c310.bc	meta_op.aiv.c310.bc
3	SIMT/Atomic/minmax.mlir	indirect_atomic_min_no_mask_uint32_t_int64_t	1	SIMT	Vector/SIMTIndirectAtomic.aiv.c310.bc	meta_op.aiv.c310.bc
3	SIMT/Atomic/minmax.mlir	indirect_atomic_min_no_mask_uint64_t_int32_t	1	SIMT	Vector/SIMTIndirectAtomic.aiv.c310.bc	meta_op.aiv.c310.bc
3	SIMT/Atomic/minmax.mlir	indirect_atomic_min_no_mask_uint64_t_int64_t	1	SIMT	Vector/SIMTIndirectAtomic.aiv.c310.bc	meta_op.aiv.c310.bc
3	SIMT/Atomic/minmax.mlir	indirect_atomic_min_uint32_t_int32_t	1	SIMT	Vector/SIMTIndirectAtomic.aiv.c310.bc	meta_op.aiv.c310.bc
3	SIMT/Atomic/minmax.mlir	indirect_atomic_min_uint32_t_int64_t	1	SIMT	Vector/SIMTIndirectAtomic.aiv.c310.bc	meta_op.aiv.c310.bc
3	SIMT/Atomic/minmax.mlir	indirect_atomic_min_uint64_t_int32_t	1	SIMT	Vector/SIMTIndirectAtomic.aiv.c310.bc	meta_op.aiv.c310.bc
3	SIMT/Atomic/minmax.mlir	indirect_atomic_min_uint64_t_int64_t	1	SIMT	Vector/SIMTIndirectAtomic.aiv.c310.bc	meta_op.aiv.c310.bc
3	SIMT/Atomic/software.mlir	indirect_atomic_soft_and_int32_t_int32_t	1	SIMT	Vector/SIMTIndirectAtomicSoftAccel.aiv.c310.bc	meta_op.aiv.c310.bc
3	SIMT/Atomic/software.mlir	indirect_atomic_soft_and_int32_t_int64_t	1	SIMT	Vector/SIMTIndirectAtomicSoftAccel.aiv.c310.bc	meta_op.aiv.c310.bc
3	SIMT/Atomic/software.mlir	indirect_atomic_soft_and_int64_t_int32_t	1	SIMT	Vector/SIMTIndirectAtomicSoftAccel.aiv.c310.bc	meta_op.aiv.c310.bc
3	SIMT/Atomic/software.mlir	indirect_atomic_soft_and_int64_t_int64_t	1	SIMT	Vector/SIMTIndirectAtomicSoftAccel.aiv.c310.bc	meta_op.aiv.c310.bc
3	SIMT/Atomic/software.mlir	indirect_atomic_soft_and_no_mask_int32_t_int32_t	1	SIMT	Vector/SIMTIndirectAtomicSoftAccel.aiv.c310.bc	meta_op.aiv.c310.bc
3	SIMT/Atomic/software.mlir	indirect_atomic_soft_and_no_mask_int32_t_int64_t	1	SIMT	Vector/SIMTIndirectAtomicSoftAccel.aiv.c310.bc	meta_op.aiv.c310.bc
3	SIMT/Atomic/software.mlir	indirect_atomic_soft_and_no_mask_int64_t_int32_t	1	SIMT	Vector/SIMTIndirectAtomicSoftAccel.aiv.c310.bc	meta_op.aiv.c310.bc
3	SIMT/Atomic/software.mlir	indirect_atomic_soft_and_no_mask_int64_t_int64_t	1	SIMT	Vector/SIMTIndirectAtomicSoftAccel.aiv.c310.bc	meta_op.aiv.c310.bc
3	SIMT/Atomic/software.mlir	indirect_atomic_soft_and_no_mask_uint32_t_int32_t	1	SIMT	Vector/SIMTIndirectAtomicSoftAccel.aiv.c310.bc	meta_op.aiv.c310.bc
3	SIMT/Atomic/software.mlir	indirect_atomic_soft_and_no_mask_uint32_t_int64_t	1	SIMT	Vector/SIMTIndirectAtomicSoftAccel.aiv.c310.bc	meta_op.aiv.c310.bc
3	SIMT/Atomic/software.mlir	indirect_atomic_soft_and_no_mask_uint64_t_int32_t	1	SIMT	Vector/SIMTIndirectAtomicSoftAccel.aiv.c310.bc	meta_op.aiv.c310.bc
3	SIMT/Atomic/software.mlir	indirect_atomic_soft_and_no_mask_uint64_t_int64_t	1	SIMT	Vector/SIMTIndirectAtomicSoftAccel.aiv.c310.bc	meta_op.aiv.c310.bc
3	SIMT/Atomic/software.mlir	indirect_atomic_soft_and_uint32_t_int32_t	1	SIMT	Vector/SIMTIndirectAtomicSoftAccel.aiv.c310.bc	meta_op.aiv.c310.bc
3	SIMT/Atomic/software.mlir	indirect_atomic_soft_and_uint32_t_int64_t	1	SIMT	Vector/SIMTIndirectAtomicSoftAccel.aiv.c310.bc	meta_op.aiv.c310.bc
3	SIMT/Atomic/software.mlir	indirect_atomic_soft_and_uint64_t_int32_t	1	SIMT	Vector/SIMTIndirectAtomicSoftAccel.aiv.c310.bc	meta_op.aiv.c310.bc
3	SIMT/Atomic/software.mlir	indirect_atomic_soft_and_uint64_t_int64_t	1	SIMT	Vector/SIMTIndirectAtomicSoftAccel.aiv.c310.bc	meta_op.aiv.c310.bc
3	SIMT/Atomic/software.mlir	indirect_atomic_soft_or_int32_t_int32_t	1	SIMT	Vector/SIMTIndirectAtomicSoftAccel.aiv.c310.bc	meta_op.aiv.c310.bc
3	SIMT/Atomic/software.mlir	indirect_atomic_soft_or_int32_t_int64_t	1	SIMT	Vector/SIMTIndirectAtomicSoftAccel.aiv.c310.bc	meta_op.aiv.c310.bc
3	SIMT/Atomic/software.mlir	indirect_atomic_soft_or_int64_t_int32_t	1	SIMT	Vector/SIMTIndirectAtomicSoftAccel.aiv.c310.bc	meta_op.aiv.c310.bc
3	SIMT/Atomic/software.mlir	indirect_atomic_soft_or_int64_t_int64_t	1	SIMT	Vector/SIMTIndirectAtomicSoftAccel.aiv.c310.bc	meta_op.aiv.c310.bc
3	SIMT/Atomic/software.mlir	indirect_atomic_soft_or_no_mask_int32_t_int32_t	1	SIMT	Vector/SIMTIndirectAtomicSoftAccel.aiv.c310.bc	meta_op.aiv.c310.bc
3	SIMT/Atomic/software.mlir	indirect_atomic_soft_or_no_mask_int32_t_int64_t	1	SIMT	Vector/SIMTIndirectAtomicSoftAccel.aiv.c310.bc	meta_op.aiv.c310.bc
3	SIMT/Atomic/software.mlir	indirect_atomic_soft_or_no_mask_int64_t_int32_t	1	SIMT	Vector/SIMTIndirectAtomicSoftAccel.aiv.c310.bc	meta_op.aiv.c310.bc
3	SIMT/Atomic/software.mlir	indirect_atomic_soft_or_no_mask_int64_t_int64_t	1	SIMT	Vector/SIMTIndirectAtomicSoftAccel.aiv.c310.bc	meta_op.aiv.c310.bc
3	SIMT/Atomic/software.mlir	indirect_atomic_soft_or_no_mask_uint32_t_int32_t	1	SIMT	Vector/SIMTIndirectAtomicSoftAccel.aiv.c310.bc	meta_op.aiv.c310.bc
3	SIMT/Atomic/software.mlir	indirect_atomic_soft_or_no_mask_uint32_t_int64_t	1	SIMT	Vector/SIMTIndirectAtomicSoftAccel.aiv.c310.bc	meta_op.aiv.c310.bc
3	SIMT/Atomic/software.mlir	indirect_atomic_soft_or_no_mask_uint64_t_int32_t	1	SIMT	Vector/SIMTIndirectAtomicSoftAccel.aiv.c310.bc	meta_op.aiv.c310.bc
3	SIMT/Atomic/software.mlir	indirect_atomic_soft_or_no_mask_uint64_t_int64_t	1	SIMT	Vector/SIMTIndirectAtomicSoftAccel.aiv.c310.bc	meta_op.aiv.c310.bc
3	SIMT/Atomic/software.mlir	indirect_atomic_soft_or_uint32_t_int32_t	1	SIMT	Vector/SIMTIndirectAtomicSoftAccel.aiv.c310.bc	meta_op.aiv.c310.bc
3	SIMT/Atomic/software.mlir	indirect_atomic_soft_or_uint32_t_int64_t	1	SIMT	Vector/SIMTIndirectAtomicSoftAccel.aiv.c310.bc	meta_op.aiv.c310.bc
3	SIMT/Atomic/software.mlir	indirect_atomic_soft_or_uint64_t_int32_t	1	SIMT	Vector/SIMTIndirectAtomicSoftAccel.aiv.c310.bc	meta_op.aiv.c310.bc
3	SIMT/Atomic/software.mlir	indirect_atomic_soft_or_uint64_t_int64_t	1	SIMT	Vector/SIMTIndirectAtomicSoftAccel.aiv.c310.bc	meta_op.aiv.c310.bc
3	SIMT/Atomic/software.mlir	indirect_atomic_soft_xor_int32_t_int32_t	1	SIMT	Vector/SIMTIndirectAtomicSoftAccel.aiv.c310.bc	meta_op.aiv.c310.bc
3	SIMT/Atomic/software.mlir	indirect_atomic_soft_xor_int32_t_int64_t	1	SIMT	Vector/SIMTIndirectAtomicSoftAccel.aiv.c310.bc	meta_op.aiv.c310.bc
3	SIMT/Atomic/software.mlir	indirect_atomic_soft_xor_int64_t_int32_t	1	SIMT	Vector/SIMTIndirectAtomicSoftAccel.aiv.c310.bc	meta_op.aiv.c310.bc
3	SIMT/Atomic/software.mlir	indirect_atomic_soft_xor_int64_t_int64_t	1	SIMT	Vector/SIMTIndirectAtomicSoftAccel.aiv.c310.bc	meta_op.aiv.c310.bc
3	SIMT/Atomic/software.mlir	indirect_atomic_soft_xor_no_mask_int32_t_int32_t	1	SIMT	Vector/SIMTIndirectAtomicSoftAccel.aiv.c310.bc	meta_op.aiv.c310.bc
3	SIMT/Atomic/software.mlir	indirect_atomic_soft_xor_no_mask_int32_t_int64_t	1	SIMT	Vector/SIMTIndirectAtomicSoftAccel.aiv.c310.bc	meta_op.aiv.c310.bc
3	SIMT/Atomic/software.mlir	indirect_atomic_soft_xor_no_mask_int64_t_int32_t	1	SIMT	Vector/SIMTIndirectAtomicSoftAccel.aiv.c310.bc	meta_op.aiv.c310.bc
3	SIMT/Atomic/software.mlir	indirect_atomic_soft_xor_no_mask_int64_t_int64_t	1	SIMT	Vector/SIMTIndirectAtomicSoftAccel.aiv.c310.bc	meta_op.aiv.c310.bc
3	SIMT/Atomic/software.mlir	indirect_atomic_soft_xor_no_mask_uint32_t_int32_t	1	SIMT	Vector/SIMTIndirectAtomicSoftAccel.aiv.c310.bc	meta_op.aiv.c310.bc
3	SIMT/Atomic/software.mlir	indirect_atomic_soft_xor_no_mask_uint32_t_int64_t	1	SIMT	Vector/SIMTIndirectAtomicSoftAccel.aiv.c310.bc	meta_op.aiv.c310.bc
3	SIMT/Atomic/software.mlir	indirect_atomic_soft_xor_no_mask_uint64_t_int32_t	1	SIMT	Vector/SIMTIndirectAtomicSoftAccel.aiv.c310.bc	meta_op.aiv.c310.bc
3	SIMT/Atomic/software.mlir	indirect_atomic_soft_xor_no_mask_uint64_t_int64_t	1	SIMT	Vector/SIMTIndirectAtomicSoftAccel.aiv.c310.bc	meta_op.aiv.c310.bc
3	SIMT/Atomic/software.mlir	indirect_atomic_soft_xor_uint32_t_int32_t	1	SIMT	Vector/SIMTIndirectAtomicSoftAccel.aiv.c310.bc	meta_op.aiv.c310.bc
3	SIMT/Atomic/software.mlir	indirect_atomic_soft_xor_uint32_t_int64_t	1	SIMT	Vector/SIMTIndirectAtomicSoftAccel.aiv.c310.bc	meta_op.aiv.c310.bc
3	SIMT/Atomic/software.mlir	indirect_atomic_soft_xor_uint64_t_int32_t	1	SIMT	Vector/SIMTIndirectAtomicSoftAccel.aiv.c310.bc	meta_op.aiv.c310.bc
3	SIMT/Atomic/software.mlir	indirect_atomic_soft_xor_uint64_t_int64_t	1	SIMT	Vector/SIMTIndirectAtomicSoftAccel.aiv.c310.bc	meta_op.aiv.c310.bc
3	SIMT/Collective/histogram.mlir	histogram_1d_int16_t	1	SIMT	Vector/SIMTHistogram1D.aiv.c310.bc	meta_op.aiv.c310.bc
3	SIMT/Collective/histogram.mlir	histogram_1d_int32_t	1	SIMT	Vector/SIMTHistogram1D.aiv.c310.bc	meta_op.aiv.c310.bc
3	SIMT/Collective/histogram.mlir	histogram_1d_int64_t	1	SIMT	Vector/SIMTHistogram1D.aiv.c310.bc	meta_op.aiv.c310.bc
3	SIMT/Collective/histogram.mlir	histogram_1d_int8_t	1	SIMT	Vector/SIMTHistogram1D.aiv.c310.bc	meta_op.aiv.c310.bc
3	SIMT/Collective/histogram.mlir	histogram_1d_masked_int16_t	1	SIMT	Vector/SIMTHistogram1D.aiv.c310.bc	meta_op.aiv.c310.bc
3	SIMT/Collective/histogram.mlir	histogram_1d_masked_int32_t	1	SIMT	Vector/SIMTHistogram1D.aiv.c310.bc	meta_op.aiv.c310.bc
3	SIMT/Collective/histogram.mlir	histogram_1d_masked_int64_t	1	SIMT	Vector/SIMTHistogram1D.aiv.c310.bc	meta_op.aiv.c310.bc
3	SIMT/Collective/histogram.mlir	histogram_1d_masked_int8_t	1	SIMT	Vector/SIMTHistogram1D.aiv.c310.bc	meta_op.aiv.c310.bc
3	SIMT/Collective/histogram.mlir	histogram_1d_masked_uint16_t	1	SIMT	Vector/SIMTHistogram1D.aiv.c310.bc	meta_op.aiv.c310.bc
3	SIMT/Collective/histogram.mlir	histogram_1d_masked_uint32_t	1	SIMT	Vector/SIMTHistogram1D.aiv.c310.bc	meta_op.aiv.c310.bc
3	SIMT/Collective/histogram.mlir	histogram_1d_masked_uint64_t	1	SIMT	Vector/SIMTHistogram1D.aiv.c310.bc	meta_op.aiv.c310.bc
3	SIMT/Collective/histogram.mlir	histogram_1d_masked_uint8_t	1	SIMT	Vector/SIMTHistogram1D.aiv.c310.bc	meta_op.aiv.c310.bc
3	SIMT/Collective/histogram.mlir	histogram_1d_uint16_t	1	SIMT	Vector/SIMTHistogram1D.aiv.c310.bc	meta_op.aiv.c310.bc
3	SIMT/Collective/histogram.mlir	histogram_1d_uint32_t	1	SIMT	Vector/SIMTHistogram1D.aiv.c310.bc	meta_op.aiv.c310.bc
3	SIMT/Collective/histogram.mlir	histogram_1d_uint64_t	1	SIMT	Vector/SIMTHistogram1D.aiv.c310.bc	meta_op.aiv.c310.bc
3	SIMT/Collective/histogram.mlir	histogram_1d_uint8_t	1	SIMT	Vector/SIMTHistogram1D.aiv.c310.bc	meta_op.aiv.c310.bc
3	SIMT/Direct/load-store.mlir	embedding_gather_1d_float_int32_t	1	SIMT	Vector/SIMTLoadStore.aiv.c310.bc	meta_op.aiv.c310.bc
3	SIMT/Direct/load-store.mlir	embedding_gather_1d_float_int64_t	1	SIMT	Vector/SIMTLoadStore.aiv.c310.bc	meta_op.aiv.c310.bc
3	SIMT/Direct/load-store.mlir	embedding_gather_2d_float_int32_t	1	SIMT	Vector/SIMTLoadStore.aiv.c310.bc	meta_op.aiv.c310.bc
3	SIMT/Direct/load-store.mlir	embedding_gather_2d_float_int64_t	1	SIMT	Vector/SIMTLoadStore.aiv.c310.bc	meta_op.aiv.c310.bc
3	SIMT/Direct/strided-rank1.mlir	stride_load_1d_bfloat16_t_int32_t	1	SIMT	Vector/SIMTStrideLoad.aiv.c310.bc	meta_op.aiv.c310.bc
3	SIMT/Direct/strided-rank1.mlir	stride_load_1d_bfloat16_t_int64_t	1	SIMT	Vector/SIMTStrideLoad.aiv.c310.bc	meta_op.aiv.c310.bc
3	SIMT/Direct/strided-rank1.mlir	stride_load_1d_float_int32_t	1	SIMT	Vector/SIMTStrideLoad.aiv.c310.bc	meta_op.aiv.c310.bc
3	SIMT/Direct/strided-rank1.mlir	stride_load_1d_float_int64_t	1	SIMT	Vector/SIMTStrideLoad.aiv.c310.bc	meta_op.aiv.c310.bc
3	SIMT/Direct/strided-rank1.mlir	stride_load_1d_half_int32_t	1	SIMT	Vector/SIMTStrideLoad.aiv.c310.bc	meta_op.aiv.c310.bc
3	SIMT/Direct/strided-rank1.mlir	stride_load_1d_half_int64_t	1	SIMT	Vector/SIMTStrideLoad.aiv.c310.bc	meta_op.aiv.c310.bc
3	SIMT/Direct/strided-rank1.mlir	stride_load_1d_int16_t_int32_t	1	SIMT	Vector/SIMTStrideLoad.aiv.c310.bc	meta_op.aiv.c310.bc
3	SIMT/Direct/strided-rank1.mlir	stride_load_1d_int16_t_int64_t	1	SIMT	Vector/SIMTStrideLoad.aiv.c310.bc	meta_op.aiv.c310.bc
3	SIMT/Direct/strided-rank1.mlir	stride_load_1d_int32_t_int32_t	1	SIMT	Vector/SIMTStrideLoad.aiv.c310.bc	meta_op.aiv.c310.bc
3	SIMT/Direct/strided-rank1.mlir	stride_load_1d_int32_t_int64_t	1	SIMT	Vector/SIMTStrideLoad.aiv.c310.bc	meta_op.aiv.c310.bc
3	SIMT/Direct/strided-rank1.mlir	stride_load_1d_int64_t_int32_t	1	SIMT	Vector/SIMTStrideLoad.aiv.c310.bc	meta_op.aiv.c310.bc
3	SIMT/Direct/strided-rank1.mlir	stride_load_1d_int64_t_int64_t	1	SIMT	Vector/SIMTStrideLoad.aiv.c310.bc	meta_op.aiv.c310.bc
3	SIMT/Direct/strided-rank1.mlir	stride_load_1d_int8_t_int32_t	1	SIMT	Vector/SIMTStrideLoad.aiv.c310.bc	meta_op.aiv.c310.bc
3	SIMT/Direct/strided-rank1.mlir	stride_load_1d_int8_t_int64_t	1	SIMT	Vector/SIMTStrideLoad.aiv.c310.bc	meta_op.aiv.c310.bc
3	SIMT/Direct/strided-rank1.mlir	stride_load_1d_uint16_t_int32_t	1	SIMT	Vector/SIMTStrideLoad.aiv.c310.bc	meta_op.aiv.c310.bc
3	SIMT/Direct/strided-rank1.mlir	stride_load_1d_uint16_t_int64_t	1	SIMT	Vector/SIMTStrideLoad.aiv.c310.bc	meta_op.aiv.c310.bc
3	SIMT/Direct/strided-rank1.mlir	stride_load_1d_uint32_t_int32_t	1	SIMT	Vector/SIMTStrideLoad.aiv.c310.bc	meta_op.aiv.c310.bc
3	SIMT/Direct/strided-rank1.mlir	stride_load_1d_uint32_t_int64_t	1	SIMT	Vector/SIMTStrideLoad.aiv.c310.bc	meta_op.aiv.c310.bc
3	SIMT/Direct/strided-rank1.mlir	stride_load_1d_uint64_t_int32_t	1	SIMT	Vector/SIMTStrideLoad.aiv.c310.bc	meta_op.aiv.c310.bc
3	SIMT/Direct/strided-rank1.mlir	stride_load_1d_uint64_t_int64_t	1	SIMT	Vector/SIMTStrideLoad.aiv.c310.bc	meta_op.aiv.c310.bc
3	SIMT/Direct/strided-rank1.mlir	stride_load_1d_uint8_t_int32_t	1	SIMT	Vector/SIMTStrideLoad.aiv.c310.bc	meta_op.aiv.c310.bc
3	SIMT/Direct/strided-rank1.mlir	stride_load_1d_uint8_t_int64_t	1	SIMT	Vector/SIMTStrideLoad.aiv.c310.bc	meta_op.aiv.c310.bc
3	SIMT/Direct/strided-rank1.mlir	stride_store_1d_bfloat16_t_int32_t	1	SIMT	Vector/SIMTStrideStore.aiv.c310.bc	meta_op.aiv.c310.bc
3	SIMT/Direct/strided-rank1.mlir	stride_store_1d_bfloat16_t_int64_t	1	SIMT	Vector/SIMTStrideStore.aiv.c310.bc	meta_op.aiv.c310.bc
3	SIMT/Direct/strided-rank1.mlir	stride_store_1d_float_int32_t	1	SIMT	Vector/SIMTStrideStore.aiv.c310.bc	meta_op.aiv.c310.bc
3	SIMT/Direct/strided-rank1.mlir	stride_store_1d_float_int64_t	1	SIMT	Vector/SIMTStrideStore.aiv.c310.bc	meta_op.aiv.c310.bc
3	SIMT/Direct/strided-rank1.mlir	stride_store_1d_half_int32_t	1	SIMT	Vector/SIMTStrideStore.aiv.c310.bc	meta_op.aiv.c310.bc
3	SIMT/Direct/strided-rank1.mlir	stride_store_1d_half_int64_t	1	SIMT	Vector/SIMTStrideStore.aiv.c310.bc	meta_op.aiv.c310.bc
3	SIMT/Direct/strided-rank1.mlir	stride_store_1d_int16_t_int32_t	1	SIMT	Vector/SIMTStrideStore.aiv.c310.bc	meta_op.aiv.c310.bc
3	SIMT/Direct/strided-rank1.mlir	stride_store_1d_int16_t_int64_t	1	SIMT	Vector/SIMTStrideStore.aiv.c310.bc	meta_op.aiv.c310.bc
3	SIMT/Direct/strided-rank1.mlir	stride_store_1d_int32_t_int32_t	1	SIMT	Vector/SIMTStrideStore.aiv.c310.bc	meta_op.aiv.c310.bc
3	SIMT/Direct/strided-rank1.mlir	stride_store_1d_int32_t_int64_t	1	SIMT	Vector/SIMTStrideStore.aiv.c310.bc	meta_op.aiv.c310.bc
3	SIMT/Direct/strided-rank1.mlir	stride_store_1d_int64_t_int32_t	1	SIMT	Vector/SIMTStrideStore.aiv.c310.bc	meta_op.aiv.c310.bc
3	SIMT/Direct/strided-rank1.mlir	stride_store_1d_int64_t_int64_t	1	SIMT	Vector/SIMTStrideStore.aiv.c310.bc	meta_op.aiv.c310.bc
3	SIMT/Direct/strided-rank1.mlir	stride_store_1d_int8_t_int32_t	1	SIMT	Vector/SIMTStrideStore.aiv.c310.bc	meta_op.aiv.c310.bc
3	SIMT/Direct/strided-rank1.mlir	stride_store_1d_int8_t_int64_t	1	SIMT	Vector/SIMTStrideStore.aiv.c310.bc	meta_op.aiv.c310.bc
3	SIMT/Direct/strided-rank1.mlir	stride_store_1d_uint16_t_int32_t	1	SIMT	Vector/SIMTStrideStore.aiv.c310.bc	meta_op.aiv.c310.bc
3	SIMT/Direct/strided-rank1.mlir	stride_store_1d_uint16_t_int64_t	1	SIMT	Vector/SIMTStrideStore.aiv.c310.bc	meta_op.aiv.c310.bc
3	SIMT/Direct/strided-rank1.mlir	stride_store_1d_uint32_t_int32_t	1	SIMT	Vector/SIMTStrideStore.aiv.c310.bc	meta_op.aiv.c310.bc
3	SIMT/Direct/strided-rank1.mlir	stride_store_1d_uint32_t_int64_t	1	SIMT	Vector/SIMTStrideStore.aiv.c310.bc	meta_op.aiv.c310.bc
3	SIMT/Direct/strided-rank1.mlir	stride_store_1d_uint64_t_int32_t	1	SIMT	Vector/SIMTStrideStore.aiv.c310.bc	meta_op.aiv.c310.bc
3	SIMT/Direct/strided-rank1.mlir	stride_store_1d_uint64_t_int64_t	1	SIMT	Vector/SIMTStrideStore.aiv.c310.bc	meta_op.aiv.c310.bc
3	SIMT/Direct/strided-rank1.mlir	stride_store_1d_uint8_t_int32_t	1	SIMT	Vector/SIMTStrideStore.aiv.c310.bc	meta_op.aiv.c310.bc
3	SIMT/Direct/strided-rank1.mlir	stride_store_1d_uint8_t_int64_t	1	SIMT	Vector/SIMTStrideStore.aiv.c310.bc	meta_op.aiv.c310.bc
3	SIMT/Direct/strided-rank2.mlir	stride_load_2d_bfloat16_t_int32_t	1	SIMT	Vector/SIMTStrideLoad.aiv.c310.bc	meta_op.aiv.c310.bc
3	SIMT/Direct/strided-rank2.mlir	stride_load_2d_bfloat16_t_int64_t	1	SIMT	Vector/SIMTStrideLoad.aiv.c310.bc	meta_op.aiv.c310.bc
3	SIMT/Direct/strided-rank2.mlir	stride_load_2d_float_int32_t	1	SIMT	Vector/SIMTStrideLoad.aiv.c310.bc	meta_op.aiv.c310.bc
3	SIMT/Direct/strided-rank2.mlir	stride_load_2d_float_int64_t	1	SIMT	Vector/SIMTStrideLoad.aiv.c310.bc	meta_op.aiv.c310.bc
3	SIMT/Direct/strided-rank2.mlir	stride_load_2d_half_int32_t	1	SIMT	Vector/SIMTStrideLoad.aiv.c310.bc	meta_op.aiv.c310.bc
3	SIMT/Direct/strided-rank2.mlir	stride_load_2d_half_int64_t	1	SIMT	Vector/SIMTStrideLoad.aiv.c310.bc	meta_op.aiv.c310.bc
3	SIMT/Direct/strided-rank2.mlir	stride_load_2d_int16_t_int32_t	1	SIMT	Vector/SIMTStrideLoad.aiv.c310.bc	meta_op.aiv.c310.bc
3	SIMT/Direct/strided-rank2.mlir	stride_load_2d_int16_t_int64_t	1	SIMT	Vector/SIMTStrideLoad.aiv.c310.bc	meta_op.aiv.c310.bc
3	SIMT/Direct/strided-rank2.mlir	stride_load_2d_int32_t_int32_t	1	SIMT	Vector/SIMTStrideLoad.aiv.c310.bc	meta_op.aiv.c310.bc
3	SIMT/Direct/strided-rank2.mlir	stride_load_2d_int32_t_int64_t	1	SIMT	Vector/SIMTStrideLoad.aiv.c310.bc	meta_op.aiv.c310.bc
3	SIMT/Direct/strided-rank2.mlir	stride_load_2d_int64_t_int32_t	1	SIMT	Vector/SIMTStrideLoad.aiv.c310.bc	meta_op.aiv.c310.bc
3	SIMT/Direct/strided-rank2.mlir	stride_load_2d_int64_t_int64_t	1	SIMT	Vector/SIMTStrideLoad.aiv.c310.bc	meta_op.aiv.c310.bc
3	SIMT/Direct/strided-rank2.mlir	stride_load_2d_int8_t_int32_t	1	SIMT	Vector/SIMTStrideLoad.aiv.c310.bc	meta_op.aiv.c310.bc
3	SIMT/Direct/strided-rank2.mlir	stride_load_2d_int8_t_int64_t	1	SIMT	Vector/SIMTStrideLoad.aiv.c310.bc	meta_op.aiv.c310.bc
3	SIMT/Direct/strided-rank2.mlir	stride_load_2d_uint16_t_int32_t	1	SIMT	Vector/SIMTStrideLoad.aiv.c310.bc	meta_op.aiv.c310.bc
3	SIMT/Direct/strided-rank2.mlir	stride_load_2d_uint16_t_int64_t	1	SIMT	Vector/SIMTStrideLoad.aiv.c310.bc	meta_op.aiv.c310.bc
3	SIMT/Direct/strided-rank2.mlir	stride_load_2d_uint32_t_int32_t	1	SIMT	Vector/SIMTStrideLoad.aiv.c310.bc	meta_op.aiv.c310.bc
3	SIMT/Direct/strided-rank2.mlir	stride_load_2d_uint32_t_int64_t	1	SIMT	Vector/SIMTStrideLoad.aiv.c310.bc	meta_op.aiv.c310.bc
3	SIMT/Direct/strided-rank2.mlir	stride_load_2d_uint64_t_int32_t	1	SIMT	Vector/SIMTStrideLoad.aiv.c310.bc	meta_op.aiv.c310.bc
3	SIMT/Direct/strided-rank2.mlir	stride_load_2d_uint64_t_int64_t	1	SIMT	Vector/SIMTStrideLoad.aiv.c310.bc	meta_op.aiv.c310.bc
3	SIMT/Direct/strided-rank2.mlir	stride_load_2d_uint8_t_int32_t	1	SIMT	Vector/SIMTStrideLoad.aiv.c310.bc	meta_op.aiv.c310.bc
3	SIMT/Direct/strided-rank2.mlir	stride_load_2d_uint8_t_int64_t	1	SIMT	Vector/SIMTStrideLoad.aiv.c310.bc	meta_op.aiv.c310.bc
3	SIMT/Direct/strided-rank2.mlir	stride_store_2d_bfloat16_t_int32_t	1	SIMT	Vector/SIMTStrideStore.aiv.c310.bc	meta_op.aiv.c310.bc
3	SIMT/Direct/strided-rank2.mlir	stride_store_2d_bfloat16_t_int64_t	1	SIMT	Vector/SIMTStrideStore.aiv.c310.bc	meta_op.aiv.c310.bc
3	SIMT/Direct/strided-rank2.mlir	stride_store_2d_float_int32_t	1	SIMT	Vector/SIMTStrideStore.aiv.c310.bc	meta_op.aiv.c310.bc
3	SIMT/Direct/strided-rank2.mlir	stride_store_2d_float_int64_t	1	SIMT	Vector/SIMTStrideStore.aiv.c310.bc	meta_op.aiv.c310.bc
3	SIMT/Direct/strided-rank2.mlir	stride_store_2d_half_int32_t	1	SIMT	Vector/SIMTStrideStore.aiv.c310.bc	meta_op.aiv.c310.bc
3	SIMT/Direct/strided-rank2.mlir	stride_store_2d_half_int64_t	1	SIMT	Vector/SIMTStrideStore.aiv.c310.bc	meta_op.aiv.c310.bc
3	SIMT/Direct/strided-rank2.mlir	stride_store_2d_int16_t_int32_t	1	SIMT	Vector/SIMTStrideStore.aiv.c310.bc	meta_op.aiv.c310.bc
3	SIMT/Direct/strided-rank2.mlir	stride_store_2d_int16_t_int64_t	1	SIMT	Vector/SIMTStrideStore.aiv.c310.bc	meta_op.aiv.c310.bc
3	SIMT/Direct/strided-rank2.mlir	stride_store_2d_int32_t_int32_t	1	SIMT	Vector/SIMTStrideStore.aiv.c310.bc	meta_op.aiv.c310.bc
3	SIMT/Direct/strided-rank2.mlir	stride_store_2d_int32_t_int64_t	1	SIMT	Vector/SIMTStrideStore.aiv.c310.bc	meta_op.aiv.c310.bc
3	SIMT/Direct/strided-rank2.mlir	stride_store_2d_int64_t_int32_t	1	SIMT	Vector/SIMTStrideStore.aiv.c310.bc	meta_op.aiv.c310.bc
3	SIMT/Direct/strided-rank2.mlir	stride_store_2d_int64_t_int64_t	1	SIMT	Vector/SIMTStrideStore.aiv.c310.bc	meta_op.aiv.c310.bc
3	SIMT/Direct/strided-rank2.mlir	stride_store_2d_int8_t_int32_t	1	SIMT	Vector/SIMTStrideStore.aiv.c310.bc	meta_op.aiv.c310.bc
3	SIMT/Direct/strided-rank2.mlir	stride_store_2d_int8_t_int64_t	1	SIMT	Vector/SIMTStrideStore.aiv.c310.bc	meta_op.aiv.c310.bc
3	SIMT/Direct/strided-rank2.mlir	stride_store_2d_uint16_t_int32_t	1	SIMT	Vector/SIMTStrideStore.aiv.c310.bc	meta_op.aiv.c310.bc
3	SIMT/Direct/strided-rank2.mlir	stride_store_2d_uint16_t_int64_t	1	SIMT	Vector/SIMTStrideStore.aiv.c310.bc	meta_op.aiv.c310.bc
3	SIMT/Direct/strided-rank2.mlir	stride_store_2d_uint32_t_int32_t	1	SIMT	Vector/SIMTStrideStore.aiv.c310.bc	meta_op.aiv.c310.bc
3	SIMT/Direct/strided-rank2.mlir	stride_store_2d_uint32_t_int64_t	1	SIMT	Vector/SIMTStrideStore.aiv.c310.bc	meta_op.aiv.c310.bc
3	SIMT/Direct/strided-rank2.mlir	stride_store_2d_uint64_t_int32_t	1	SIMT	Vector/SIMTStrideStore.aiv.c310.bc	meta_op.aiv.c310.bc
3	SIMT/Direct/strided-rank2.mlir	stride_store_2d_uint64_t_int64_t	1	SIMT	Vector/SIMTStrideStore.aiv.c310.bc	meta_op.aiv.c310.bc
3	SIMT/Direct/strided-rank2.mlir	stride_store_2d_uint8_t_int32_t	1	SIMT	Vector/SIMTStrideStore.aiv.c310.bc	meta_op.aiv.c310.bc
3	SIMT/Direct/strided-rank2.mlir	stride_store_2d_uint8_t_int64_t	1	SIMT	Vector/SIMTStrideStore.aiv.c310.bc	meta_op.aiv.c310.bc
3	SIMT/Direct/strided-rank3.mlir	stride_load_3d_bfloat16_t_int32_t	1	SIMT	Vector/SIMTStrideLoad.aiv.c310.bc	meta_op.aiv.c310.bc
3	SIMT/Direct/strided-rank3.mlir	stride_load_3d_bfloat16_t_int64_t	1	SIMT	Vector/SIMTStrideLoad.aiv.c310.bc	meta_op.aiv.c310.bc
3	SIMT/Direct/strided-rank3.mlir	stride_load_3d_float_int32_t	1	SIMT	Vector/SIMTStrideLoad.aiv.c310.bc	meta_op.aiv.c310.bc
3	SIMT/Direct/strided-rank3.mlir	stride_load_3d_float_int64_t	1	SIMT	Vector/SIMTStrideLoad.aiv.c310.bc	meta_op.aiv.c310.bc
3	SIMT/Direct/strided-rank3.mlir	stride_load_3d_half_int32_t	1	SIMT	Vector/SIMTStrideLoad.aiv.c310.bc	meta_op.aiv.c310.bc
3	SIMT/Direct/strided-rank3.mlir	stride_load_3d_half_int64_t	1	SIMT	Vector/SIMTStrideLoad.aiv.c310.bc	meta_op.aiv.c310.bc
3	SIMT/Direct/strided-rank3.mlir	stride_load_3d_int16_t_int32_t	1	SIMT	Vector/SIMTStrideLoad.aiv.c310.bc	meta_op.aiv.c310.bc
3	SIMT/Direct/strided-rank3.mlir	stride_load_3d_int16_t_int64_t	1	SIMT	Vector/SIMTStrideLoad.aiv.c310.bc	meta_op.aiv.c310.bc
3	SIMT/Direct/strided-rank3.mlir	stride_load_3d_int32_t_int32_t	1	SIMT	Vector/SIMTStrideLoad.aiv.c310.bc	meta_op.aiv.c310.bc
3	SIMT/Direct/strided-rank3.mlir	stride_load_3d_int32_t_int64_t	1	SIMT	Vector/SIMTStrideLoad.aiv.c310.bc	meta_op.aiv.c310.bc
3	SIMT/Direct/strided-rank3.mlir	stride_load_3d_int64_t_int32_t	1	SIMT	Vector/SIMTStrideLoad.aiv.c310.bc	meta_op.aiv.c310.bc
3	SIMT/Direct/strided-rank3.mlir	stride_load_3d_int64_t_int64_t	1	SIMT	Vector/SIMTStrideLoad.aiv.c310.bc	meta_op.aiv.c310.bc
3	SIMT/Direct/strided-rank3.mlir	stride_load_3d_int8_t_int32_t	1	SIMT	Vector/SIMTStrideLoad.aiv.c310.bc	meta_op.aiv.c310.bc
3	SIMT/Direct/strided-rank3.mlir	stride_load_3d_int8_t_int64_t	1	SIMT	Vector/SIMTStrideLoad.aiv.c310.bc	meta_op.aiv.c310.bc
3	SIMT/Direct/strided-rank3.mlir	stride_load_3d_uint16_t_int32_t	1	SIMT	Vector/SIMTStrideLoad.aiv.c310.bc	meta_op.aiv.c310.bc
3	SIMT/Direct/strided-rank3.mlir	stride_load_3d_uint16_t_int64_t	1	SIMT	Vector/SIMTStrideLoad.aiv.c310.bc	meta_op.aiv.c310.bc
3	SIMT/Direct/strided-rank3.mlir	stride_load_3d_uint32_t_int32_t	1	SIMT	Vector/SIMTStrideLoad.aiv.c310.bc	meta_op.aiv.c310.bc
3	SIMT/Direct/strided-rank3.mlir	stride_load_3d_uint32_t_int64_t	1	SIMT	Vector/SIMTStrideLoad.aiv.c310.bc	meta_op.aiv.c310.bc
3	SIMT/Direct/strided-rank3.mlir	stride_load_3d_uint64_t_int32_t	1	SIMT	Vector/SIMTStrideLoad.aiv.c310.bc	meta_op.aiv.c310.bc
3	SIMT/Direct/strided-rank3.mlir	stride_load_3d_uint64_t_int64_t	1	SIMT	Vector/SIMTStrideLoad.aiv.c310.bc	meta_op.aiv.c310.bc
3	SIMT/Direct/strided-rank3.mlir	stride_load_3d_uint8_t_int32_t	1	SIMT	Vector/SIMTStrideLoad.aiv.c310.bc	meta_op.aiv.c310.bc
3	SIMT/Direct/strided-rank3.mlir	stride_load_3d_uint8_t_int64_t	1	SIMT	Vector/SIMTStrideLoad.aiv.c310.bc	meta_op.aiv.c310.bc
3	SIMT/Direct/strided-rank3.mlir	stride_store_3d_bfloat16_t_int32_t	1	SIMT	Vector/SIMTStrideStore.aiv.c310.bc	meta_op.aiv.c310.bc
3	SIMT/Direct/strided-rank3.mlir	stride_store_3d_bfloat16_t_int64_t	1	SIMT	Vector/SIMTStrideStore.aiv.c310.bc	meta_op.aiv.c310.bc
3	SIMT/Direct/strided-rank3.mlir	stride_store_3d_float_int32_t	1	SIMT	Vector/SIMTStrideStore.aiv.c310.bc	meta_op.aiv.c310.bc
3	SIMT/Direct/strided-rank3.mlir	stride_store_3d_float_int64_t	1	SIMT	Vector/SIMTStrideStore.aiv.c310.bc	meta_op.aiv.c310.bc
3	SIMT/Direct/strided-rank3.mlir	stride_store_3d_half_int32_t	1	SIMT	Vector/SIMTStrideStore.aiv.c310.bc	meta_op.aiv.c310.bc
3	SIMT/Direct/strided-rank3.mlir	stride_store_3d_half_int64_t	1	SIMT	Vector/SIMTStrideStore.aiv.c310.bc	meta_op.aiv.c310.bc
3	SIMT/Direct/strided-rank3.mlir	stride_store_3d_int16_t_int32_t	1	SIMT	Vector/SIMTStrideStore.aiv.c310.bc	meta_op.aiv.c310.bc
3	SIMT/Direct/strided-rank3.mlir	stride_store_3d_int16_t_int64_t	1	SIMT	Vector/SIMTStrideStore.aiv.c310.bc	meta_op.aiv.c310.bc
3	SIMT/Direct/strided-rank3.mlir	stride_store_3d_int32_t_int32_t	1	SIMT	Vector/SIMTStrideStore.aiv.c310.bc	meta_op.aiv.c310.bc
3	SIMT/Direct/strided-rank3.mlir	stride_store_3d_int32_t_int64_t	1	SIMT	Vector/SIMTStrideStore.aiv.c310.bc	meta_op.aiv.c310.bc
3	SIMT/Direct/strided-rank3.mlir	stride_store_3d_int64_t_int32_t	1	SIMT	Vector/SIMTStrideStore.aiv.c310.bc	meta_op.aiv.c310.bc
3	SIMT/Direct/strided-rank3.mlir	stride_store_3d_int64_t_int64_t	1	SIMT	Vector/SIMTStrideStore.aiv.c310.bc	meta_op.aiv.c310.bc
3	SIMT/Direct/strided-rank3.mlir	stride_store_3d_int8_t_int32_t	1	SIMT	Vector/SIMTStrideStore.aiv.c310.bc	meta_op.aiv.c310.bc
3	SIMT/Direct/strided-rank3.mlir	stride_store_3d_int8_t_int64_t	1	SIMT	Vector/SIMTStrideStore.aiv.c310.bc	meta_op.aiv.c310.bc
3	SIMT/Direct/strided-rank3.mlir	stride_store_3d_uint16_t_int32_t	1	SIMT	Vector/SIMTStrideStore.aiv.c310.bc	meta_op.aiv.c310.bc
3	SIMT/Direct/strided-rank3.mlir	stride_store_3d_uint16_t_int64_t	1	SIMT	Vector/SIMTStrideStore.aiv.c310.bc	meta_op.aiv.c310.bc
3	SIMT/Direct/strided-rank3.mlir	stride_store_3d_uint32_t_int32_t	1	SIMT	Vector/SIMTStrideStore.aiv.c310.bc	meta_op.aiv.c310.bc
3	SIMT/Direct/strided-rank3.mlir	stride_store_3d_uint32_t_int64_t	1	SIMT	Vector/SIMTStrideStore.aiv.c310.bc	meta_op.aiv.c310.bc
3	SIMT/Direct/strided-rank3.mlir	stride_store_3d_uint64_t_int32_t	1	SIMT	Vector/SIMTStrideStore.aiv.c310.bc	meta_op.aiv.c310.bc
3	SIMT/Direct/strided-rank3.mlir	stride_store_3d_uint64_t_int64_t	1	SIMT	Vector/SIMTStrideStore.aiv.c310.bc	meta_op.aiv.c310.bc
3	SIMT/Direct/strided-rank3.mlir	stride_store_3d_uint8_t_int32_t	1	SIMT	Vector/SIMTStrideStore.aiv.c310.bc	meta_op.aiv.c310.bc
3	SIMT/Direct/strided-rank3.mlir	stride_store_3d_uint8_t_int64_t	1	SIMT	Vector/SIMTStrideStore.aiv.c310.bc	meta_op.aiv.c310.bc
3	SIMT/Indexing/gather.mlir	gather_out_to_ub_1d_bfloat16_t_int32_t	1	SIMT	Vector/SIMTGatherOutToUB.aiv.c310.bc	meta_op.aiv.c310.bc
3	SIMT/Indexing/gather.mlir	gather_out_to_ub_1d_bfloat16_t_int64_t	1	SIMT	Vector/SIMTGatherOutToUB.aiv.c310.bc	meta_op.aiv.c310.bc
3	SIMT/Indexing/gather.mlir	gather_out_to_ub_1d_float16_t_int32_t	1	SIMT	Vector/SIMTGatherOutToUB.aiv.c310.bc	meta_op.aiv.c310.bc
3	SIMT/Indexing/gather.mlir	gather_out_to_ub_1d_float16_t_int64_t	1	SIMT	Vector/SIMTGatherOutToUB.aiv.c310.bc	meta_op.aiv.c310.bc
3	SIMT/Indexing/gather.mlir	gather_out_to_ub_1d_float_int32_t	1	SIMT	Vector/SIMTGatherOutToUB.aiv.c310.bc	meta_op.aiv.c310.bc
3	SIMT/Indexing/gather.mlir	gather_out_to_ub_1d_float_int64_t	1	SIMT	Vector/SIMTGatherOutToUB.aiv.c310.bc	meta_op.aiv.c310.bc
3	SIMT/Indexing/gather.mlir	gather_out_to_ub_1d_half_int32_t	1	SIMT	Vector/SIMTGatherOutToUB.aiv.c310.bc	meta_op.aiv.c310.bc
3	SIMT/Indexing/gather.mlir	gather_out_to_ub_1d_half_int64_t	1	SIMT	Vector/SIMTGatherOutToUB.aiv.c310.bc	meta_op.aiv.c310.bc
3	SIMT/Indexing/gather.mlir	gather_out_to_ub_2d_bfloat16_t_int32_t	1	SIMT	Vector/SIMTGatherOutToUB.aiv.c310.bc	meta_op.aiv.c310.bc
3	SIMT/Indexing/gather.mlir	gather_out_to_ub_2d_bfloat16_t_int64_t	1	SIMT	Vector/SIMTGatherOutToUB.aiv.c310.bc	meta_op.aiv.c310.bc
3	SIMT/Indexing/gather.mlir	gather_out_to_ub_2d_float16_t_int32_t	1	SIMT	Vector/SIMTGatherOutToUB.aiv.c310.bc	meta_op.aiv.c310.bc
3	SIMT/Indexing/gather.mlir	gather_out_to_ub_2d_float16_t_int64_t	1	SIMT	Vector/SIMTGatherOutToUB.aiv.c310.bc	meta_op.aiv.c310.bc
3	SIMT/Indexing/gather.mlir	gather_out_to_ub_2d_float_int32_t	1	SIMT	Vector/SIMTGatherOutToUB.aiv.c310.bc	meta_op.aiv.c310.bc
3	SIMT/Indexing/gather.mlir	gather_out_to_ub_2d_float_int64_t	1	SIMT	Vector/SIMTGatherOutToUB.aiv.c310.bc	meta_op.aiv.c310.bc
3	SIMT/Indexing/gather.mlir	gather_out_to_ub_2d_half_int32_t	1	SIMT	Vector/SIMTGatherOutToUB.aiv.c310.bc	meta_op.aiv.c310.bc
3	SIMT/Indexing/gather.mlir	gather_out_to_ub_2d_half_int64_t	1	SIMT	Vector/SIMTGatherOutToUB.aiv.c310.bc	meta_op.aiv.c310.bc
3	SIMT/Indexing/gather.mlir	gather_out_to_ub_3d_bfloat16_t_int32_t	1	SIMT	Vector/SIMTGatherOutToUB.aiv.c310.bc	meta_op.aiv.c310.bc
3	SIMT/Indexing/gather.mlir	gather_out_to_ub_3d_bfloat16_t_int64_t	1	SIMT	Vector/SIMTGatherOutToUB.aiv.c310.bc	meta_op.aiv.c310.bc
3	SIMT/Indexing/gather.mlir	gather_out_to_ub_3d_float16_t_int32_t	1	SIMT	Vector/SIMTGatherOutToUB.aiv.c310.bc	meta_op.aiv.c310.bc
3	SIMT/Indexing/gather.mlir	gather_out_to_ub_3d_float16_t_int64_t	1	SIMT	Vector/SIMTGatherOutToUB.aiv.c310.bc	meta_op.aiv.c310.bc
3	SIMT/Indexing/gather.mlir	gather_out_to_ub_3d_float_int32_t	1	SIMT	Vector/SIMTGatherOutToUB.aiv.c310.bc	meta_op.aiv.c310.bc
3	SIMT/Indexing/gather.mlir	gather_out_to_ub_3d_float_int64_t	1	SIMT	Vector/SIMTGatherOutToUB.aiv.c310.bc	meta_op.aiv.c310.bc
3	SIMT/Indexing/gather.mlir	gather_out_to_ub_3d_half_int32_t	1	SIMT	Vector/SIMTGatherOutToUB.aiv.c310.bc	meta_op.aiv.c310.bc
3	SIMT/Indexing/gather.mlir	gather_out_to_ub_3d_half_int64_t	1	SIMT	Vector/SIMTGatherOutToUB.aiv.c310.bc	meta_op.aiv.c310.bc
3	SIMT/Indexing/gather.mlir	gather_out_to_ub_4d_bfloat16_t_int32_t	1	SIMT	Vector/SIMTGatherOutToUB.aiv.c310.bc	meta_op.aiv.c310.bc
3	SIMT/Indexing/gather.mlir	gather_out_to_ub_4d_bfloat16_t_int64_t	1	SIMT	Vector/SIMTGatherOutToUB.aiv.c310.bc	meta_op.aiv.c310.bc
3	SIMT/Indexing/gather.mlir	gather_out_to_ub_4d_float16_t_int32_t	1	SIMT	Vector/SIMTGatherOutToUB.aiv.c310.bc	meta_op.aiv.c310.bc
3	SIMT/Indexing/gather.mlir	gather_out_to_ub_4d_float16_t_int64_t	1	SIMT	Vector/SIMTGatherOutToUB.aiv.c310.bc	meta_op.aiv.c310.bc
3	SIMT/Indexing/gather.mlir	gather_out_to_ub_4d_float_int32_t	1	SIMT	Vector/SIMTGatherOutToUB.aiv.c310.bc	meta_op.aiv.c310.bc
3	SIMT/Indexing/gather.mlir	gather_out_to_ub_4d_float_int64_t	1	SIMT	Vector/SIMTGatherOutToUB.aiv.c310.bc	meta_op.aiv.c310.bc
3	SIMT/Indexing/gather.mlir	gather_out_to_ub_4d_half_int32_t	1	SIMT	Vector/SIMTGatherOutToUB.aiv.c310.bc	meta_op.aiv.c310.bc
3	SIMT/Indexing/gather.mlir	gather_out_to_ub_4d_half_int64_t	1	SIMT	Vector/SIMTGatherOutToUB.aiv.c310.bc	meta_op.aiv.c310.bc
3	SIMT/Indexing/gather.mlir	gather_out_to_ub_5d_bfloat16_t_int32_t	1	SIMT	Vector/SIMTGatherOutToUB.aiv.c310.bc	meta_op.aiv.c310.bc
3	SIMT/Indexing/gather.mlir	gather_out_to_ub_5d_bfloat16_t_int64_t	1	SIMT	Vector/SIMTGatherOutToUB.aiv.c310.bc	meta_op.aiv.c310.bc
3	SIMT/Indexing/gather.mlir	gather_out_to_ub_5d_float16_t_int32_t	1	SIMT	Vector/SIMTGatherOutToUB.aiv.c310.bc	meta_op.aiv.c310.bc
3	SIMT/Indexing/gather.mlir	gather_out_to_ub_5d_float16_t_int64_t	1	SIMT	Vector/SIMTGatherOutToUB.aiv.c310.bc	meta_op.aiv.c310.bc
3	SIMT/Indexing/gather.mlir	gather_out_to_ub_5d_float_int32_t	1	SIMT	Vector/SIMTGatherOutToUB.aiv.c310.bc	meta_op.aiv.c310.bc
3	SIMT/Indexing/gather.mlir	gather_out_to_ub_5d_float_int64_t	1	SIMT	Vector/SIMTGatherOutToUB.aiv.c310.bc	meta_op.aiv.c310.bc
3	SIMT/Indexing/gather.mlir	gather_out_to_ub_5d_half_int32_t	1	SIMT	Vector/SIMTGatherOutToUB.aiv.c310.bc	meta_op.aiv.c310.bc
3	SIMT/Indexing/gather.mlir	gather_out_to_ub_5d_half_int64_t	1	SIMT	Vector/SIMTGatherOutToUB.aiv.c310.bc	meta_op.aiv.c310.bc
3	SIMT/Indexing/gather.mlir	gather_simt_1d_bfloat16_t_int32_t	1	SIMT	Vector/SIMTGatherUBToUB.aiv.c310.bc	meta_op.aiv.c310.bc
3	SIMT/Indexing/gather.mlir	gather_simt_1d_bfloat16_t_int64_t	1	SIMT	Vector/SIMTGatherUBToUB.aiv.c310.bc	meta_op.aiv.c310.bc
3	SIMT/Indexing/gather.mlir	gather_simt_1d_float16_t_int32_t	1	SIMT	Vector/SIMTGatherUBToUB.aiv.c310.bc	meta_op.aiv.c310.bc
3	SIMT/Indexing/gather.mlir	gather_simt_1d_float16_t_int64_t	1	SIMT	Vector/SIMTGatherUBToUB.aiv.c310.bc	meta_op.aiv.c310.bc
3	SIMT/Indexing/gather.mlir	gather_simt_1d_float_int32_t	1	SIMT	Vector/SIMTGatherUBToUB.aiv.c310.bc	meta_op.aiv.c310.bc
3	SIMT/Indexing/gather.mlir	gather_simt_1d_float_int64_t	1	SIMT	Vector/SIMTGatherUBToUB.aiv.c310.bc	meta_op.aiv.c310.bc
3	SIMT/Indexing/gather.mlir	gather_simt_1d_half_int32_t	1	SIMT	Vector/SIMTGatherUBToUB.aiv.c310.bc	meta_op.aiv.c310.bc
3	SIMT/Indexing/gather.mlir	gather_simt_1d_half_int64_t	1	SIMT	Vector/SIMTGatherUBToUB.aiv.c310.bc	meta_op.aiv.c310.bc
3	SIMT/Indexing/gather.mlir	gather_simt_1d_int16_t_int32_t	1	SIMT	Vector/SIMTGatherUBToUB.aiv.c310.bc	meta_op.aiv.c310.bc
3	SIMT/Indexing/gather.mlir	gather_simt_1d_int16_t_int64_t	1	SIMT	Vector/SIMTGatherUBToUB.aiv.c310.bc	meta_op.aiv.c310.bc
3	SIMT/Indexing/gather.mlir	gather_simt_1d_int32_t_int32_t	1	SIMT	Vector/SIMTGatherUBToUB.aiv.c310.bc	meta_op.aiv.c310.bc
3	SIMT/Indexing/gather.mlir	gather_simt_1d_int32_t_int64_t	1	SIMT	Vector/SIMTGatherUBToUB.aiv.c310.bc	meta_op.aiv.c310.bc
3	SIMT/Indexing/gather.mlir	gather_simt_1d_int8_t_int32_t	1	SIMT	Vector/SIMTGatherUBToUB.aiv.c310.bc	meta_op.aiv.c310.bc
3	SIMT/Indexing/gather.mlir	gather_simt_1d_int8_t_int64_t	1	SIMT	Vector/SIMTGatherUBToUB.aiv.c310.bc	meta_op.aiv.c310.bc
3	SIMT/Indexing/gather.mlir	gather_simt_1d_uint16_t_int32_t	1	SIMT	Vector/SIMTGatherUBToUB.aiv.c310.bc	meta_op.aiv.c310.bc
3	SIMT/Indexing/gather.mlir	gather_simt_1d_uint16_t_int64_t	1	SIMT	Vector/SIMTGatherUBToUB.aiv.c310.bc	meta_op.aiv.c310.bc
3	SIMT/Indexing/gather.mlir	gather_simt_1d_uint32_t_int32_t	1	SIMT	Vector/SIMTGatherUBToUB.aiv.c310.bc	meta_op.aiv.c310.bc
3	SIMT/Indexing/gather.mlir	gather_simt_1d_uint32_t_int64_t	1	SIMT	Vector/SIMTGatherUBToUB.aiv.c310.bc	meta_op.aiv.c310.bc
3	SIMT/Indexing/gather.mlir	gather_simt_1d_uint8_t_int32_t	1	SIMT	Vector/SIMTGatherUBToUB.aiv.c310.bc	meta_op.aiv.c310.bc
3	SIMT/Indexing/gather.mlir	gather_simt_1d_uint8_t_int64_t	1	SIMT	Vector/SIMTGatherUBToUB.aiv.c310.bc	meta_op.aiv.c310.bc
3	SIMT/Indexing/gather.mlir	gather_simt_2d_bfloat16_t_int32_t	1	SIMT	Vector/SIMTGatherUBToUB.aiv.c310.bc	meta_op.aiv.c310.bc
3	SIMT/Indexing/gather.mlir	gather_simt_2d_bfloat16_t_int64_t	1	SIMT	Vector/SIMTGatherUBToUB.aiv.c310.bc	meta_op.aiv.c310.bc
3	SIMT/Indexing/gather.mlir	gather_simt_2d_float16_t_int32_t	1	SIMT	Vector/SIMTGatherUBToUB.aiv.c310.bc	meta_op.aiv.c310.bc
3	SIMT/Indexing/gather.mlir	gather_simt_2d_float16_t_int64_t	1	SIMT	Vector/SIMTGatherUBToUB.aiv.c310.bc	meta_op.aiv.c310.bc
3	SIMT/Indexing/gather.mlir	gather_simt_2d_float_int32_t	1	SIMT	Vector/SIMTGatherUBToUB.aiv.c310.bc	meta_op.aiv.c310.bc
3	SIMT/Indexing/gather.mlir	gather_simt_2d_float_int64_t	1	SIMT	Vector/SIMTGatherUBToUB.aiv.c310.bc	meta_op.aiv.c310.bc
3	SIMT/Indexing/gather.mlir	gather_simt_2d_half_int32_t	1	SIMT	Vector/SIMTGatherUBToUB.aiv.c310.bc	meta_op.aiv.c310.bc
3	SIMT/Indexing/gather.mlir	gather_simt_2d_half_int64_t	1	SIMT	Vector/SIMTGatherUBToUB.aiv.c310.bc	meta_op.aiv.c310.bc
3	SIMT/Indexing/gather.mlir	gather_simt_2d_int16_t_int32_t	1	SIMT	Vector/SIMTGatherUBToUB.aiv.c310.bc	meta_op.aiv.c310.bc
3	SIMT/Indexing/gather.mlir	gather_simt_2d_int16_t_int64_t	1	SIMT	Vector/SIMTGatherUBToUB.aiv.c310.bc	meta_op.aiv.c310.bc
3	SIMT/Indexing/gather.mlir	gather_simt_2d_int32_t_int32_t	1	SIMT	Vector/SIMTGatherUBToUB.aiv.c310.bc	meta_op.aiv.c310.bc
3	SIMT/Indexing/gather.mlir	gather_simt_2d_int32_t_int64_t	1	SIMT	Vector/SIMTGatherUBToUB.aiv.c310.bc	meta_op.aiv.c310.bc
3	SIMT/Indexing/gather.mlir	gather_simt_2d_int8_t_int32_t	1	SIMT	Vector/SIMTGatherUBToUB.aiv.c310.bc	meta_op.aiv.c310.bc
3	SIMT/Indexing/gather.mlir	gather_simt_2d_int8_t_int64_t	1	SIMT	Vector/SIMTGatherUBToUB.aiv.c310.bc	meta_op.aiv.c310.bc
3	SIMT/Indexing/gather.mlir	gather_simt_2d_uint16_t_int32_t	1	SIMT	Vector/SIMTGatherUBToUB.aiv.c310.bc	meta_op.aiv.c310.bc
3	SIMT/Indexing/gather.mlir	gather_simt_2d_uint16_t_int64_t	1	SIMT	Vector/SIMTGatherUBToUB.aiv.c310.bc	meta_op.aiv.c310.bc
3	SIMT/Indexing/gather.mlir	gather_simt_2d_uint32_t_int32_t	1	SIMT	Vector/SIMTGatherUBToUB.aiv.c310.bc	meta_op.aiv.c310.bc
3	SIMT/Indexing/gather.mlir	gather_simt_2d_uint32_t_int64_t	1	SIMT	Vector/SIMTGatherUBToUB.aiv.c310.bc	meta_op.aiv.c310.bc
3	SIMT/Indexing/gather.mlir	gather_simt_2d_uint8_t_int32_t	1	SIMT	Vector/SIMTGatherUBToUB.aiv.c310.bc	meta_op.aiv.c310.bc
3	SIMT/Indexing/gather.mlir	gather_simt_2d_uint8_t_int64_t	1	SIMT	Vector/SIMTGatherUBToUB.aiv.c310.bc	meta_op.aiv.c310.bc
3	SIMT/Indexing/gather.mlir	gather_simt_3d_bfloat16_t_int32_t	1	SIMT	Vector/SIMTGatherUBToUB.aiv.c310.bc	meta_op.aiv.c310.bc
3	SIMT/Indexing/gather.mlir	gather_simt_3d_bfloat16_t_int64_t	1	SIMT	Vector/SIMTGatherUBToUB.aiv.c310.bc	meta_op.aiv.c310.bc
3	SIMT/Indexing/gather.mlir	gather_simt_3d_float16_t_int32_t	1	SIMT	Vector/SIMTGatherUBToUB.aiv.c310.bc	meta_op.aiv.c310.bc
3	SIMT/Indexing/gather.mlir	gather_simt_3d_float16_t_int64_t	1	SIMT	Vector/SIMTGatherUBToUB.aiv.c310.bc	meta_op.aiv.c310.bc
3	SIMT/Indexing/gather.mlir	gather_simt_3d_float_int32_t	1	SIMT	Vector/SIMTGatherUBToUB.aiv.c310.bc	meta_op.aiv.c310.bc
3	SIMT/Indexing/gather.mlir	gather_simt_3d_float_int64_t	1	SIMT	Vector/SIMTGatherUBToUB.aiv.c310.bc	meta_op.aiv.c310.bc
3	SIMT/Indexing/gather.mlir	gather_simt_3d_half_int32_t	1	SIMT	Vector/SIMTGatherUBToUB.aiv.c310.bc	meta_op.aiv.c310.bc
3	SIMT/Indexing/gather.mlir	gather_simt_3d_half_int64_t	1	SIMT	Vector/SIMTGatherUBToUB.aiv.c310.bc	meta_op.aiv.c310.bc
3	SIMT/Indexing/gather.mlir	gather_simt_3d_int16_t_int32_t	1	SIMT	Vector/SIMTGatherUBToUB.aiv.c310.bc	meta_op.aiv.c310.bc
3	SIMT/Indexing/gather.mlir	gather_simt_3d_int16_t_int64_t	1	SIMT	Vector/SIMTGatherUBToUB.aiv.c310.bc	meta_op.aiv.c310.bc
3	SIMT/Indexing/gather.mlir	gather_simt_3d_int32_t_int32_t	1	SIMT	Vector/SIMTGatherUBToUB.aiv.c310.bc	meta_op.aiv.c310.bc
3	SIMT/Indexing/gather.mlir	gather_simt_3d_int32_t_int64_t	1	SIMT	Vector/SIMTGatherUBToUB.aiv.c310.bc	meta_op.aiv.c310.bc
3	SIMT/Indexing/gather.mlir	gather_simt_3d_int8_t_int32_t	1	SIMT	Vector/SIMTGatherUBToUB.aiv.c310.bc	meta_op.aiv.c310.bc
3	SIMT/Indexing/gather.mlir	gather_simt_3d_int8_t_int64_t	1	SIMT	Vector/SIMTGatherUBToUB.aiv.c310.bc	meta_op.aiv.c310.bc
3	SIMT/Indexing/gather.mlir	gather_simt_3d_uint16_t_int32_t	1	SIMT	Vector/SIMTGatherUBToUB.aiv.c310.bc	meta_op.aiv.c310.bc
3	SIMT/Indexing/gather.mlir	gather_simt_3d_uint16_t_int64_t	1	SIMT	Vector/SIMTGatherUBToUB.aiv.c310.bc	meta_op.aiv.c310.bc
3	SIMT/Indexing/gather.mlir	gather_simt_3d_uint32_t_int32_t	1	SIMT	Vector/SIMTGatherUBToUB.aiv.c310.bc	meta_op.aiv.c310.bc
3	SIMT/Indexing/gather.mlir	gather_simt_3d_uint32_t_int64_t	1	SIMT	Vector/SIMTGatherUBToUB.aiv.c310.bc	meta_op.aiv.c310.bc
3	SIMT/Indexing/gather.mlir	gather_simt_3d_uint8_t_int32_t	1	SIMT	Vector/SIMTGatherUBToUB.aiv.c310.bc	meta_op.aiv.c310.bc
3	SIMT/Indexing/gather.mlir	gather_simt_3d_uint8_t_int64_t	1	SIMT	Vector/SIMTGatherUBToUB.aiv.c310.bc	meta_op.aiv.c310.bc
3	SIMT/Indexing/gather.mlir	gather_simt_4d_bfloat16_t_int32_t	1	SIMT	Vector/SIMTGatherUBToUB.aiv.c310.bc	meta_op.aiv.c310.bc
3	SIMT/Indexing/gather.mlir	gather_simt_4d_bfloat16_t_int64_t	1	SIMT	Vector/SIMTGatherUBToUB.aiv.c310.bc	meta_op.aiv.c310.bc
3	SIMT/Indexing/gather.mlir	gather_simt_4d_float16_t_int32_t	1	SIMT	Vector/SIMTGatherUBToUB.aiv.c310.bc	meta_op.aiv.c310.bc
3	SIMT/Indexing/gather.mlir	gather_simt_4d_float16_t_int64_t	1	SIMT	Vector/SIMTGatherUBToUB.aiv.c310.bc	meta_op.aiv.c310.bc
3	SIMT/Indexing/gather.mlir	gather_simt_4d_float_int32_t	1	SIMT	Vector/SIMTGatherUBToUB.aiv.c310.bc	meta_op.aiv.c310.bc
3	SIMT/Indexing/gather.mlir	gather_simt_4d_float_int64_t	1	SIMT	Vector/SIMTGatherUBToUB.aiv.c310.bc	meta_op.aiv.c310.bc
3	SIMT/Indexing/gather.mlir	gather_simt_4d_half_int32_t	1	SIMT	Vector/SIMTGatherUBToUB.aiv.c310.bc	meta_op.aiv.c310.bc
3	SIMT/Indexing/gather.mlir	gather_simt_4d_half_int64_t	1	SIMT	Vector/SIMTGatherUBToUB.aiv.c310.bc	meta_op.aiv.c310.bc
3	SIMT/Indexing/gather.mlir	gather_simt_4d_int16_t_int32_t	1	SIMT	Vector/SIMTGatherUBToUB.aiv.c310.bc	meta_op.aiv.c310.bc
3	SIMT/Indexing/gather.mlir	gather_simt_4d_int16_t_int64_t	1	SIMT	Vector/SIMTGatherUBToUB.aiv.c310.bc	meta_op.aiv.c310.bc
3	SIMT/Indexing/gather.mlir	gather_simt_4d_int32_t_int32_t	1	SIMT	Vector/SIMTGatherUBToUB.aiv.c310.bc	meta_op.aiv.c310.bc
3	SIMT/Indexing/gather.mlir	gather_simt_4d_int32_t_int64_t	1	SIMT	Vector/SIMTGatherUBToUB.aiv.c310.bc	meta_op.aiv.c310.bc
3	SIMT/Indexing/gather.mlir	gather_simt_4d_int8_t_int32_t	1	SIMT	Vector/SIMTGatherUBToUB.aiv.c310.bc	meta_op.aiv.c310.bc
3	SIMT/Indexing/gather.mlir	gather_simt_4d_int8_t_int64_t	1	SIMT	Vector/SIMTGatherUBToUB.aiv.c310.bc	meta_op.aiv.c310.bc
3	SIMT/Indexing/gather.mlir	gather_simt_4d_uint16_t_int32_t	1	SIMT	Vector/SIMTGatherUBToUB.aiv.c310.bc	meta_op.aiv.c310.bc
3	SIMT/Indexing/gather.mlir	gather_simt_4d_uint16_t_int64_t	1	SIMT	Vector/SIMTGatherUBToUB.aiv.c310.bc	meta_op.aiv.c310.bc
3	SIMT/Indexing/gather.mlir	gather_simt_4d_uint32_t_int32_t	1	SIMT	Vector/SIMTGatherUBToUB.aiv.c310.bc	meta_op.aiv.c310.bc
3	SIMT/Indexing/gather.mlir	gather_simt_4d_uint32_t_int64_t	1	SIMT	Vector/SIMTGatherUBToUB.aiv.c310.bc	meta_op.aiv.c310.bc
3	SIMT/Indexing/gather.mlir	gather_simt_4d_uint8_t_int32_t	1	SIMT	Vector/SIMTGatherUBToUB.aiv.c310.bc	meta_op.aiv.c310.bc
3	SIMT/Indexing/gather.mlir	gather_simt_4d_uint8_t_int64_t	1	SIMT	Vector/SIMTGatherUBToUB.aiv.c310.bc	meta_op.aiv.c310.bc
3	SIMT/Indexing/gather.mlir	gather_simt_5d_bfloat16_t_int32_t	1	SIMT	Vector/SIMTGatherUBToUB.aiv.c310.bc	meta_op.aiv.c310.bc
3	SIMT/Indexing/gather.mlir	gather_simt_5d_bfloat16_t_int64_t	1	SIMT	Vector/SIMTGatherUBToUB.aiv.c310.bc	meta_op.aiv.c310.bc
3	SIMT/Indexing/gather.mlir	gather_simt_5d_float16_t_int32_t	1	SIMT	Vector/SIMTGatherUBToUB.aiv.c310.bc	meta_op.aiv.c310.bc
3	SIMT/Indexing/gather.mlir	gather_simt_5d_float16_t_int64_t	1	SIMT	Vector/SIMTGatherUBToUB.aiv.c310.bc	meta_op.aiv.c310.bc
3	SIMT/Indexing/gather.mlir	gather_simt_5d_float_int32_t	1	SIMT	Vector/SIMTGatherUBToUB.aiv.c310.bc	meta_op.aiv.c310.bc
3	SIMT/Indexing/gather.mlir	gather_simt_5d_float_int64_t	1	SIMT	Vector/SIMTGatherUBToUB.aiv.c310.bc	meta_op.aiv.c310.bc
3	SIMT/Indexing/gather.mlir	gather_simt_5d_half_int32_t	1	SIMT	Vector/SIMTGatherUBToUB.aiv.c310.bc	meta_op.aiv.c310.bc
3	SIMT/Indexing/gather.mlir	gather_simt_5d_half_int64_t	1	SIMT	Vector/SIMTGatherUBToUB.aiv.c310.bc	meta_op.aiv.c310.bc
3	SIMT/Indexing/gather.mlir	gather_simt_5d_int16_t_int32_t	1	SIMT	Vector/SIMTGatherUBToUB.aiv.c310.bc	meta_op.aiv.c310.bc
3	SIMT/Indexing/gather.mlir	gather_simt_5d_int16_t_int64_t	1	SIMT	Vector/SIMTGatherUBToUB.aiv.c310.bc	meta_op.aiv.c310.bc
3	SIMT/Indexing/gather.mlir	gather_simt_5d_int32_t_int32_t	1	SIMT	Vector/SIMTGatherUBToUB.aiv.c310.bc	meta_op.aiv.c310.bc
3	SIMT/Indexing/gather.mlir	gather_simt_5d_int32_t_int64_t	1	SIMT	Vector/SIMTGatherUBToUB.aiv.c310.bc	meta_op.aiv.c310.bc
3	SIMT/Indexing/gather.mlir	gather_simt_5d_int8_t_int32_t	1	SIMT	Vector/SIMTGatherUBToUB.aiv.c310.bc	meta_op.aiv.c310.bc
3	SIMT/Indexing/gather.mlir	gather_simt_5d_int8_t_int64_t	1	SIMT	Vector/SIMTGatherUBToUB.aiv.c310.bc	meta_op.aiv.c310.bc
3	SIMT/Indexing/gather.mlir	gather_simt_5d_uint16_t_int32_t	1	SIMT	Vector/SIMTGatherUBToUB.aiv.c310.bc	meta_op.aiv.c310.bc
3	SIMT/Indexing/gather.mlir	gather_simt_5d_uint16_t_int64_t	1	SIMT	Vector/SIMTGatherUBToUB.aiv.c310.bc	meta_op.aiv.c310.bc
3	SIMT/Indexing/gather.mlir	gather_simt_5d_uint32_t_int32_t	1	SIMT	Vector/SIMTGatherUBToUB.aiv.c310.bc	meta_op.aiv.c310.bc
3	SIMT/Indexing/gather.mlir	gather_simt_5d_uint32_t_int64_t	1	SIMT	Vector/SIMTGatherUBToUB.aiv.c310.bc	meta_op.aiv.c310.bc
3	SIMT/Indexing/gather.mlir	gather_simt_5d_uint8_t_int32_t	1	SIMT	Vector/SIMTGatherUBToUB.aiv.c310.bc	meta_op.aiv.c310.bc
3	SIMT/Indexing/gather.mlir	gather_simt_5d_uint8_t_int64_t	1	SIMT	Vector/SIMTGatherUBToUB.aiv.c310.bc	meta_op.aiv.c310.bc
3	SIMT/Indexing/index-put.mlir	index_put_2d_bfloat16_t_int32_t	1	SIMT	Vector/SIMTIndexPut.aiv.c310.bc	meta_op.aiv.c310.bc
3	SIMT/Indexing/index-put.mlir	index_put_2d_bfloat16_t_int64_t	1	SIMT	Vector/SIMTIndexPut.aiv.c310.bc	meta_op.aiv.c310.bc
3	SIMT/Indexing/index-put.mlir	index_put_2d_float_int32_t	1	SIMT	Vector/SIMTIndexPut.aiv.c310.bc	meta_op.aiv.c310.bc
3	SIMT/Indexing/index-put.mlir	index_put_2d_float_int64_t	1	SIMT	Vector/SIMTIndexPut.aiv.c310.bc	meta_op.aiv.c310.bc
3	SIMT/Indexing/index-put.mlir	index_put_2d_half_int32_t	1	SIMT	Vector/SIMTIndexPut.aiv.c310.bc	meta_op.aiv.c310.bc
3	SIMT/Indexing/index-put.mlir	index_put_2d_half_int64_t	1	SIMT	Vector/SIMTIndexPut.aiv.c310.bc	meta_op.aiv.c310.bc
3	SIMT/Indexing/index-put.mlir	index_put_3d_bfloat16_t_int32_t	1	SIMT	Vector/SIMTIndexPut.aiv.c310.bc	meta_op.aiv.c310.bc
3	SIMT/Indexing/index-put.mlir	index_put_3d_bfloat16_t_int64_t	1	SIMT	Vector/SIMTIndexPut.aiv.c310.bc	meta_op.aiv.c310.bc
3	SIMT/Indexing/index-put.mlir	index_put_3d_float_int32_t	1	SIMT	Vector/SIMTIndexPut.aiv.c310.bc	meta_op.aiv.c310.bc
3	SIMT/Indexing/index-put.mlir	index_put_3d_float_int64_t	1	SIMT	Vector/SIMTIndexPut.aiv.c310.bc	meta_op.aiv.c310.bc
3	SIMT/Indexing/index-put.mlir	index_put_3d_half_int32_t	1	SIMT	Vector/SIMTIndexPut.aiv.c310.bc	meta_op.aiv.c310.bc
3	SIMT/Indexing/index-put.mlir	index_put_3d_half_int64_t	1	SIMT	Vector/SIMTIndexPut.aiv.c310.bc	meta_op.aiv.c310.bc
3	SIMT/Indexing/index-put.mlir	index_put_4d_bfloat16_t_int32_t	1	SIMT	Vector/SIMTIndexPut.aiv.c310.bc	meta_op.aiv.c310.bc
3	SIMT/Indexing/index-put.mlir	index_put_4d_bfloat16_t_int64_t	1	SIMT	Vector/SIMTIndexPut.aiv.c310.bc	meta_op.aiv.c310.bc
3	SIMT/Indexing/index-put.mlir	index_put_4d_float_int32_t	1	SIMT	Vector/SIMTIndexPut.aiv.c310.bc	meta_op.aiv.c310.bc
3	SIMT/Indexing/index-put.mlir	index_put_4d_float_int64_t	1	SIMT	Vector/SIMTIndexPut.aiv.c310.bc	meta_op.aiv.c310.bc
3	SIMT/Indexing/index-put.mlir	index_put_4d_half_int32_t	1	SIMT	Vector/SIMTIndexPut.aiv.c310.bc	meta_op.aiv.c310.bc
3	SIMT/Indexing/index-put.mlir	index_put_4d_half_int64_t	1	SIMT	Vector/SIMTIndexPut.aiv.c310.bc	meta_op.aiv.c310.bc
3	SIMT/Indexing/index-put.mlir	index_put_5d_bfloat16_t_int32_t	1	SIMT	Vector/SIMTIndexPut.aiv.c310.bc	meta_op.aiv.c310.bc
3	SIMT/Indexing/index-put.mlir	index_put_5d_bfloat16_t_int64_t	1	SIMT	Vector/SIMTIndexPut.aiv.c310.bc	meta_op.aiv.c310.bc
3	SIMT/Indexing/index-put.mlir	index_put_5d_float_int32_t	1	SIMT	Vector/SIMTIndexPut.aiv.c310.bc	meta_op.aiv.c310.bc
3	SIMT/Indexing/index-put.mlir	index_put_5d_float_int64_t	1	SIMT	Vector/SIMTIndexPut.aiv.c310.bc	meta_op.aiv.c310.bc
3	SIMT/Indexing/index-put.mlir	index_put_5d_half_int32_t	1	SIMT	Vector/SIMTIndexPut.aiv.c310.bc	meta_op.aiv.c310.bc
3	SIMT/Indexing/index-put.mlir	index_put_5d_half_int64_t	1	SIMT	Vector/SIMTIndexPut.aiv.c310.bc	meta_op.aiv.c310.bc
3	SIMT/Indexing/scatter.mlir	scatter_ub_to_out_1d_bfloat16_t_int32_t	1	SIMT	Vector/SIMTScatterUBToOut.aiv.c310.bc	meta_op.aiv.c310.bc
3	SIMT/Indexing/scatter.mlir	scatter_ub_to_out_1d_bfloat16_t_int64_t	1	SIMT	Vector/SIMTScatterUBToOut.aiv.c310.bc	meta_op.aiv.c310.bc
3	SIMT/Indexing/scatter.mlir	scatter_ub_to_out_1d_float16_t_int32_t	1	SIMT	Vector/SIMTScatterUBToOut.aiv.c310.bc	meta_op.aiv.c310.bc
3	SIMT/Indexing/scatter.mlir	scatter_ub_to_out_1d_float16_t_int64_t	1	SIMT	Vector/SIMTScatterUBToOut.aiv.c310.bc	meta_op.aiv.c310.bc
3	SIMT/Indexing/scatter.mlir	scatter_ub_to_out_1d_float_int32_t	1	SIMT	Vector/SIMTScatterUBToOut.aiv.c310.bc	meta_op.aiv.c310.bc
3	SIMT/Indexing/scatter.mlir	scatter_ub_to_out_1d_float_int64_t	1	SIMT	Vector/SIMTScatterUBToOut.aiv.c310.bc	meta_op.aiv.c310.bc
3	SIMT/Indexing/scatter.mlir	scatter_ub_to_out_1d_half_int32_t	1	SIMT	Vector/SIMTScatterUBToOut.aiv.c310.bc	meta_op.aiv.c310.bc
3	SIMT/Indexing/scatter.mlir	scatter_ub_to_out_1d_half_int64_t	1	SIMT	Vector/SIMTScatterUBToOut.aiv.c310.bc	meta_op.aiv.c310.bc
3	SIMT/Indexing/scatter.mlir	scatter_ub_to_out_2d_bfloat16_t_int32_t	1	SIMT	Vector/SIMTScatterUBToOut.aiv.c310.bc	meta_op.aiv.c310.bc
3	SIMT/Indexing/scatter.mlir	scatter_ub_to_out_2d_bfloat16_t_int64_t	1	SIMT	Vector/SIMTScatterUBToOut.aiv.c310.bc	meta_op.aiv.c310.bc
3	SIMT/Indexing/scatter.mlir	scatter_ub_to_out_2d_float16_t_int32_t	1	SIMT	Vector/SIMTScatterUBToOut.aiv.c310.bc	meta_op.aiv.c310.bc
3	SIMT/Indexing/scatter.mlir	scatter_ub_to_out_2d_float16_t_int64_t	1	SIMT	Vector/SIMTScatterUBToOut.aiv.c310.bc	meta_op.aiv.c310.bc
3	SIMT/Indexing/scatter.mlir	scatter_ub_to_out_2d_float_int32_t	1	SIMT	Vector/SIMTScatterUBToOut.aiv.c310.bc	meta_op.aiv.c310.bc
3	SIMT/Indexing/scatter.mlir	scatter_ub_to_out_2d_float_int64_t	1	SIMT	Vector/SIMTScatterUBToOut.aiv.c310.bc	meta_op.aiv.c310.bc
3	SIMT/Indexing/scatter.mlir	scatter_ub_to_out_2d_half_int32_t	1	SIMT	Vector/SIMTScatterUBToOut.aiv.c310.bc	meta_op.aiv.c310.bc
3	SIMT/Indexing/scatter.mlir	scatter_ub_to_out_2d_half_int64_t	1	SIMT	Vector/SIMTScatterUBToOut.aiv.c310.bc	meta_op.aiv.c310.bc
3	SIMT/Indexing/scatter.mlir	scatter_ub_to_out_3d_bfloat16_t_int32_t	1	SIMT	Vector/SIMTScatterUBToOut.aiv.c310.bc	meta_op.aiv.c310.bc
3	SIMT/Indexing/scatter.mlir	scatter_ub_to_out_3d_bfloat16_t_int64_t	1	SIMT	Vector/SIMTScatterUBToOut.aiv.c310.bc	meta_op.aiv.c310.bc
3	SIMT/Indexing/scatter.mlir	scatter_ub_to_out_3d_float16_t_int32_t	1	SIMT	Vector/SIMTScatterUBToOut.aiv.c310.bc	meta_op.aiv.c310.bc
3	SIMT/Indexing/scatter.mlir	scatter_ub_to_out_3d_float16_t_int64_t	1	SIMT	Vector/SIMTScatterUBToOut.aiv.c310.bc	meta_op.aiv.c310.bc
3	SIMT/Indexing/scatter.mlir	scatter_ub_to_out_3d_float_int32_t	1	SIMT	Vector/SIMTScatterUBToOut.aiv.c310.bc	meta_op.aiv.c310.bc
3	SIMT/Indexing/scatter.mlir	scatter_ub_to_out_3d_float_int64_t	1	SIMT	Vector/SIMTScatterUBToOut.aiv.c310.bc	meta_op.aiv.c310.bc
3	SIMT/Indexing/scatter.mlir	scatter_ub_to_out_3d_half_int32_t	1	SIMT	Vector/SIMTScatterUBToOut.aiv.c310.bc	meta_op.aiv.c310.bc
3	SIMT/Indexing/scatter.mlir	scatter_ub_to_out_3d_half_int64_t	1	SIMT	Vector/SIMTScatterUBToOut.aiv.c310.bc	meta_op.aiv.c310.bc
3	SIMT/Indexing/scatter.mlir	scatter_ub_to_out_4d_bfloat16_t_int32_t	1	SIMT	Vector/SIMTScatterUBToOut.aiv.c310.bc	meta_op.aiv.c310.bc
3	SIMT/Indexing/scatter.mlir	scatter_ub_to_out_4d_bfloat16_t_int64_t	1	SIMT	Vector/SIMTScatterUBToOut.aiv.c310.bc	meta_op.aiv.c310.bc
3	SIMT/Indexing/scatter.mlir	scatter_ub_to_out_4d_float16_t_int32_t	1	SIMT	Vector/SIMTScatterUBToOut.aiv.c310.bc	meta_op.aiv.c310.bc
3	SIMT/Indexing/scatter.mlir	scatter_ub_to_out_4d_float16_t_int64_t	1	SIMT	Vector/SIMTScatterUBToOut.aiv.c310.bc	meta_op.aiv.c310.bc
3	SIMT/Indexing/scatter.mlir	scatter_ub_to_out_4d_float_int32_t	1	SIMT	Vector/SIMTScatterUBToOut.aiv.c310.bc	meta_op.aiv.c310.bc
3	SIMT/Indexing/scatter.mlir	scatter_ub_to_out_4d_float_int64_t	1	SIMT	Vector/SIMTScatterUBToOut.aiv.c310.bc	meta_op.aiv.c310.bc
3	SIMT/Indexing/scatter.mlir	scatter_ub_to_out_4d_half_int32_t	1	SIMT	Vector/SIMTScatterUBToOut.aiv.c310.bc	meta_op.aiv.c310.bc
3	SIMT/Indexing/scatter.mlir	scatter_ub_to_out_4d_half_int64_t	1	SIMT	Vector/SIMTScatterUBToOut.aiv.c310.bc	meta_op.aiv.c310.bc
3	SIMT/Indexing/scatter.mlir	scatter_ub_to_out_5d_bfloat16_t_int32_t	1	SIMT	Vector/SIMTScatterUBToOut.aiv.c310.bc	meta_op.aiv.c310.bc
3	SIMT/Indexing/scatter.mlir	scatter_ub_to_out_5d_bfloat16_t_int64_t	1	SIMT	Vector/SIMTScatterUBToOut.aiv.c310.bc	meta_op.aiv.c310.bc
3	SIMT/Indexing/scatter.mlir	scatter_ub_to_out_5d_float16_t_int32_t	1	SIMT	Vector/SIMTScatterUBToOut.aiv.c310.bc	meta_op.aiv.c310.bc
3	SIMT/Indexing/scatter.mlir	scatter_ub_to_out_5d_float16_t_int64_t	1	SIMT	Vector/SIMTScatterUBToOut.aiv.c310.bc	meta_op.aiv.c310.bc
3	SIMT/Indexing/scatter.mlir	scatter_ub_to_out_5d_float_int32_t	1	SIMT	Vector/SIMTScatterUBToOut.aiv.c310.bc	meta_op.aiv.c310.bc
3	SIMT/Indexing/scatter.mlir	scatter_ub_to_out_5d_float_int64_t	1	SIMT	Vector/SIMTScatterUBToOut.aiv.c310.bc	meta_op.aiv.c310.bc
3	SIMT/Indexing/scatter.mlir	scatter_ub_to_out_5d_half_int32_t	1	SIMT	Vector/SIMTScatterUBToOut.aiv.c310.bc	meta_op.aiv.c310.bc
3	SIMT/Indexing/scatter.mlir	scatter_ub_to_out_5d_half_int64_t	1	SIMT	Vector/SIMTScatterUBToOut.aiv.c310.bc	meta_op.aiv.c310.bc
3	SIMT/Indexing/select-high-rank.mlir	index_select_4d_bfloat16_t_1d_int32_t	1	SIMT	Vector/SIMTIndexSelect.aiv.c310.bc	meta_op.aiv.c310.bc
3	SIMT/Indexing/select-high-rank.mlir	index_select_4d_bfloat16_t_1d_int64_t	1	SIMT	Vector/SIMTIndexSelect.aiv.c310.bc	meta_op.aiv.c310.bc
3	SIMT/Indexing/select-high-rank.mlir	index_select_4d_bfloat16_t_2d_int32_t	1	SIMT	Vector/SIMTIndexSelect.aiv.c310.bc	meta_op.aiv.c310.bc
3	SIMT/Indexing/select-high-rank.mlir	index_select_4d_bfloat16_t_2d_int64_t	1	SIMT	Vector/SIMTIndexSelect.aiv.c310.bc	meta_op.aiv.c310.bc
3	SIMT/Indexing/select-high-rank.mlir	index_select_4d_float_1d_int32_t	1	SIMT	Vector/SIMTIndexSelect.aiv.c310.bc	meta_op.aiv.c310.bc
3	SIMT/Indexing/select-high-rank.mlir	index_select_4d_float_1d_int64_t	1	SIMT	Vector/SIMTIndexSelect.aiv.c310.bc	meta_op.aiv.c310.bc
3	SIMT/Indexing/select-high-rank.mlir	index_select_4d_float_2d_int32_t	1	SIMT	Vector/SIMTIndexSelect.aiv.c310.bc	meta_op.aiv.c310.bc
3	SIMT/Indexing/select-high-rank.mlir	index_select_4d_float_2d_int64_t	1	SIMT	Vector/SIMTIndexSelect.aiv.c310.bc	meta_op.aiv.c310.bc
3	SIMT/Indexing/select-high-rank.mlir	index_select_4d_half_1d_int32_t	1	SIMT	Vector/SIMTIndexSelect.aiv.c310.bc	meta_op.aiv.c310.bc
3	SIMT/Indexing/select-high-rank.mlir	index_select_4d_half_1d_int64_t	1	SIMT	Vector/SIMTIndexSelect.aiv.c310.bc	meta_op.aiv.c310.bc
3	SIMT/Indexing/select-high-rank.mlir	index_select_4d_half_2d_int32_t	1	SIMT	Vector/SIMTIndexSelect.aiv.c310.bc	meta_op.aiv.c310.bc
3	SIMT/Indexing/select-high-rank.mlir	index_select_4d_half_2d_int64_t	1	SIMT	Vector/SIMTIndexSelect.aiv.c310.bc	meta_op.aiv.c310.bc
3	SIMT/Indexing/select-high-rank.mlir	index_select_4d_int16_t_1d_int32_t	1	SIMT	Vector/SIMTIndexSelect.aiv.c310.bc	meta_op.aiv.c310.bc
3	SIMT/Indexing/select-high-rank.mlir	index_select_4d_int16_t_1d_int64_t	1	SIMT	Vector/SIMTIndexSelect.aiv.c310.bc	meta_op.aiv.c310.bc
3	SIMT/Indexing/select-high-rank.mlir	index_select_4d_int16_t_2d_int32_t	1	SIMT	Vector/SIMTIndexSelect.aiv.c310.bc	meta_op.aiv.c310.bc
3	SIMT/Indexing/select-high-rank.mlir	index_select_4d_int16_t_2d_int64_t	1	SIMT	Vector/SIMTIndexSelect.aiv.c310.bc	meta_op.aiv.c310.bc
3	SIMT/Indexing/select-high-rank.mlir	index_select_4d_int32_t_1d_int32_t	1	SIMT	Vector/SIMTIndexSelect.aiv.c310.bc	meta_op.aiv.c310.bc
3	SIMT/Indexing/select-high-rank.mlir	index_select_4d_int32_t_1d_int64_t	1	SIMT	Vector/SIMTIndexSelect.aiv.c310.bc	meta_op.aiv.c310.bc
3	SIMT/Indexing/select-high-rank.mlir	index_select_4d_int32_t_2d_int32_t	1	SIMT	Vector/SIMTIndexSelect.aiv.c310.bc	meta_op.aiv.c310.bc
3	SIMT/Indexing/select-high-rank.mlir	index_select_4d_int32_t_2d_int64_t	1	SIMT	Vector/SIMTIndexSelect.aiv.c310.bc	meta_op.aiv.c310.bc
3	SIMT/Indexing/select-high-rank.mlir	index_select_4d_int64_t_1d_int32_t	1	SIMT	Vector/SIMTIndexSelect.aiv.c310.bc	meta_op.aiv.c310.bc
3	SIMT/Indexing/select-high-rank.mlir	index_select_4d_int64_t_1d_int64_t	1	SIMT	Vector/SIMTIndexSelect.aiv.c310.bc	meta_op.aiv.c310.bc
3	SIMT/Indexing/select-high-rank.mlir	index_select_4d_int64_t_2d_int32_t	1	SIMT	Vector/SIMTIndexSelect.aiv.c310.bc	meta_op.aiv.c310.bc
3	SIMT/Indexing/select-high-rank.mlir	index_select_4d_int64_t_2d_int64_t	1	SIMT	Vector/SIMTIndexSelect.aiv.c310.bc	meta_op.aiv.c310.bc
3	SIMT/Indexing/select-high-rank.mlir	index_select_4d_int8_t_1d_int32_t	1	SIMT	Vector/SIMTIndexSelect.aiv.c310.bc	meta_op.aiv.c310.bc
3	SIMT/Indexing/select-high-rank.mlir	index_select_4d_int8_t_1d_int64_t	1	SIMT	Vector/SIMTIndexSelect.aiv.c310.bc	meta_op.aiv.c310.bc
3	SIMT/Indexing/select-high-rank.mlir	index_select_4d_int8_t_2d_int32_t	1	SIMT	Vector/SIMTIndexSelect.aiv.c310.bc	meta_op.aiv.c310.bc
3	SIMT/Indexing/select-high-rank.mlir	index_select_4d_int8_t_2d_int64_t	1	SIMT	Vector/SIMTIndexSelect.aiv.c310.bc	meta_op.aiv.c310.bc
3	SIMT/Indexing/select-high-rank.mlir	index_select_4d_uint16_t_1d_int32_t	1	SIMT	Vector/SIMTIndexSelect.aiv.c310.bc	meta_op.aiv.c310.bc
3	SIMT/Indexing/select-high-rank.mlir	index_select_4d_uint16_t_1d_int64_t	1	SIMT	Vector/SIMTIndexSelect.aiv.c310.bc	meta_op.aiv.c310.bc
3	SIMT/Indexing/select-high-rank.mlir	index_select_4d_uint16_t_2d_int32_t	1	SIMT	Vector/SIMTIndexSelect.aiv.c310.bc	meta_op.aiv.c310.bc
3	SIMT/Indexing/select-high-rank.mlir	index_select_4d_uint16_t_2d_int64_t	1	SIMT	Vector/SIMTIndexSelect.aiv.c310.bc	meta_op.aiv.c310.bc
3	SIMT/Indexing/select-high-rank.mlir	index_select_4d_uint32_t_1d_int32_t	1	SIMT	Vector/SIMTIndexSelect.aiv.c310.bc	meta_op.aiv.c310.bc
3	SIMT/Indexing/select-high-rank.mlir	index_select_4d_uint32_t_1d_int64_t	1	SIMT	Vector/SIMTIndexSelect.aiv.c310.bc	meta_op.aiv.c310.bc
3	SIMT/Indexing/select-high-rank.mlir	index_select_4d_uint32_t_2d_int32_t	1	SIMT	Vector/SIMTIndexSelect.aiv.c310.bc	meta_op.aiv.c310.bc
3	SIMT/Indexing/select-high-rank.mlir	index_select_4d_uint32_t_2d_int64_t	1	SIMT	Vector/SIMTIndexSelect.aiv.c310.bc	meta_op.aiv.c310.bc
3	SIMT/Indexing/select-high-rank.mlir	index_select_4d_uint64_t_1d_int32_t	1	SIMT	Vector/SIMTIndexSelect.aiv.c310.bc	meta_op.aiv.c310.bc
3	SIMT/Indexing/select-high-rank.mlir	index_select_4d_uint64_t_1d_int64_t	1	SIMT	Vector/SIMTIndexSelect.aiv.c310.bc	meta_op.aiv.c310.bc
3	SIMT/Indexing/select-high-rank.mlir	index_select_4d_uint64_t_2d_int32_t	1	SIMT	Vector/SIMTIndexSelect.aiv.c310.bc	meta_op.aiv.c310.bc
3	SIMT/Indexing/select-high-rank.mlir	index_select_4d_uint64_t_2d_int64_t	1	SIMT	Vector/SIMTIndexSelect.aiv.c310.bc	meta_op.aiv.c310.bc
3	SIMT/Indexing/select-high-rank.mlir	index_select_4d_uint8_t_1d_int32_t	1	SIMT	Vector/SIMTIndexSelect.aiv.c310.bc	meta_op.aiv.c310.bc
3	SIMT/Indexing/select-high-rank.mlir	index_select_4d_uint8_t_1d_int64_t	1	SIMT	Vector/SIMTIndexSelect.aiv.c310.bc	meta_op.aiv.c310.bc
3	SIMT/Indexing/select-high-rank.mlir	index_select_4d_uint8_t_2d_int32_t	1	SIMT	Vector/SIMTIndexSelect.aiv.c310.bc	meta_op.aiv.c310.bc
3	SIMT/Indexing/select-high-rank.mlir	index_select_4d_uint8_t_2d_int64_t	1	SIMT	Vector/SIMTIndexSelect.aiv.c310.bc	meta_op.aiv.c310.bc
3	SIMT/Indexing/select-high-rank.mlir	index_select_5d_bfloat16_t_1d_int32_t	1	SIMT	Vector/SIMTIndexSelect.aiv.c310.bc	meta_op.aiv.c310.bc
3	SIMT/Indexing/select-high-rank.mlir	index_select_5d_bfloat16_t_1d_int64_t	1	SIMT	Vector/SIMTIndexSelect.aiv.c310.bc	meta_op.aiv.c310.bc
3	SIMT/Indexing/select-high-rank.mlir	index_select_5d_bfloat16_t_2d_int32_t	1	SIMT	Vector/SIMTIndexSelect.aiv.c310.bc	meta_op.aiv.c310.bc
3	SIMT/Indexing/select-high-rank.mlir	index_select_5d_bfloat16_t_2d_int64_t	1	SIMT	Vector/SIMTIndexSelect.aiv.c310.bc	meta_op.aiv.c310.bc
3	SIMT/Indexing/select-high-rank.mlir	index_select_5d_float_1d_int32_t	1	SIMT	Vector/SIMTIndexSelect.aiv.c310.bc	meta_op.aiv.c310.bc
3	SIMT/Indexing/select-high-rank.mlir	index_select_5d_float_1d_int64_t	1	SIMT	Vector/SIMTIndexSelect.aiv.c310.bc	meta_op.aiv.c310.bc
3	SIMT/Indexing/select-high-rank.mlir	index_select_5d_float_2d_int32_t	1	SIMT	Vector/SIMTIndexSelect.aiv.c310.bc	meta_op.aiv.c310.bc
3	SIMT/Indexing/select-high-rank.mlir	index_select_5d_float_2d_int64_t	1	SIMT	Vector/SIMTIndexSelect.aiv.c310.bc	meta_op.aiv.c310.bc
3	SIMT/Indexing/select-high-rank.mlir	index_select_5d_half_1d_int32_t	1	SIMT	Vector/SIMTIndexSelect.aiv.c310.bc	meta_op.aiv.c310.bc
3	SIMT/Indexing/select-high-rank.mlir	index_select_5d_half_1d_int64_t	1	SIMT	Vector/SIMTIndexSelect.aiv.c310.bc	meta_op.aiv.c310.bc
3	SIMT/Indexing/select-high-rank.mlir	index_select_5d_half_2d_int32_t	1	SIMT	Vector/SIMTIndexSelect.aiv.c310.bc	meta_op.aiv.c310.bc
3	SIMT/Indexing/select-high-rank.mlir	index_select_5d_half_2d_int64_t	1	SIMT	Vector/SIMTIndexSelect.aiv.c310.bc	meta_op.aiv.c310.bc
3	SIMT/Indexing/select-high-rank.mlir	index_select_5d_int16_t_1d_int32_t	1	SIMT	Vector/SIMTIndexSelect.aiv.c310.bc	meta_op.aiv.c310.bc
3	SIMT/Indexing/select-high-rank.mlir	index_select_5d_int16_t_1d_int64_t	1	SIMT	Vector/SIMTIndexSelect.aiv.c310.bc	meta_op.aiv.c310.bc
3	SIMT/Indexing/select-high-rank.mlir	index_select_5d_int16_t_2d_int32_t	1	SIMT	Vector/SIMTIndexSelect.aiv.c310.bc	meta_op.aiv.c310.bc
3	SIMT/Indexing/select-high-rank.mlir	index_select_5d_int16_t_2d_int64_t	1	SIMT	Vector/SIMTIndexSelect.aiv.c310.bc	meta_op.aiv.c310.bc
3	SIMT/Indexing/select-high-rank.mlir	index_select_5d_int32_t_1d_int32_t	1	SIMT	Vector/SIMTIndexSelect.aiv.c310.bc	meta_op.aiv.c310.bc
3	SIMT/Indexing/select-high-rank.mlir	index_select_5d_int32_t_1d_int64_t	1	SIMT	Vector/SIMTIndexSelect.aiv.c310.bc	meta_op.aiv.c310.bc
3	SIMT/Indexing/select-high-rank.mlir	index_select_5d_int32_t_2d_int32_t	1	SIMT	Vector/SIMTIndexSelect.aiv.c310.bc	meta_op.aiv.c310.bc
3	SIMT/Indexing/select-high-rank.mlir	index_select_5d_int32_t_2d_int64_t	1	SIMT	Vector/SIMTIndexSelect.aiv.c310.bc	meta_op.aiv.c310.bc
3	SIMT/Indexing/select-high-rank.mlir	index_select_5d_int64_t_1d_int32_t	1	SIMT	Vector/SIMTIndexSelect.aiv.c310.bc	meta_op.aiv.c310.bc
3	SIMT/Indexing/select-high-rank.mlir	index_select_5d_int64_t_1d_int64_t	1	SIMT	Vector/SIMTIndexSelect.aiv.c310.bc	meta_op.aiv.c310.bc
3	SIMT/Indexing/select-high-rank.mlir	index_select_5d_int64_t_2d_int32_t	1	SIMT	Vector/SIMTIndexSelect.aiv.c310.bc	meta_op.aiv.c310.bc
3	SIMT/Indexing/select-high-rank.mlir	index_select_5d_int64_t_2d_int64_t	1	SIMT	Vector/SIMTIndexSelect.aiv.c310.bc	meta_op.aiv.c310.bc
3	SIMT/Indexing/select-high-rank.mlir	index_select_5d_int8_t_1d_int32_t	1	SIMT	Vector/SIMTIndexSelect.aiv.c310.bc	meta_op.aiv.c310.bc
3	SIMT/Indexing/select-high-rank.mlir	index_select_5d_int8_t_1d_int64_t	1	SIMT	Vector/SIMTIndexSelect.aiv.c310.bc	meta_op.aiv.c310.bc
3	SIMT/Indexing/select-high-rank.mlir	index_select_5d_int8_t_2d_int32_t	1	SIMT	Vector/SIMTIndexSelect.aiv.c310.bc	meta_op.aiv.c310.bc
3	SIMT/Indexing/select-high-rank.mlir	index_select_5d_int8_t_2d_int64_t	1	SIMT	Vector/SIMTIndexSelect.aiv.c310.bc	meta_op.aiv.c310.bc
3	SIMT/Indexing/select-high-rank.mlir	index_select_5d_uint16_t_1d_int32_t	1	SIMT	Vector/SIMTIndexSelect.aiv.c310.bc	meta_op.aiv.c310.bc
3	SIMT/Indexing/select-high-rank.mlir	index_select_5d_uint16_t_1d_int64_t	1	SIMT	Vector/SIMTIndexSelect.aiv.c310.bc	meta_op.aiv.c310.bc
3	SIMT/Indexing/select-high-rank.mlir	index_select_5d_uint16_t_2d_int32_t	1	SIMT	Vector/SIMTIndexSelect.aiv.c310.bc	meta_op.aiv.c310.bc
3	SIMT/Indexing/select-high-rank.mlir	index_select_5d_uint16_t_2d_int64_t	1	SIMT	Vector/SIMTIndexSelect.aiv.c310.bc	meta_op.aiv.c310.bc
3	SIMT/Indexing/select-high-rank.mlir	index_select_5d_uint32_t_1d_int32_t	1	SIMT	Vector/SIMTIndexSelect.aiv.c310.bc	meta_op.aiv.c310.bc
3	SIMT/Indexing/select-high-rank.mlir	index_select_5d_uint32_t_1d_int64_t	1	SIMT	Vector/SIMTIndexSelect.aiv.c310.bc	meta_op.aiv.c310.bc
3	SIMT/Indexing/select-high-rank.mlir	index_select_5d_uint32_t_2d_int32_t	1	SIMT	Vector/SIMTIndexSelect.aiv.c310.bc	meta_op.aiv.c310.bc
3	SIMT/Indexing/select-high-rank.mlir	index_select_5d_uint32_t_2d_int64_t	1	SIMT	Vector/SIMTIndexSelect.aiv.c310.bc	meta_op.aiv.c310.bc
3	SIMT/Indexing/select-high-rank.mlir	index_select_5d_uint64_t_1d_int32_t	1	SIMT	Vector/SIMTIndexSelect.aiv.c310.bc	meta_op.aiv.c310.bc
3	SIMT/Indexing/select-high-rank.mlir	index_select_5d_uint64_t_1d_int64_t	1	SIMT	Vector/SIMTIndexSelect.aiv.c310.bc	meta_op.aiv.c310.bc
3	SIMT/Indexing/select-high-rank.mlir	index_select_5d_uint64_t_2d_int32_t	1	SIMT	Vector/SIMTIndexSelect.aiv.c310.bc	meta_op.aiv.c310.bc
3	SIMT/Indexing/select-high-rank.mlir	index_select_5d_uint64_t_2d_int64_t	1	SIMT	Vector/SIMTIndexSelect.aiv.c310.bc	meta_op.aiv.c310.bc
3	SIMT/Indexing/select-high-rank.mlir	index_select_5d_uint8_t_1d_int32_t	1	SIMT	Vector/SIMTIndexSelect.aiv.c310.bc	meta_op.aiv.c310.bc
3	SIMT/Indexing/select-high-rank.mlir	index_select_5d_uint8_t_1d_int64_t	1	SIMT	Vector/SIMTIndexSelect.aiv.c310.bc	meta_op.aiv.c310.bc
3	SIMT/Indexing/select-high-rank.mlir	index_select_5d_uint8_t_2d_int32_t	1	SIMT	Vector/SIMTIndexSelect.aiv.c310.bc	meta_op.aiv.c310.bc
3	SIMT/Indexing/select-high-rank.mlir	index_select_5d_uint8_t_2d_int64_t	1	SIMT	Vector/SIMTIndexSelect.aiv.c310.bc	meta_op.aiv.c310.bc
3	SIMT/Indexing/select-low-rank.mlir	index_select_2d_bfloat16_t_1d_int32_t	1	SIMT	Vector/SIMTIndexSelect.aiv.c310.bc	meta_op.aiv.c310.bc
3	SIMT/Indexing/select-low-rank.mlir	index_select_2d_bfloat16_t_1d_int64_t	1	SIMT	Vector/SIMTIndexSelect.aiv.c310.bc	meta_op.aiv.c310.bc
3	SIMT/Indexing/select-low-rank.mlir	index_select_2d_bfloat16_t_2d_int32_t	1	SIMT	Vector/SIMTIndexSelect.aiv.c310.bc	meta_op.aiv.c310.bc
3	SIMT/Indexing/select-low-rank.mlir	index_select_2d_bfloat16_t_2d_int64_t	1	SIMT	Vector/SIMTIndexSelect.aiv.c310.bc	meta_op.aiv.c310.bc
3	SIMT/Indexing/select-low-rank.mlir	index_select_2d_float_1d_int32_t	1	SIMT	Vector/SIMTIndexSelect.aiv.c310.bc	meta_op.aiv.c310.bc
3	SIMT/Indexing/select-low-rank.mlir	index_select_2d_float_1d_int64_t	1	SIMT	Vector/SIMTIndexSelect.aiv.c310.bc	meta_op.aiv.c310.bc
3	SIMT/Indexing/select-low-rank.mlir	index_select_2d_float_2d_int32_t	1	SIMT	Vector/SIMTIndexSelect.aiv.c310.bc	meta_op.aiv.c310.bc
3	SIMT/Indexing/select-low-rank.mlir	index_select_2d_float_2d_int64_t	1	SIMT	Vector/SIMTIndexSelect.aiv.c310.bc	meta_op.aiv.c310.bc
3	SIMT/Indexing/select-low-rank.mlir	index_select_2d_half_1d_int32_t	1	SIMT	Vector/SIMTIndexSelect.aiv.c310.bc	meta_op.aiv.c310.bc
3	SIMT/Indexing/select-low-rank.mlir	index_select_2d_half_1d_int64_t	1	SIMT	Vector/SIMTIndexSelect.aiv.c310.bc	meta_op.aiv.c310.bc
3	SIMT/Indexing/select-low-rank.mlir	index_select_2d_half_2d_int32_t	1	SIMT	Vector/SIMTIndexSelect.aiv.c310.bc	meta_op.aiv.c310.bc
3	SIMT/Indexing/select-low-rank.mlir	index_select_2d_half_2d_int64_t	1	SIMT	Vector/SIMTIndexSelect.aiv.c310.bc	meta_op.aiv.c310.bc
3	SIMT/Indexing/select-low-rank.mlir	index_select_2d_int16_t_1d_int32_t	1	SIMT	Vector/SIMTIndexSelect.aiv.c310.bc	meta_op.aiv.c310.bc
3	SIMT/Indexing/select-low-rank.mlir	index_select_2d_int16_t_1d_int64_t	1	SIMT	Vector/SIMTIndexSelect.aiv.c310.bc	meta_op.aiv.c310.bc
3	SIMT/Indexing/select-low-rank.mlir	index_select_2d_int16_t_2d_int32_t	1	SIMT	Vector/SIMTIndexSelect.aiv.c310.bc	meta_op.aiv.c310.bc
3	SIMT/Indexing/select-low-rank.mlir	index_select_2d_int16_t_2d_int64_t	1	SIMT	Vector/SIMTIndexSelect.aiv.c310.bc	meta_op.aiv.c310.bc
3	SIMT/Indexing/select-low-rank.mlir	index_select_2d_int32_t_1d_int32_t	1	SIMT	Vector/SIMTIndexSelect.aiv.c310.bc	meta_op.aiv.c310.bc
3	SIMT/Indexing/select-low-rank.mlir	index_select_2d_int32_t_1d_int64_t	1	SIMT	Vector/SIMTIndexSelect.aiv.c310.bc	meta_op.aiv.c310.bc
3	SIMT/Indexing/select-low-rank.mlir	index_select_2d_int32_t_2d_int32_t	1	SIMT	Vector/SIMTIndexSelect.aiv.c310.bc	meta_op.aiv.c310.bc
3	SIMT/Indexing/select-low-rank.mlir	index_select_2d_int32_t_2d_int64_t	1	SIMT	Vector/SIMTIndexSelect.aiv.c310.bc	meta_op.aiv.c310.bc
3	SIMT/Indexing/select-low-rank.mlir	index_select_2d_int64_t_1d_int32_t	1	SIMT	Vector/SIMTIndexSelect.aiv.c310.bc	meta_op.aiv.c310.bc
3	SIMT/Indexing/select-low-rank.mlir	index_select_2d_int64_t_1d_int64_t	1	SIMT	Vector/SIMTIndexSelect.aiv.c310.bc	meta_op.aiv.c310.bc
3	SIMT/Indexing/select-low-rank.mlir	index_select_2d_int64_t_2d_int32_t	1	SIMT	Vector/SIMTIndexSelect.aiv.c310.bc	meta_op.aiv.c310.bc
3	SIMT/Indexing/select-low-rank.mlir	index_select_2d_int64_t_2d_int64_t	1	SIMT	Vector/SIMTIndexSelect.aiv.c310.bc	meta_op.aiv.c310.bc
3	SIMT/Indexing/select-low-rank.mlir	index_select_2d_int8_t_1d_int32_t	1	SIMT	Vector/SIMTIndexSelect.aiv.c310.bc	meta_op.aiv.c310.bc
3	SIMT/Indexing/select-low-rank.mlir	index_select_2d_int8_t_1d_int64_t	1	SIMT	Vector/SIMTIndexSelect.aiv.c310.bc	meta_op.aiv.c310.bc
3	SIMT/Indexing/select-low-rank.mlir	index_select_2d_int8_t_2d_int32_t	1	SIMT	Vector/SIMTIndexSelect.aiv.c310.bc	meta_op.aiv.c310.bc
3	SIMT/Indexing/select-low-rank.mlir	index_select_2d_int8_t_2d_int64_t	1	SIMT	Vector/SIMTIndexSelect.aiv.c310.bc	meta_op.aiv.c310.bc
3	SIMT/Indexing/select-low-rank.mlir	index_select_2d_uint16_t_1d_int32_t	1	SIMT	Vector/SIMTIndexSelect.aiv.c310.bc	meta_op.aiv.c310.bc
3	SIMT/Indexing/select-low-rank.mlir	index_select_2d_uint16_t_1d_int64_t	1	SIMT	Vector/SIMTIndexSelect.aiv.c310.bc	meta_op.aiv.c310.bc
3	SIMT/Indexing/select-low-rank.mlir	index_select_2d_uint16_t_2d_int32_t	1	SIMT	Vector/SIMTIndexSelect.aiv.c310.bc	meta_op.aiv.c310.bc
3	SIMT/Indexing/select-low-rank.mlir	index_select_2d_uint16_t_2d_int64_t	1	SIMT	Vector/SIMTIndexSelect.aiv.c310.bc	meta_op.aiv.c310.bc
3	SIMT/Indexing/select-low-rank.mlir	index_select_2d_uint32_t_1d_int32_t	1	SIMT	Vector/SIMTIndexSelect.aiv.c310.bc	meta_op.aiv.c310.bc
3	SIMT/Indexing/select-low-rank.mlir	index_select_2d_uint32_t_1d_int64_t	1	SIMT	Vector/SIMTIndexSelect.aiv.c310.bc	meta_op.aiv.c310.bc
3	SIMT/Indexing/select-low-rank.mlir	index_select_2d_uint32_t_2d_int32_t	1	SIMT	Vector/SIMTIndexSelect.aiv.c310.bc	meta_op.aiv.c310.bc
3	SIMT/Indexing/select-low-rank.mlir	index_select_2d_uint32_t_2d_int64_t	1	SIMT	Vector/SIMTIndexSelect.aiv.c310.bc	meta_op.aiv.c310.bc
3	SIMT/Indexing/select-low-rank.mlir	index_select_2d_uint64_t_1d_int32_t	1	SIMT	Vector/SIMTIndexSelect.aiv.c310.bc	meta_op.aiv.c310.bc
3	SIMT/Indexing/select-low-rank.mlir	index_select_2d_uint64_t_1d_int64_t	1	SIMT	Vector/SIMTIndexSelect.aiv.c310.bc	meta_op.aiv.c310.bc
3	SIMT/Indexing/select-low-rank.mlir	index_select_2d_uint64_t_2d_int32_t	1	SIMT	Vector/SIMTIndexSelect.aiv.c310.bc	meta_op.aiv.c310.bc
3	SIMT/Indexing/select-low-rank.mlir	index_select_2d_uint64_t_2d_int64_t	1	SIMT	Vector/SIMTIndexSelect.aiv.c310.bc	meta_op.aiv.c310.bc
3	SIMT/Indexing/select-low-rank.mlir	index_select_2d_uint8_t_1d_int32_t	1	SIMT	Vector/SIMTIndexSelect.aiv.c310.bc	meta_op.aiv.c310.bc
3	SIMT/Indexing/select-low-rank.mlir	index_select_2d_uint8_t_1d_int64_t	1	SIMT	Vector/SIMTIndexSelect.aiv.c310.bc	meta_op.aiv.c310.bc
3	SIMT/Indexing/select-low-rank.mlir	index_select_2d_uint8_t_2d_int32_t	1	SIMT	Vector/SIMTIndexSelect.aiv.c310.bc	meta_op.aiv.c310.bc
3	SIMT/Indexing/select-low-rank.mlir	index_select_2d_uint8_t_2d_int64_t	1	SIMT	Vector/SIMTIndexSelect.aiv.c310.bc	meta_op.aiv.c310.bc
3	SIMT/Indexing/select-low-rank.mlir	index_select_3d_bfloat16_t_1d_int32_t	1	SIMT	Vector/SIMTIndexSelect.aiv.c310.bc	meta_op.aiv.c310.bc
3	SIMT/Indexing/select-low-rank.mlir	index_select_3d_bfloat16_t_1d_int64_t	1	SIMT	Vector/SIMTIndexSelect.aiv.c310.bc	meta_op.aiv.c310.bc
3	SIMT/Indexing/select-low-rank.mlir	index_select_3d_bfloat16_t_2d_int32_t	1	SIMT	Vector/SIMTIndexSelect.aiv.c310.bc	meta_op.aiv.c310.bc
3	SIMT/Indexing/select-low-rank.mlir	index_select_3d_bfloat16_t_2d_int64_t	1	SIMT	Vector/SIMTIndexSelect.aiv.c310.bc	meta_op.aiv.c310.bc
3	SIMT/Indexing/select-low-rank.mlir	index_select_3d_float_1d_int32_t	1	SIMT	Vector/SIMTIndexSelect.aiv.c310.bc	meta_op.aiv.c310.bc
3	SIMT/Indexing/select-low-rank.mlir	index_select_3d_float_1d_int64_t	1	SIMT	Vector/SIMTIndexSelect.aiv.c310.bc	meta_op.aiv.c310.bc
3	SIMT/Indexing/select-low-rank.mlir	index_select_3d_float_2d_int32_t	1	SIMT	Vector/SIMTIndexSelect.aiv.c310.bc	meta_op.aiv.c310.bc
3	SIMT/Indexing/select-low-rank.mlir	index_select_3d_float_2d_int64_t	1	SIMT	Vector/SIMTIndexSelect.aiv.c310.bc	meta_op.aiv.c310.bc
3	SIMT/Indexing/select-low-rank.mlir	index_select_3d_half_1d_int32_t	1	SIMT	Vector/SIMTIndexSelect.aiv.c310.bc	meta_op.aiv.c310.bc
3	SIMT/Indexing/select-low-rank.mlir	index_select_3d_half_1d_int64_t	1	SIMT	Vector/SIMTIndexSelect.aiv.c310.bc	meta_op.aiv.c310.bc
3	SIMT/Indexing/select-low-rank.mlir	index_select_3d_half_2d_int32_t	1	SIMT	Vector/SIMTIndexSelect.aiv.c310.bc	meta_op.aiv.c310.bc
3	SIMT/Indexing/select-low-rank.mlir	index_select_3d_half_2d_int64_t	1	SIMT	Vector/SIMTIndexSelect.aiv.c310.bc	meta_op.aiv.c310.bc
3	SIMT/Indexing/select-low-rank.mlir	index_select_3d_int16_t_1d_int32_t	1	SIMT	Vector/SIMTIndexSelect.aiv.c310.bc	meta_op.aiv.c310.bc
3	SIMT/Indexing/select-low-rank.mlir	index_select_3d_int16_t_1d_int64_t	1	SIMT	Vector/SIMTIndexSelect.aiv.c310.bc	meta_op.aiv.c310.bc
3	SIMT/Indexing/select-low-rank.mlir	index_select_3d_int16_t_2d_int32_t	1	SIMT	Vector/SIMTIndexSelect.aiv.c310.bc	meta_op.aiv.c310.bc
3	SIMT/Indexing/select-low-rank.mlir	index_select_3d_int16_t_2d_int64_t	1	SIMT	Vector/SIMTIndexSelect.aiv.c310.bc	meta_op.aiv.c310.bc
3	SIMT/Indexing/select-low-rank.mlir	index_select_3d_int32_t_1d_int32_t	1	SIMT	Vector/SIMTIndexSelect.aiv.c310.bc	meta_op.aiv.c310.bc
3	SIMT/Indexing/select-low-rank.mlir	index_select_3d_int32_t_1d_int64_t	1	SIMT	Vector/SIMTIndexSelect.aiv.c310.bc	meta_op.aiv.c310.bc
3	SIMT/Indexing/select-low-rank.mlir	index_select_3d_int32_t_2d_int32_t	1	SIMT	Vector/SIMTIndexSelect.aiv.c310.bc	meta_op.aiv.c310.bc
3	SIMT/Indexing/select-low-rank.mlir	index_select_3d_int32_t_2d_int64_t	1	SIMT	Vector/SIMTIndexSelect.aiv.c310.bc	meta_op.aiv.c310.bc
3	SIMT/Indexing/select-low-rank.mlir	index_select_3d_int64_t_1d_int32_t	1	SIMT	Vector/SIMTIndexSelect.aiv.c310.bc	meta_op.aiv.c310.bc
3	SIMT/Indexing/select-low-rank.mlir	index_select_3d_int64_t_1d_int64_t	1	SIMT	Vector/SIMTIndexSelect.aiv.c310.bc	meta_op.aiv.c310.bc
3	SIMT/Indexing/select-low-rank.mlir	index_select_3d_int64_t_2d_int32_t	1	SIMT	Vector/SIMTIndexSelect.aiv.c310.bc	meta_op.aiv.c310.bc
3	SIMT/Indexing/select-low-rank.mlir	index_select_3d_int64_t_2d_int64_t	1	SIMT	Vector/SIMTIndexSelect.aiv.c310.bc	meta_op.aiv.c310.bc
3	SIMT/Indexing/select-low-rank.mlir	index_select_3d_int8_t_1d_int32_t	1	SIMT	Vector/SIMTIndexSelect.aiv.c310.bc	meta_op.aiv.c310.bc
3	SIMT/Indexing/select-low-rank.mlir	index_select_3d_int8_t_1d_int64_t	1	SIMT	Vector/SIMTIndexSelect.aiv.c310.bc	meta_op.aiv.c310.bc
3	SIMT/Indexing/select-low-rank.mlir	index_select_3d_int8_t_2d_int32_t	1	SIMT	Vector/SIMTIndexSelect.aiv.c310.bc	meta_op.aiv.c310.bc
3	SIMT/Indexing/select-low-rank.mlir	index_select_3d_int8_t_2d_int64_t	1	SIMT	Vector/SIMTIndexSelect.aiv.c310.bc	meta_op.aiv.c310.bc
3	SIMT/Indexing/select-low-rank.mlir	index_select_3d_uint16_t_1d_int32_t	1	SIMT	Vector/SIMTIndexSelect.aiv.c310.bc	meta_op.aiv.c310.bc
3	SIMT/Indexing/select-low-rank.mlir	index_select_3d_uint16_t_1d_int64_t	1	SIMT	Vector/SIMTIndexSelect.aiv.c310.bc	meta_op.aiv.c310.bc
3	SIMT/Indexing/select-low-rank.mlir	index_select_3d_uint16_t_2d_int32_t	1	SIMT	Vector/SIMTIndexSelect.aiv.c310.bc	meta_op.aiv.c310.bc
3	SIMT/Indexing/select-low-rank.mlir	index_select_3d_uint16_t_2d_int64_t	1	SIMT	Vector/SIMTIndexSelect.aiv.c310.bc	meta_op.aiv.c310.bc
3	SIMT/Indexing/select-low-rank.mlir	index_select_3d_uint32_t_1d_int32_t	1	SIMT	Vector/SIMTIndexSelect.aiv.c310.bc	meta_op.aiv.c310.bc
3	SIMT/Indexing/select-low-rank.mlir	index_select_3d_uint32_t_1d_int64_t	1	SIMT	Vector/SIMTIndexSelect.aiv.c310.bc	meta_op.aiv.c310.bc
3	SIMT/Indexing/select-low-rank.mlir	index_select_3d_uint32_t_2d_int32_t	1	SIMT	Vector/SIMTIndexSelect.aiv.c310.bc	meta_op.aiv.c310.bc
3	SIMT/Indexing/select-low-rank.mlir	index_select_3d_uint32_t_2d_int64_t	1	SIMT	Vector/SIMTIndexSelect.aiv.c310.bc	meta_op.aiv.c310.bc
3	SIMT/Indexing/select-low-rank.mlir	index_select_3d_uint64_t_1d_int32_t	1	SIMT	Vector/SIMTIndexSelect.aiv.c310.bc	meta_op.aiv.c310.bc
3	SIMT/Indexing/select-low-rank.mlir	index_select_3d_uint64_t_1d_int64_t	1	SIMT	Vector/SIMTIndexSelect.aiv.c310.bc	meta_op.aiv.c310.bc
3	SIMT/Indexing/select-low-rank.mlir	index_select_3d_uint64_t_2d_int32_t	1	SIMT	Vector/SIMTIndexSelect.aiv.c310.bc	meta_op.aiv.c310.bc
3	SIMT/Indexing/select-low-rank.mlir	index_select_3d_uint64_t_2d_int64_t	1	SIMT	Vector/SIMTIndexSelect.aiv.c310.bc	meta_op.aiv.c310.bc
3	SIMT/Indexing/select-low-rank.mlir	index_select_3d_uint8_t_1d_int32_t	1	SIMT	Vector/SIMTIndexSelect.aiv.c310.bc	meta_op.aiv.c310.bc
3	SIMT/Indexing/select-low-rank.mlir	index_select_3d_uint8_t_1d_int64_t	1	SIMT	Vector/SIMTIndexSelect.aiv.c310.bc	meta_op.aiv.c310.bc
3	SIMT/Indexing/select-low-rank.mlir	index_select_3d_uint8_t_2d_int32_t	1	SIMT	Vector/SIMTIndexSelect.aiv.c310.bc	meta_op.aiv.c310.bc
3	SIMT/Indexing/select-low-rank.mlir	index_select_3d_uint8_t_2d_int64_t	1	SIMT	Vector/SIMTIndexSelect.aiv.c310.bc	meta_op.aiv.c310.bc
3	SIMT/IndirectLoad/rank1-rank2.mlir	indirect_load_1d_bfloat16_t_int32_t	1	SIMT	Vector/SIMTIndirectLoad.aiv.c310.bc	meta_op.aiv.c310.bc
3	SIMT/IndirectLoad/rank1-rank2.mlir	indirect_load_1d_bfloat16_t_int64_t	1	SIMT	Vector/SIMTIndirectLoad.aiv.c310.bc	meta_op.aiv.c310.bc
3	SIMT/IndirectLoad/rank1-rank2.mlir	indirect_load_1d_bool_int32_t	1	SIMT	Vector/SIMTIndirectLoad.aiv.c310.bc	meta_op.aiv.c310.bc
3	SIMT/IndirectLoad/rank1-rank2.mlir	indirect_load_1d_bool_int64_t	1	SIMT	Vector/SIMTIndirectLoad.aiv.c310.bc	meta_op.aiv.c310.bc
3	SIMT/IndirectLoad/rank1-rank2.mlir	indirect_load_1d_float8_e4m3_t_int32_t	1	SIMT	Vector/SIMTIndirectLoad.aiv.c310.bc	meta_op.aiv.c310.bc
3	SIMT/IndirectLoad/rank1-rank2.mlir	indirect_load_1d_float8_e4m3_t_int64_t	1	SIMT	Vector/SIMTIndirectLoad.aiv.c310.bc	meta_op.aiv.c310.bc
3	SIMT/IndirectLoad/rank1-rank2.mlir	indirect_load_1d_float8_e5m2_t_int32_t	1	SIMT	Vector/SIMTIndirectLoad.aiv.c310.bc	meta_op.aiv.c310.bc
3	SIMT/IndirectLoad/rank1-rank2.mlir	indirect_load_1d_float8_e5m2_t_int64_t	1	SIMT	Vector/SIMTIndirectLoad.aiv.c310.bc	meta_op.aiv.c310.bc
3	SIMT/IndirectLoad/rank1-rank2.mlir	indirect_load_1d_float_int32_t	1	SIMT	Vector/SIMTIndirectLoad.aiv.c310.bc	meta_op.aiv.c310.bc
3	SIMT/IndirectLoad/rank1-rank2.mlir	indirect_load_1d_float_int64_t	1	SIMT	Vector/SIMTIndirectLoad.aiv.c310.bc	meta_op.aiv.c310.bc
3	SIMT/IndirectLoad/rank1-rank2.mlir	indirect_load_1d_half_int32_t	1	SIMT	Vector/SIMTIndirectLoad.aiv.c310.bc	meta_op.aiv.c310.bc
3	SIMT/IndirectLoad/rank1-rank2.mlir	indirect_load_1d_half_int64_t	1	SIMT	Vector/SIMTIndirectLoad.aiv.c310.bc	meta_op.aiv.c310.bc
3	SIMT/IndirectLoad/rank1-rank2.mlir	indirect_load_1d_hifloat4x2_t_int32_t	1	SIMT	Vector/SIMTIndirectLoad.aiv.c310.bc	meta_op.aiv.c310.bc
3	SIMT/IndirectLoad/rank1-rank2.mlir	indirect_load_1d_hifloat4x2_t_int64_t	1	SIMT	Vector/SIMTIndirectLoad.aiv.c310.bc	meta_op.aiv.c310.bc
3	SIMT/IndirectLoad/rank1-rank2.mlir	indirect_load_1d_hifloat8_t_int32_t	1	SIMT	Vector/SIMTIndirectLoad.aiv.c310.bc	meta_op.aiv.c310.bc
3	SIMT/IndirectLoad/rank1-rank2.mlir	indirect_load_1d_hifloat8_t_int64_t	1	SIMT	Vector/SIMTIndirectLoad.aiv.c310.bc	meta_op.aiv.c310.bc
3	SIMT/IndirectLoad/rank1-rank2.mlir	indirect_load_1d_int16_t_int32_t	1	SIMT	Vector/SIMTIndirectLoad.aiv.c310.bc	meta_op.aiv.c310.bc
3	SIMT/IndirectLoad/rank1-rank2.mlir	indirect_load_1d_int16_t_int64_t	1	SIMT	Vector/SIMTIndirectLoad.aiv.c310.bc	meta_op.aiv.c310.bc
3	SIMT/IndirectLoad/rank1-rank2.mlir	indirect_load_1d_int32_t_int32_t	1	SIMT	Vector/SIMTIndirectLoad.aiv.c310.bc	meta_op.aiv.c310.bc
3	SIMT/IndirectLoad/rank1-rank2.mlir	indirect_load_1d_int32_t_int64_t	1	SIMT	Vector/SIMTIndirectLoad.aiv.c310.bc	meta_op.aiv.c310.bc
3	SIMT/IndirectLoad/rank1-rank2.mlir	indirect_load_1d_int64_t_int32_t	1	SIMT	Vector/SIMTIndirectLoad.aiv.c310.bc	meta_op.aiv.c310.bc
3	SIMT/IndirectLoad/rank1-rank2.mlir	indirect_load_1d_int64_t_int64_t	1	SIMT	Vector/SIMTIndirectLoad.aiv.c310.bc	meta_op.aiv.c310.bc
3	SIMT/IndirectLoad/rank1-rank2.mlir	indirect_load_1d_int8_t_int32_t	1	SIMT	Vector/SIMTIndirectLoad.aiv.c310.bc	meta_op.aiv.c310.bc
3	SIMT/IndirectLoad/rank1-rank2.mlir	indirect_load_1d_int8_t_int64_t	1	SIMT	Vector/SIMTIndirectLoad.aiv.c310.bc	meta_op.aiv.c310.bc
3	SIMT/IndirectLoad/rank1-rank2.mlir	indirect_load_1d_uint16_t_int32_t	1	SIMT	Vector/SIMTIndirectLoad.aiv.c310.bc	meta_op.aiv.c310.bc
3	SIMT/IndirectLoad/rank1-rank2.mlir	indirect_load_1d_uint16_t_int64_t	1	SIMT	Vector/SIMTIndirectLoad.aiv.c310.bc	meta_op.aiv.c310.bc
3	SIMT/IndirectLoad/rank1-rank2.mlir	indirect_load_1d_uint32_t_int32_t	1	SIMT	Vector/SIMTIndirectLoad.aiv.c310.bc	meta_op.aiv.c310.bc
3	SIMT/IndirectLoad/rank1-rank2.mlir	indirect_load_1d_uint32_t_int64_t	1	SIMT	Vector/SIMTIndirectLoad.aiv.c310.bc	meta_op.aiv.c310.bc
3	SIMT/IndirectLoad/rank1-rank2.mlir	indirect_load_1d_uint64_t_int32_t	1	SIMT	Vector/SIMTIndirectLoad.aiv.c310.bc	meta_op.aiv.c310.bc
3	SIMT/IndirectLoad/rank1-rank2.mlir	indirect_load_1d_uint64_t_int64_t	1	SIMT	Vector/SIMTIndirectLoad.aiv.c310.bc	meta_op.aiv.c310.bc
3	SIMT/IndirectLoad/rank1-rank2.mlir	indirect_load_1d_uint8_t_int32_t	1	SIMT	Vector/SIMTIndirectLoad.aiv.c310.bc	meta_op.aiv.c310.bc
3	SIMT/IndirectLoad/rank1-rank2.mlir	indirect_load_1d_uint8_t_int64_t	1	SIMT	Vector/SIMTIndirectLoad.aiv.c310.bc	meta_op.aiv.c310.bc
3	SIMT/IndirectLoad/rank1-rank2.mlir	indirect_load_2d_bfloat16_t_int32_t	1	SIMT	Vector/SIMTIndirectLoad.aiv.c310.bc	meta_op.aiv.c310.bc
3	SIMT/IndirectLoad/rank1-rank2.mlir	indirect_load_2d_bfloat16_t_int64_t	1	SIMT	Vector/SIMTIndirectLoad.aiv.c310.bc	meta_op.aiv.c310.bc
3	SIMT/IndirectLoad/rank1-rank2.mlir	indirect_load_2d_bool_int32_t	1	SIMT	Vector/SIMTIndirectLoad.aiv.c310.bc	meta_op.aiv.c310.bc
3	SIMT/IndirectLoad/rank1-rank2.mlir	indirect_load_2d_bool_int64_t	1	SIMT	Vector/SIMTIndirectLoad.aiv.c310.bc	meta_op.aiv.c310.bc
3	SIMT/IndirectLoad/rank1-rank2.mlir	indirect_load_2d_float8_e4m3_t_int32_t	1	SIMT	Vector/SIMTIndirectLoad.aiv.c310.bc	meta_op.aiv.c310.bc
3	SIMT/IndirectLoad/rank1-rank2.mlir	indirect_load_2d_float8_e4m3_t_int64_t	1	SIMT	Vector/SIMTIndirectLoad.aiv.c310.bc	meta_op.aiv.c310.bc
3	SIMT/IndirectLoad/rank1-rank2.mlir	indirect_load_2d_float8_e5m2_t_int32_t	1	SIMT	Vector/SIMTIndirectLoad.aiv.c310.bc	meta_op.aiv.c310.bc
3	SIMT/IndirectLoad/rank1-rank2.mlir	indirect_load_2d_float8_e5m2_t_int64_t	1	SIMT	Vector/SIMTIndirectLoad.aiv.c310.bc	meta_op.aiv.c310.bc
3	SIMT/IndirectLoad/rank1-rank2.mlir	indirect_load_2d_float_int32_t	1	SIMT	Vector/SIMTIndirectLoad.aiv.c310.bc	meta_op.aiv.c310.bc
3	SIMT/IndirectLoad/rank1-rank2.mlir	indirect_load_2d_float_int64_t	1	SIMT	Vector/SIMTIndirectLoad.aiv.c310.bc	meta_op.aiv.c310.bc
3	SIMT/IndirectLoad/rank1-rank2.mlir	indirect_load_2d_half_int32_t	1	SIMT	Vector/SIMTIndirectLoad.aiv.c310.bc	meta_op.aiv.c310.bc
3	SIMT/IndirectLoad/rank1-rank2.mlir	indirect_load_2d_half_int64_t	1	SIMT	Vector/SIMTIndirectLoad.aiv.c310.bc	meta_op.aiv.c310.bc
3	SIMT/IndirectLoad/rank1-rank2.mlir	indirect_load_2d_hifloat4x2_t_int32_t	1	SIMT	Vector/SIMTIndirectLoad.aiv.c310.bc	meta_op.aiv.c310.bc
3	SIMT/IndirectLoad/rank1-rank2.mlir	indirect_load_2d_hifloat4x2_t_int64_t	1	SIMT	Vector/SIMTIndirectLoad.aiv.c310.bc	meta_op.aiv.c310.bc
3	SIMT/IndirectLoad/rank1-rank2.mlir	indirect_load_2d_hifloat8_t_int32_t	1	SIMT	Vector/SIMTIndirectLoad.aiv.c310.bc	meta_op.aiv.c310.bc
3	SIMT/IndirectLoad/rank1-rank2.mlir	indirect_load_2d_hifloat8_t_int64_t	1	SIMT	Vector/SIMTIndirectLoad.aiv.c310.bc	meta_op.aiv.c310.bc
3	SIMT/IndirectLoad/rank1-rank2.mlir	indirect_load_2d_int16_t_int32_t	1	SIMT	Vector/SIMTIndirectLoad.aiv.c310.bc	meta_op.aiv.c310.bc
3	SIMT/IndirectLoad/rank1-rank2.mlir	indirect_load_2d_int16_t_int64_t	1	SIMT	Vector/SIMTIndirectLoad.aiv.c310.bc	meta_op.aiv.c310.bc
3	SIMT/IndirectLoad/rank1-rank2.mlir	indirect_load_2d_int32_t_int32_t	1	SIMT	Vector/SIMTIndirectLoad.aiv.c310.bc	meta_op.aiv.c310.bc
3	SIMT/IndirectLoad/rank1-rank2.mlir	indirect_load_2d_int32_t_int64_t	1	SIMT	Vector/SIMTIndirectLoad.aiv.c310.bc	meta_op.aiv.c310.bc
3	SIMT/IndirectLoad/rank1-rank2.mlir	indirect_load_2d_int64_t_int32_t	1	SIMT	Vector/SIMTIndirectLoad.aiv.c310.bc	meta_op.aiv.c310.bc
3	SIMT/IndirectLoad/rank1-rank2.mlir	indirect_load_2d_int64_t_int64_t	1	SIMT	Vector/SIMTIndirectLoad.aiv.c310.bc	meta_op.aiv.c310.bc
3	SIMT/IndirectLoad/rank1-rank2.mlir	indirect_load_2d_int8_t_int32_t	1	SIMT	Vector/SIMTIndirectLoad.aiv.c310.bc	meta_op.aiv.c310.bc
3	SIMT/IndirectLoad/rank1-rank2.mlir	indirect_load_2d_int8_t_int64_t	1	SIMT	Vector/SIMTIndirectLoad.aiv.c310.bc	meta_op.aiv.c310.bc
3	SIMT/IndirectLoad/rank1-rank2.mlir	indirect_load_2d_uint16_t_int32_t	1	SIMT	Vector/SIMTIndirectLoad.aiv.c310.bc	meta_op.aiv.c310.bc
3	SIMT/IndirectLoad/rank1-rank2.mlir	indirect_load_2d_uint16_t_int64_t	1	SIMT	Vector/SIMTIndirectLoad.aiv.c310.bc	meta_op.aiv.c310.bc
3	SIMT/IndirectLoad/rank1-rank2.mlir	indirect_load_2d_uint32_t_int32_t	1	SIMT	Vector/SIMTIndirectLoad.aiv.c310.bc	meta_op.aiv.c310.bc
3	SIMT/IndirectLoad/rank1-rank2.mlir	indirect_load_2d_uint32_t_int64_t	1	SIMT	Vector/SIMTIndirectLoad.aiv.c310.bc	meta_op.aiv.c310.bc
3	SIMT/IndirectLoad/rank1-rank2.mlir	indirect_load_2d_uint64_t_int32_t	1	SIMT	Vector/SIMTIndirectLoad.aiv.c310.bc	meta_op.aiv.c310.bc
3	SIMT/IndirectLoad/rank1-rank2.mlir	indirect_load_2d_uint64_t_int64_t	1	SIMT	Vector/SIMTIndirectLoad.aiv.c310.bc	meta_op.aiv.c310.bc
3	SIMT/IndirectLoad/rank1-rank2.mlir	indirect_load_2d_uint8_t_int32_t	1	SIMT	Vector/SIMTIndirectLoad.aiv.c310.bc	meta_op.aiv.c310.bc
3	SIMT/IndirectLoad/rank1-rank2.mlir	indirect_load_2d_uint8_t_int64_t	1	SIMT	Vector/SIMTIndirectLoad.aiv.c310.bc	meta_op.aiv.c310.bc
3	SIMT/IndirectLoad/rank1-rank2.mlir	indirect_load_nonvolatile_1d_bfloat16_t_int32_t	1	SIMT	Vector/SIMTIndirectLoad.aiv.c310.bc	meta_op.aiv.c310.bc
3	SIMT/IndirectLoad/rank1-rank2.mlir	indirect_load_nonvolatile_1d_bfloat16_t_int64_t	1	SIMT	Vector/SIMTIndirectLoad.aiv.c310.bc	meta_op.aiv.c310.bc
3	SIMT/IndirectLoad/rank1-rank2.mlir	indirect_load_nonvolatile_1d_bool_int32_t	1	SIMT	Vector/SIMTIndirectLoad.aiv.c310.bc	meta_op.aiv.c310.bc
3	SIMT/IndirectLoad/rank1-rank2.mlir	indirect_load_nonvolatile_1d_bool_int64_t	1	SIMT	Vector/SIMTIndirectLoad.aiv.c310.bc	meta_op.aiv.c310.bc
3	SIMT/IndirectLoad/rank1-rank2.mlir	indirect_load_nonvolatile_1d_float8_e4m3_t_int32_t	1	SIMT	Vector/SIMTIndirectLoad.aiv.c310.bc	meta_op.aiv.c310.bc
3	SIMT/IndirectLoad/rank1-rank2.mlir	indirect_load_nonvolatile_1d_float8_e4m3_t_int64_t	1	SIMT	Vector/SIMTIndirectLoad.aiv.c310.bc	meta_op.aiv.c310.bc
3	SIMT/IndirectLoad/rank1-rank2.mlir	indirect_load_nonvolatile_1d_float8_e5m2_t_int32_t	1	SIMT	Vector/SIMTIndirectLoad.aiv.c310.bc	meta_op.aiv.c310.bc
3	SIMT/IndirectLoad/rank1-rank2.mlir	indirect_load_nonvolatile_1d_float8_e5m2_t_int64_t	1	SIMT	Vector/SIMTIndirectLoad.aiv.c310.bc	meta_op.aiv.c310.bc
3	SIMT/IndirectLoad/rank1-rank2.mlir	indirect_load_nonvolatile_1d_float_int32_t	1	SIMT	Vector/SIMTIndirectLoad.aiv.c310.bc	meta_op.aiv.c310.bc
3	SIMT/IndirectLoad/rank1-rank2.mlir	indirect_load_nonvolatile_1d_float_int64_t	1	SIMT	Vector/SIMTIndirectLoad.aiv.c310.bc	meta_op.aiv.c310.bc
3	SIMT/IndirectLoad/rank1-rank2.mlir	indirect_load_nonvolatile_1d_half_int32_t	1	SIMT	Vector/SIMTIndirectLoad.aiv.c310.bc	meta_op.aiv.c310.bc
3	SIMT/IndirectLoad/rank1-rank2.mlir	indirect_load_nonvolatile_1d_half_int64_t	1	SIMT	Vector/SIMTIndirectLoad.aiv.c310.bc	meta_op.aiv.c310.bc
3	SIMT/IndirectLoad/rank1-rank2.mlir	indirect_load_nonvolatile_1d_hifloat4x2_t_int32_t	1	SIMT	Vector/SIMTIndirectLoad.aiv.c310.bc	meta_op.aiv.c310.bc
3	SIMT/IndirectLoad/rank1-rank2.mlir	indirect_load_nonvolatile_1d_hifloat4x2_t_int64_t	1	SIMT	Vector/SIMTIndirectLoad.aiv.c310.bc	meta_op.aiv.c310.bc
3	SIMT/IndirectLoad/rank1-rank2.mlir	indirect_load_nonvolatile_1d_hifloat8_t_int32_t	1	SIMT	Vector/SIMTIndirectLoad.aiv.c310.bc	meta_op.aiv.c310.bc
3	SIMT/IndirectLoad/rank1-rank2.mlir	indirect_load_nonvolatile_1d_hifloat8_t_int64_t	1	SIMT	Vector/SIMTIndirectLoad.aiv.c310.bc	meta_op.aiv.c310.bc
3	SIMT/IndirectLoad/rank1-rank2.mlir	indirect_load_nonvolatile_1d_int16_t_int32_t	1	SIMT	Vector/SIMTIndirectLoad.aiv.c310.bc	meta_op.aiv.c310.bc
3	SIMT/IndirectLoad/rank1-rank2.mlir	indirect_load_nonvolatile_1d_int16_t_int64_t	1	SIMT	Vector/SIMTIndirectLoad.aiv.c310.bc	meta_op.aiv.c310.bc
3	SIMT/IndirectLoad/rank1-rank2.mlir	indirect_load_nonvolatile_1d_int32_t_int32_t	1	SIMT	Vector/SIMTIndirectLoad.aiv.c310.bc	meta_op.aiv.c310.bc
3	SIMT/IndirectLoad/rank1-rank2.mlir	indirect_load_nonvolatile_1d_int32_t_int64_t	1	SIMT	Vector/SIMTIndirectLoad.aiv.c310.bc	meta_op.aiv.c310.bc
3	SIMT/IndirectLoad/rank1-rank2.mlir	indirect_load_nonvolatile_1d_int64_t_int32_t	1	SIMT	Vector/SIMTIndirectLoad.aiv.c310.bc	meta_op.aiv.c310.bc
3	SIMT/IndirectLoad/rank1-rank2.mlir	indirect_load_nonvolatile_1d_int64_t_int64_t	1	SIMT	Vector/SIMTIndirectLoad.aiv.c310.bc	meta_op.aiv.c310.bc
3	SIMT/IndirectLoad/rank1-rank2.mlir	indirect_load_nonvolatile_1d_int8_t_int32_t	1	SIMT	Vector/SIMTIndirectLoad.aiv.c310.bc	meta_op.aiv.c310.bc
3	SIMT/IndirectLoad/rank1-rank2.mlir	indirect_load_nonvolatile_1d_int8_t_int64_t	1	SIMT	Vector/SIMTIndirectLoad.aiv.c310.bc	meta_op.aiv.c310.bc
3	SIMT/IndirectLoad/rank1-rank2.mlir	indirect_load_nonvolatile_1d_uint16_t_int32_t	1	SIMT	Vector/SIMTIndirectLoad.aiv.c310.bc	meta_op.aiv.c310.bc
3	SIMT/IndirectLoad/rank1-rank2.mlir	indirect_load_nonvolatile_1d_uint16_t_int64_t	1	SIMT	Vector/SIMTIndirectLoad.aiv.c310.bc	meta_op.aiv.c310.bc
3	SIMT/IndirectLoad/rank1-rank2.mlir	indirect_load_nonvolatile_1d_uint32_t_int32_t	1	SIMT	Vector/SIMTIndirectLoad.aiv.c310.bc	meta_op.aiv.c310.bc
3	SIMT/IndirectLoad/rank1-rank2.mlir	indirect_load_nonvolatile_1d_uint32_t_int64_t	1	SIMT	Vector/SIMTIndirectLoad.aiv.c310.bc	meta_op.aiv.c310.bc
3	SIMT/IndirectLoad/rank1-rank2.mlir	indirect_load_nonvolatile_1d_uint64_t_int32_t	1	SIMT	Vector/SIMTIndirectLoad.aiv.c310.bc	meta_op.aiv.c310.bc
3	SIMT/IndirectLoad/rank1-rank2.mlir	indirect_load_nonvolatile_1d_uint64_t_int64_t	1	SIMT	Vector/SIMTIndirectLoad.aiv.c310.bc	meta_op.aiv.c310.bc
3	SIMT/IndirectLoad/rank1-rank2.mlir	indirect_load_nonvolatile_1d_uint8_t_int32_t	1	SIMT	Vector/SIMTIndirectLoad.aiv.c310.bc	meta_op.aiv.c310.bc
3	SIMT/IndirectLoad/rank1-rank2.mlir	indirect_load_nonvolatile_1d_uint8_t_int64_t	1	SIMT	Vector/SIMTIndirectLoad.aiv.c310.bc	meta_op.aiv.c310.bc
3	SIMT/IndirectLoad/rank1-rank2.mlir	indirect_load_nonvolatile_2d_bfloat16_t_int32_t	1	SIMT	Vector/SIMTIndirectLoad.aiv.c310.bc	meta_op.aiv.c310.bc
3	SIMT/IndirectLoad/rank1-rank2.mlir	indirect_load_nonvolatile_2d_bfloat16_t_int64_t	1	SIMT	Vector/SIMTIndirectLoad.aiv.c310.bc	meta_op.aiv.c310.bc
3	SIMT/IndirectLoad/rank1-rank2.mlir	indirect_load_nonvolatile_2d_bool_int32_t	1	SIMT	Vector/SIMTIndirectLoad.aiv.c310.bc	meta_op.aiv.c310.bc
3	SIMT/IndirectLoad/rank1-rank2.mlir	indirect_load_nonvolatile_2d_bool_int64_t	1	SIMT	Vector/SIMTIndirectLoad.aiv.c310.bc	meta_op.aiv.c310.bc
3	SIMT/IndirectLoad/rank1-rank2.mlir	indirect_load_nonvolatile_2d_float8_e4m3_t_int32_t	1	SIMT	Vector/SIMTIndirectLoad.aiv.c310.bc	meta_op.aiv.c310.bc
3	SIMT/IndirectLoad/rank1-rank2.mlir	indirect_load_nonvolatile_2d_float8_e4m3_t_int64_t	1	SIMT	Vector/SIMTIndirectLoad.aiv.c310.bc	meta_op.aiv.c310.bc
3	SIMT/IndirectLoad/rank1-rank2.mlir	indirect_load_nonvolatile_2d_float8_e5m2_t_int32_t	1	SIMT	Vector/SIMTIndirectLoad.aiv.c310.bc	meta_op.aiv.c310.bc
3	SIMT/IndirectLoad/rank1-rank2.mlir	indirect_load_nonvolatile_2d_float8_e5m2_t_int64_t	1	SIMT	Vector/SIMTIndirectLoad.aiv.c310.bc	meta_op.aiv.c310.bc
3	SIMT/IndirectLoad/rank1-rank2.mlir	indirect_load_nonvolatile_2d_float_int32_t	1	SIMT	Vector/SIMTIndirectLoad.aiv.c310.bc	meta_op.aiv.c310.bc
3	SIMT/IndirectLoad/rank1-rank2.mlir	indirect_load_nonvolatile_2d_float_int64_t	1	SIMT	Vector/SIMTIndirectLoad.aiv.c310.bc	meta_op.aiv.c310.bc
3	SIMT/IndirectLoad/rank1-rank2.mlir	indirect_load_nonvolatile_2d_half_int32_t	1	SIMT	Vector/SIMTIndirectLoad.aiv.c310.bc	meta_op.aiv.c310.bc
3	SIMT/IndirectLoad/rank1-rank2.mlir	indirect_load_nonvolatile_2d_half_int64_t	1	SIMT	Vector/SIMTIndirectLoad.aiv.c310.bc	meta_op.aiv.c310.bc
3	SIMT/IndirectLoad/rank1-rank2.mlir	indirect_load_nonvolatile_2d_hifloat4x2_t_int32_t	1	SIMT	Vector/SIMTIndirectLoad.aiv.c310.bc	meta_op.aiv.c310.bc
3	SIMT/IndirectLoad/rank1-rank2.mlir	indirect_load_nonvolatile_2d_hifloat4x2_t_int64_t	1	SIMT	Vector/SIMTIndirectLoad.aiv.c310.bc	meta_op.aiv.c310.bc
3	SIMT/IndirectLoad/rank1-rank2.mlir	indirect_load_nonvolatile_2d_hifloat8_t_int32_t	1	SIMT	Vector/SIMTIndirectLoad.aiv.c310.bc	meta_op.aiv.c310.bc
3	SIMT/IndirectLoad/rank1-rank2.mlir	indirect_load_nonvolatile_2d_hifloat8_t_int64_t	1	SIMT	Vector/SIMTIndirectLoad.aiv.c310.bc	meta_op.aiv.c310.bc
3	SIMT/IndirectLoad/rank1-rank2.mlir	indirect_load_nonvolatile_2d_int16_t_int32_t	1	SIMT	Vector/SIMTIndirectLoad.aiv.c310.bc	meta_op.aiv.c310.bc
3	SIMT/IndirectLoad/rank1-rank2.mlir	indirect_load_nonvolatile_2d_int16_t_int64_t	1	SIMT	Vector/SIMTIndirectLoad.aiv.c310.bc	meta_op.aiv.c310.bc
3	SIMT/IndirectLoad/rank1-rank2.mlir	indirect_load_nonvolatile_2d_int32_t_int32_t	1	SIMT	Vector/SIMTIndirectLoad.aiv.c310.bc	meta_op.aiv.c310.bc
3	SIMT/IndirectLoad/rank1-rank2.mlir	indirect_load_nonvolatile_2d_int32_t_int64_t	1	SIMT	Vector/SIMTIndirectLoad.aiv.c310.bc	meta_op.aiv.c310.bc
3	SIMT/IndirectLoad/rank1-rank2.mlir	indirect_load_nonvolatile_2d_int64_t_int32_t	1	SIMT	Vector/SIMTIndirectLoad.aiv.c310.bc	meta_op.aiv.c310.bc
3	SIMT/IndirectLoad/rank1-rank2.mlir	indirect_load_nonvolatile_2d_int64_t_int64_t	1	SIMT	Vector/SIMTIndirectLoad.aiv.c310.bc	meta_op.aiv.c310.bc
3	SIMT/IndirectLoad/rank1-rank2.mlir	indirect_load_nonvolatile_2d_int8_t_int32_t	1	SIMT	Vector/SIMTIndirectLoad.aiv.c310.bc	meta_op.aiv.c310.bc
3	SIMT/IndirectLoad/rank1-rank2.mlir	indirect_load_nonvolatile_2d_int8_t_int64_t	1	SIMT	Vector/SIMTIndirectLoad.aiv.c310.bc	meta_op.aiv.c310.bc
3	SIMT/IndirectLoad/rank1-rank2.mlir	indirect_load_nonvolatile_2d_uint16_t_int32_t	1	SIMT	Vector/SIMTIndirectLoad.aiv.c310.bc	meta_op.aiv.c310.bc
3	SIMT/IndirectLoad/rank1-rank2.mlir	indirect_load_nonvolatile_2d_uint16_t_int64_t	1	SIMT	Vector/SIMTIndirectLoad.aiv.c310.bc	meta_op.aiv.c310.bc
3	SIMT/IndirectLoad/rank1-rank2.mlir	indirect_load_nonvolatile_2d_uint32_t_int32_t	1	SIMT	Vector/SIMTIndirectLoad.aiv.c310.bc	meta_op.aiv.c310.bc
3	SIMT/IndirectLoad/rank1-rank2.mlir	indirect_load_nonvolatile_2d_uint32_t_int64_t	1	SIMT	Vector/SIMTIndirectLoad.aiv.c310.bc	meta_op.aiv.c310.bc
3	SIMT/IndirectLoad/rank1-rank2.mlir	indirect_load_nonvolatile_2d_uint64_t_int32_t	1	SIMT	Vector/SIMTIndirectLoad.aiv.c310.bc	meta_op.aiv.c310.bc
3	SIMT/IndirectLoad/rank1-rank2.mlir	indirect_load_nonvolatile_2d_uint64_t_int64_t	1	SIMT	Vector/SIMTIndirectLoad.aiv.c310.bc	meta_op.aiv.c310.bc
3	SIMT/IndirectLoad/rank1-rank2.mlir	indirect_load_nonvolatile_2d_uint8_t_int32_t	1	SIMT	Vector/SIMTIndirectLoad.aiv.c310.bc	meta_op.aiv.c310.bc
3	SIMT/IndirectLoad/rank1-rank2.mlir	indirect_load_nonvolatile_2d_uint8_t_int64_t	1	SIMT	Vector/SIMTIndirectLoad.aiv.c310.bc	meta_op.aiv.c310.bc
3	SIMT/IndirectLoad/rank3.mlir	indirect_load_3d_bfloat16_t_int32_t	1	SIMT	Vector/SIMTIndirectLoad.aiv.c310.bc	meta_op.aiv.c310.bc
3	SIMT/IndirectLoad/rank3.mlir	indirect_load_3d_bfloat16_t_int64_t	1	SIMT	Vector/SIMTIndirectLoad.aiv.c310.bc	meta_op.aiv.c310.bc
3	SIMT/IndirectLoad/rank3.mlir	indirect_load_3d_bool_int32_t	1	SIMT	Vector/SIMTIndirectLoad.aiv.c310.bc	meta_op.aiv.c310.bc
3	SIMT/IndirectLoad/rank3.mlir	indirect_load_3d_bool_int64_t	1	SIMT	Vector/SIMTIndirectLoad.aiv.c310.bc	meta_op.aiv.c310.bc
3	SIMT/IndirectLoad/rank3.mlir	indirect_load_3d_float8_e4m3_t_int32_t	1	SIMT	Vector/SIMTIndirectLoad.aiv.c310.bc	meta_op.aiv.c310.bc
3	SIMT/IndirectLoad/rank3.mlir	indirect_load_3d_float8_e4m3_t_int64_t	1	SIMT	Vector/SIMTIndirectLoad.aiv.c310.bc	meta_op.aiv.c310.bc
3	SIMT/IndirectLoad/rank3.mlir	indirect_load_3d_float8_e5m2_t_int32_t	1	SIMT	Vector/SIMTIndirectLoad.aiv.c310.bc	meta_op.aiv.c310.bc
3	SIMT/IndirectLoad/rank3.mlir	indirect_load_3d_float8_e5m2_t_int64_t	1	SIMT	Vector/SIMTIndirectLoad.aiv.c310.bc	meta_op.aiv.c310.bc
3	SIMT/IndirectLoad/rank3.mlir	indirect_load_3d_float_int32_t	1	SIMT	Vector/SIMTIndirectLoad.aiv.c310.bc	meta_op.aiv.c310.bc
3	SIMT/IndirectLoad/rank3.mlir	indirect_load_3d_float_int64_t	1	SIMT	Vector/SIMTIndirectLoad.aiv.c310.bc	meta_op.aiv.c310.bc
3	SIMT/IndirectLoad/rank3.mlir	indirect_load_3d_half_int32_t	1	SIMT	Vector/SIMTIndirectLoad.aiv.c310.bc	meta_op.aiv.c310.bc
3	SIMT/IndirectLoad/rank3.mlir	indirect_load_3d_half_int64_t	1	SIMT	Vector/SIMTIndirectLoad.aiv.c310.bc	meta_op.aiv.c310.bc
3	SIMT/IndirectLoad/rank3.mlir	indirect_load_3d_hifloat4x2_t_int32_t	1	SIMT	Vector/SIMTIndirectLoad.aiv.c310.bc	meta_op.aiv.c310.bc
3	SIMT/IndirectLoad/rank3.mlir	indirect_load_3d_hifloat4x2_t_int64_t	1	SIMT	Vector/SIMTIndirectLoad.aiv.c310.bc	meta_op.aiv.c310.bc
3	SIMT/IndirectLoad/rank3.mlir	indirect_load_3d_hifloat8_t_int32_t	1	SIMT	Vector/SIMTIndirectLoad.aiv.c310.bc	meta_op.aiv.c310.bc
3	SIMT/IndirectLoad/rank3.mlir	indirect_load_3d_hifloat8_t_int64_t	1	SIMT	Vector/SIMTIndirectLoad.aiv.c310.bc	meta_op.aiv.c310.bc
3	SIMT/IndirectLoad/rank3.mlir	indirect_load_3d_int16_t_int32_t	1	SIMT	Vector/SIMTIndirectLoad.aiv.c310.bc	meta_op.aiv.c310.bc
3	SIMT/IndirectLoad/rank3.mlir	indirect_load_3d_int16_t_int64_t	1	SIMT	Vector/SIMTIndirectLoad.aiv.c310.bc	meta_op.aiv.c310.bc
3	SIMT/IndirectLoad/rank3.mlir	indirect_load_3d_int32_t_int32_t	1	SIMT	Vector/SIMTIndirectLoad.aiv.c310.bc	meta_op.aiv.c310.bc
3	SIMT/IndirectLoad/rank3.mlir	indirect_load_3d_int32_t_int64_t	1	SIMT	Vector/SIMTIndirectLoad.aiv.c310.bc	meta_op.aiv.c310.bc
3	SIMT/IndirectLoad/rank3.mlir	indirect_load_3d_int64_t_int32_t	1	SIMT	Vector/SIMTIndirectLoad.aiv.c310.bc	meta_op.aiv.c310.bc
3	SIMT/IndirectLoad/rank3.mlir	indirect_load_3d_int64_t_int64_t	1	SIMT	Vector/SIMTIndirectLoad.aiv.c310.bc	meta_op.aiv.c310.bc
3	SIMT/IndirectLoad/rank3.mlir	indirect_load_3d_int8_t_int32_t	1	SIMT	Vector/SIMTIndirectLoad.aiv.c310.bc	meta_op.aiv.c310.bc
3	SIMT/IndirectLoad/rank3.mlir	indirect_load_3d_int8_t_int64_t	1	SIMT	Vector/SIMTIndirectLoad.aiv.c310.bc	meta_op.aiv.c310.bc
3	SIMT/IndirectLoad/rank3.mlir	indirect_load_3d_uint16_t_int32_t	1	SIMT	Vector/SIMTIndirectLoad.aiv.c310.bc	meta_op.aiv.c310.bc
3	SIMT/IndirectLoad/rank3.mlir	indirect_load_3d_uint16_t_int64_t	1	SIMT	Vector/SIMTIndirectLoad.aiv.c310.bc	meta_op.aiv.c310.bc
3	SIMT/IndirectLoad/rank3.mlir	indirect_load_3d_uint32_t_int32_t	1	SIMT	Vector/SIMTIndirectLoad.aiv.c310.bc	meta_op.aiv.c310.bc
3	SIMT/IndirectLoad/rank3.mlir	indirect_load_3d_uint32_t_int64_t	1	SIMT	Vector/SIMTIndirectLoad.aiv.c310.bc	meta_op.aiv.c310.bc
3	SIMT/IndirectLoad/rank3.mlir	indirect_load_3d_uint64_t_int32_t	1	SIMT	Vector/SIMTIndirectLoad.aiv.c310.bc	meta_op.aiv.c310.bc
3	SIMT/IndirectLoad/rank3.mlir	indirect_load_3d_uint64_t_int64_t	1	SIMT	Vector/SIMTIndirectLoad.aiv.c310.bc	meta_op.aiv.c310.bc
3	SIMT/IndirectLoad/rank3.mlir	indirect_load_3d_uint8_t_int32_t	1	SIMT	Vector/SIMTIndirectLoad.aiv.c310.bc	meta_op.aiv.c310.bc
3	SIMT/IndirectLoad/rank3.mlir	indirect_load_3d_uint8_t_int64_t	1	SIMT	Vector/SIMTIndirectLoad.aiv.c310.bc	meta_op.aiv.c310.bc
3	SIMT/IndirectLoad/rank3.mlir	indirect_load_nonvolatile_3d_bfloat16_t_int32_t	1	SIMT	Vector/SIMTIndirectLoad.aiv.c310.bc	meta_op.aiv.c310.bc
3	SIMT/IndirectLoad/rank3.mlir	indirect_load_nonvolatile_3d_bfloat16_t_int64_t	1	SIMT	Vector/SIMTIndirectLoad.aiv.c310.bc	meta_op.aiv.c310.bc
3	SIMT/IndirectLoad/rank3.mlir	indirect_load_nonvolatile_3d_bool_int32_t	1	SIMT	Vector/SIMTIndirectLoad.aiv.c310.bc	meta_op.aiv.c310.bc
3	SIMT/IndirectLoad/rank3.mlir	indirect_load_nonvolatile_3d_bool_int64_t	1	SIMT	Vector/SIMTIndirectLoad.aiv.c310.bc	meta_op.aiv.c310.bc
3	SIMT/IndirectLoad/rank3.mlir	indirect_load_nonvolatile_3d_float8_e4m3_t_int32_t	1	SIMT	Vector/SIMTIndirectLoad.aiv.c310.bc	meta_op.aiv.c310.bc
3	SIMT/IndirectLoad/rank3.mlir	indirect_load_nonvolatile_3d_float8_e4m3_t_int64_t	1	SIMT	Vector/SIMTIndirectLoad.aiv.c310.bc	meta_op.aiv.c310.bc
3	SIMT/IndirectLoad/rank3.mlir	indirect_load_nonvolatile_3d_float8_e5m2_t_int32_t	1	SIMT	Vector/SIMTIndirectLoad.aiv.c310.bc	meta_op.aiv.c310.bc
3	SIMT/IndirectLoad/rank3.mlir	indirect_load_nonvolatile_3d_float8_e5m2_t_int64_t	1	SIMT	Vector/SIMTIndirectLoad.aiv.c310.bc	meta_op.aiv.c310.bc
3	SIMT/IndirectLoad/rank3.mlir	indirect_load_nonvolatile_3d_float_int32_t	1	SIMT	Vector/SIMTIndirectLoad.aiv.c310.bc	meta_op.aiv.c310.bc
3	SIMT/IndirectLoad/rank3.mlir	indirect_load_nonvolatile_3d_float_int64_t	1	SIMT	Vector/SIMTIndirectLoad.aiv.c310.bc	meta_op.aiv.c310.bc
3	SIMT/IndirectLoad/rank3.mlir	indirect_load_nonvolatile_3d_half_int32_t	1	SIMT	Vector/SIMTIndirectLoad.aiv.c310.bc	meta_op.aiv.c310.bc
3	SIMT/IndirectLoad/rank3.mlir	indirect_load_nonvolatile_3d_half_int64_t	1	SIMT	Vector/SIMTIndirectLoad.aiv.c310.bc	meta_op.aiv.c310.bc
3	SIMT/IndirectLoad/rank3.mlir	indirect_load_nonvolatile_3d_hifloat4x2_t_int32_t	1	SIMT	Vector/SIMTIndirectLoad.aiv.c310.bc	meta_op.aiv.c310.bc
3	SIMT/IndirectLoad/rank3.mlir	indirect_load_nonvolatile_3d_hifloat4x2_t_int64_t	1	SIMT	Vector/SIMTIndirectLoad.aiv.c310.bc	meta_op.aiv.c310.bc
3	SIMT/IndirectLoad/rank3.mlir	indirect_load_nonvolatile_3d_hifloat8_t_int32_t	1	SIMT	Vector/SIMTIndirectLoad.aiv.c310.bc	meta_op.aiv.c310.bc
3	SIMT/IndirectLoad/rank3.mlir	indirect_load_nonvolatile_3d_hifloat8_t_int64_t	1	SIMT	Vector/SIMTIndirectLoad.aiv.c310.bc	meta_op.aiv.c310.bc
3	SIMT/IndirectLoad/rank3.mlir	indirect_load_nonvolatile_3d_int16_t_int32_t	1	SIMT	Vector/SIMTIndirectLoad.aiv.c310.bc	meta_op.aiv.c310.bc
3	SIMT/IndirectLoad/rank3.mlir	indirect_load_nonvolatile_3d_int16_t_int64_t	1	SIMT	Vector/SIMTIndirectLoad.aiv.c310.bc	meta_op.aiv.c310.bc
3	SIMT/IndirectLoad/rank3.mlir	indirect_load_nonvolatile_3d_int32_t_int32_t	1	SIMT	Vector/SIMTIndirectLoad.aiv.c310.bc	meta_op.aiv.c310.bc
3	SIMT/IndirectLoad/rank3.mlir	indirect_load_nonvolatile_3d_int32_t_int64_t	1	SIMT	Vector/SIMTIndirectLoad.aiv.c310.bc	meta_op.aiv.c310.bc
3	SIMT/IndirectLoad/rank3.mlir	indirect_load_nonvolatile_3d_int64_t_int32_t	1	SIMT	Vector/SIMTIndirectLoad.aiv.c310.bc	meta_op.aiv.c310.bc
3	SIMT/IndirectLoad/rank3.mlir	indirect_load_nonvolatile_3d_int64_t_int64_t	1	SIMT	Vector/SIMTIndirectLoad.aiv.c310.bc	meta_op.aiv.c310.bc
3	SIMT/IndirectLoad/rank3.mlir	indirect_load_nonvolatile_3d_int8_t_int32_t	1	SIMT	Vector/SIMTIndirectLoad.aiv.c310.bc	meta_op.aiv.c310.bc
3	SIMT/IndirectLoad/rank3.mlir	indirect_load_nonvolatile_3d_int8_t_int64_t	1	SIMT	Vector/SIMTIndirectLoad.aiv.c310.bc	meta_op.aiv.c310.bc
3	SIMT/IndirectLoad/rank3.mlir	indirect_load_nonvolatile_3d_uint16_t_int32_t	1	SIMT	Vector/SIMTIndirectLoad.aiv.c310.bc	meta_op.aiv.c310.bc
3	SIMT/IndirectLoad/rank3.mlir	indirect_load_nonvolatile_3d_uint16_t_int64_t	1	SIMT	Vector/SIMTIndirectLoad.aiv.c310.bc	meta_op.aiv.c310.bc
3	SIMT/IndirectLoad/rank3.mlir	indirect_load_nonvolatile_3d_uint32_t_int32_t	1	SIMT	Vector/SIMTIndirectLoad.aiv.c310.bc	meta_op.aiv.c310.bc
3	SIMT/IndirectLoad/rank3.mlir	indirect_load_nonvolatile_3d_uint32_t_int64_t	1	SIMT	Vector/SIMTIndirectLoad.aiv.c310.bc	meta_op.aiv.c310.bc
3	SIMT/IndirectLoad/rank3.mlir	indirect_load_nonvolatile_3d_uint64_t_int32_t	1	SIMT	Vector/SIMTIndirectLoad.aiv.c310.bc	meta_op.aiv.c310.bc
3	SIMT/IndirectLoad/rank3.mlir	indirect_load_nonvolatile_3d_uint64_t_int64_t	1	SIMT	Vector/SIMTIndirectLoad.aiv.c310.bc	meta_op.aiv.c310.bc
3	SIMT/IndirectLoad/rank3.mlir	indirect_load_nonvolatile_3d_uint8_t_int32_t	1	SIMT	Vector/SIMTIndirectLoad.aiv.c310.bc	meta_op.aiv.c310.bc
3	SIMT/IndirectLoad/rank3.mlir	indirect_load_nonvolatile_3d_uint8_t_int64_t	1	SIMT	Vector/SIMTIndirectLoad.aiv.c310.bc	meta_op.aiv.c310.bc
3	SIMT/IndirectLoad/rank4-rank5.mlir	indirect_load_4d_bfloat16_t_int32_t	1	SIMT	Vector/SIMTIndirectLoad.aiv.c310.bc	meta_op.aiv.c310.bc
3	SIMT/IndirectLoad/rank4-rank5.mlir	indirect_load_4d_bfloat16_t_int64_t	1	SIMT	Vector/SIMTIndirectLoad.aiv.c310.bc	meta_op.aiv.c310.bc
3	SIMT/IndirectLoad/rank4-rank5.mlir	indirect_load_4d_bool_int32_t	1	SIMT	Vector/SIMTIndirectLoad.aiv.c310.bc	meta_op.aiv.c310.bc
3	SIMT/IndirectLoad/rank4-rank5.mlir	indirect_load_4d_bool_int64_t	1	SIMT	Vector/SIMTIndirectLoad.aiv.c310.bc	meta_op.aiv.c310.bc
3	SIMT/IndirectLoad/rank4-rank5.mlir	indirect_load_4d_float8_e4m3_t_int32_t	1	SIMT	Vector/SIMTIndirectLoad.aiv.c310.bc	meta_op.aiv.c310.bc
3	SIMT/IndirectLoad/rank4-rank5.mlir	indirect_load_4d_float8_e4m3_t_int64_t	1	SIMT	Vector/SIMTIndirectLoad.aiv.c310.bc	meta_op.aiv.c310.bc
3	SIMT/IndirectLoad/rank4-rank5.mlir	indirect_load_4d_float8_e5m2_t_int32_t	1	SIMT	Vector/SIMTIndirectLoad.aiv.c310.bc	meta_op.aiv.c310.bc
3	SIMT/IndirectLoad/rank4-rank5.mlir	indirect_load_4d_float8_e5m2_t_int64_t	1	SIMT	Vector/SIMTIndirectLoad.aiv.c310.bc	meta_op.aiv.c310.bc
3	SIMT/IndirectLoad/rank4-rank5.mlir	indirect_load_4d_float_int32_t	1	SIMT	Vector/SIMTIndirectLoad.aiv.c310.bc	meta_op.aiv.c310.bc
3	SIMT/IndirectLoad/rank4-rank5.mlir	indirect_load_4d_float_int64_t	1	SIMT	Vector/SIMTIndirectLoad.aiv.c310.bc	meta_op.aiv.c310.bc
3	SIMT/IndirectLoad/rank4-rank5.mlir	indirect_load_4d_half_int32_t	1	SIMT	Vector/SIMTIndirectLoad.aiv.c310.bc	meta_op.aiv.c310.bc
3	SIMT/IndirectLoad/rank4-rank5.mlir	indirect_load_4d_half_int64_t	1	SIMT	Vector/SIMTIndirectLoad.aiv.c310.bc	meta_op.aiv.c310.bc
3	SIMT/IndirectLoad/rank4-rank5.mlir	indirect_load_4d_hifloat4x2_t_int32_t	1	SIMT	Vector/SIMTIndirectLoad.aiv.c310.bc	meta_op.aiv.c310.bc
3	SIMT/IndirectLoad/rank4-rank5.mlir	indirect_load_4d_hifloat4x2_t_int64_t	1	SIMT	Vector/SIMTIndirectLoad.aiv.c310.bc	meta_op.aiv.c310.bc
3	SIMT/IndirectLoad/rank4-rank5.mlir	indirect_load_4d_hifloat8_t_int32_t	1	SIMT	Vector/SIMTIndirectLoad.aiv.c310.bc	meta_op.aiv.c310.bc
3	SIMT/IndirectLoad/rank4-rank5.mlir	indirect_load_4d_hifloat8_t_int64_t	1	SIMT	Vector/SIMTIndirectLoad.aiv.c310.bc	meta_op.aiv.c310.bc
3	SIMT/IndirectLoad/rank4-rank5.mlir	indirect_load_4d_int16_t_int32_t	1	SIMT	Vector/SIMTIndirectLoad.aiv.c310.bc	meta_op.aiv.c310.bc
3	SIMT/IndirectLoad/rank4-rank5.mlir	indirect_load_4d_int16_t_int64_t	1	SIMT	Vector/SIMTIndirectLoad.aiv.c310.bc	meta_op.aiv.c310.bc
3	SIMT/IndirectLoad/rank4-rank5.mlir	indirect_load_4d_int32_t_int32_t	1	SIMT	Vector/SIMTIndirectLoad.aiv.c310.bc	meta_op.aiv.c310.bc
3	SIMT/IndirectLoad/rank4-rank5.mlir	indirect_load_4d_int32_t_int64_t	1	SIMT	Vector/SIMTIndirectLoad.aiv.c310.bc	meta_op.aiv.c310.bc
3	SIMT/IndirectLoad/rank4-rank5.mlir	indirect_load_4d_int64_t_int32_t	1	SIMT	Vector/SIMTIndirectLoad.aiv.c310.bc	meta_op.aiv.c310.bc
3	SIMT/IndirectLoad/rank4-rank5.mlir	indirect_load_4d_int64_t_int64_t	1	SIMT	Vector/SIMTIndirectLoad.aiv.c310.bc	meta_op.aiv.c310.bc
3	SIMT/IndirectLoad/rank4-rank5.mlir	indirect_load_4d_int8_t_int32_t	1	SIMT	Vector/SIMTIndirectLoad.aiv.c310.bc	meta_op.aiv.c310.bc
3	SIMT/IndirectLoad/rank4-rank5.mlir	indirect_load_4d_int8_t_int64_t	1	SIMT	Vector/SIMTIndirectLoad.aiv.c310.bc	meta_op.aiv.c310.bc
3	SIMT/IndirectLoad/rank4-rank5.mlir	indirect_load_4d_uint16_t_int32_t	1	SIMT	Vector/SIMTIndirectLoad.aiv.c310.bc	meta_op.aiv.c310.bc
3	SIMT/IndirectLoad/rank4-rank5.mlir	indirect_load_4d_uint16_t_int64_t	1	SIMT	Vector/SIMTIndirectLoad.aiv.c310.bc	meta_op.aiv.c310.bc
3	SIMT/IndirectLoad/rank4-rank5.mlir	indirect_load_4d_uint32_t_int32_t	1	SIMT	Vector/SIMTIndirectLoad.aiv.c310.bc	meta_op.aiv.c310.bc
3	SIMT/IndirectLoad/rank4-rank5.mlir	indirect_load_4d_uint32_t_int64_t	1	SIMT	Vector/SIMTIndirectLoad.aiv.c310.bc	meta_op.aiv.c310.bc
3	SIMT/IndirectLoad/rank4-rank5.mlir	indirect_load_4d_uint64_t_int32_t	1	SIMT	Vector/SIMTIndirectLoad.aiv.c310.bc	meta_op.aiv.c310.bc
3	SIMT/IndirectLoad/rank4-rank5.mlir	indirect_load_4d_uint64_t_int64_t	1	SIMT	Vector/SIMTIndirectLoad.aiv.c310.bc	meta_op.aiv.c310.bc
3	SIMT/IndirectLoad/rank4-rank5.mlir	indirect_load_4d_uint8_t_int32_t	1	SIMT	Vector/SIMTIndirectLoad.aiv.c310.bc	meta_op.aiv.c310.bc
3	SIMT/IndirectLoad/rank4-rank5.mlir	indirect_load_4d_uint8_t_int64_t	1	SIMT	Vector/SIMTIndirectLoad.aiv.c310.bc	meta_op.aiv.c310.bc
3	SIMT/IndirectLoad/rank4-rank5.mlir	indirect_load_5d_bfloat16_t_int32_t	1	SIMT	Vector/SIMTIndirectLoad.aiv.c310.bc	meta_op.aiv.c310.bc
3	SIMT/IndirectLoad/rank4-rank5.mlir	indirect_load_5d_bfloat16_t_int64_t	1	SIMT	Vector/SIMTIndirectLoad.aiv.c310.bc	meta_op.aiv.c310.bc
3	SIMT/IndirectLoad/rank4-rank5.mlir	indirect_load_5d_bool_int32_t	1	SIMT	Vector/SIMTIndirectLoad.aiv.c310.bc	meta_op.aiv.c310.bc
3	SIMT/IndirectLoad/rank4-rank5.mlir	indirect_load_5d_bool_int64_t	1	SIMT	Vector/SIMTIndirectLoad.aiv.c310.bc	meta_op.aiv.c310.bc
3	SIMT/IndirectLoad/rank4-rank5.mlir	indirect_load_5d_float8_e4m3_t_int32_t	1	SIMT	Vector/SIMTIndirectLoad.aiv.c310.bc	meta_op.aiv.c310.bc
3	SIMT/IndirectLoad/rank4-rank5.mlir	indirect_load_5d_float8_e4m3_t_int64_t	1	SIMT	Vector/SIMTIndirectLoad.aiv.c310.bc	meta_op.aiv.c310.bc
3	SIMT/IndirectLoad/rank4-rank5.mlir	indirect_load_5d_float8_e5m2_t_int32_t	1	SIMT	Vector/SIMTIndirectLoad.aiv.c310.bc	meta_op.aiv.c310.bc
3	SIMT/IndirectLoad/rank4-rank5.mlir	indirect_load_5d_float8_e5m2_t_int64_t	1	SIMT	Vector/SIMTIndirectLoad.aiv.c310.bc	meta_op.aiv.c310.bc
3	SIMT/IndirectLoad/rank4-rank5.mlir	indirect_load_5d_float_int32_t	1	SIMT	Vector/SIMTIndirectLoad.aiv.c310.bc	meta_op.aiv.c310.bc
3	SIMT/IndirectLoad/rank4-rank5.mlir	indirect_load_5d_float_int64_t	1	SIMT	Vector/SIMTIndirectLoad.aiv.c310.bc	meta_op.aiv.c310.bc
3	SIMT/IndirectLoad/rank4-rank5.mlir	indirect_load_5d_half_int32_t	1	SIMT	Vector/SIMTIndirectLoad.aiv.c310.bc	meta_op.aiv.c310.bc
3	SIMT/IndirectLoad/rank4-rank5.mlir	indirect_load_5d_half_int64_t	1	SIMT	Vector/SIMTIndirectLoad.aiv.c310.bc	meta_op.aiv.c310.bc
3	SIMT/IndirectLoad/rank4-rank5.mlir	indirect_load_5d_hifloat4x2_t_int32_t	1	SIMT	Vector/SIMTIndirectLoad.aiv.c310.bc	meta_op.aiv.c310.bc
3	SIMT/IndirectLoad/rank4-rank5.mlir	indirect_load_5d_hifloat4x2_t_int64_t	1	SIMT	Vector/SIMTIndirectLoad.aiv.c310.bc	meta_op.aiv.c310.bc
3	SIMT/IndirectLoad/rank4-rank5.mlir	indirect_load_5d_hifloat8_t_int32_t	1	SIMT	Vector/SIMTIndirectLoad.aiv.c310.bc	meta_op.aiv.c310.bc
3	SIMT/IndirectLoad/rank4-rank5.mlir	indirect_load_5d_hifloat8_t_int64_t	1	SIMT	Vector/SIMTIndirectLoad.aiv.c310.bc	meta_op.aiv.c310.bc
3	SIMT/IndirectLoad/rank4-rank5.mlir	indirect_load_5d_int16_t_int32_t	1	SIMT	Vector/SIMTIndirectLoad.aiv.c310.bc	meta_op.aiv.c310.bc
3	SIMT/IndirectLoad/rank4-rank5.mlir	indirect_load_5d_int16_t_int64_t	1	SIMT	Vector/SIMTIndirectLoad.aiv.c310.bc	meta_op.aiv.c310.bc
3	SIMT/IndirectLoad/rank4-rank5.mlir	indirect_load_5d_int32_t_int32_t	1	SIMT	Vector/SIMTIndirectLoad.aiv.c310.bc	meta_op.aiv.c310.bc
3	SIMT/IndirectLoad/rank4-rank5.mlir	indirect_load_5d_int32_t_int64_t	1	SIMT	Vector/SIMTIndirectLoad.aiv.c310.bc	meta_op.aiv.c310.bc
3	SIMT/IndirectLoad/rank4-rank5.mlir	indirect_load_5d_int64_t_int32_t	1	SIMT	Vector/SIMTIndirectLoad.aiv.c310.bc	meta_op.aiv.c310.bc
3	SIMT/IndirectLoad/rank4-rank5.mlir	indirect_load_5d_int64_t_int64_t	1	SIMT	Vector/SIMTIndirectLoad.aiv.c310.bc	meta_op.aiv.c310.bc
3	SIMT/IndirectLoad/rank4-rank5.mlir	indirect_load_5d_int8_t_int32_t	1	SIMT	Vector/SIMTIndirectLoad.aiv.c310.bc	meta_op.aiv.c310.bc
3	SIMT/IndirectLoad/rank4-rank5.mlir	indirect_load_5d_int8_t_int64_t	1	SIMT	Vector/SIMTIndirectLoad.aiv.c310.bc	meta_op.aiv.c310.bc
3	SIMT/IndirectLoad/rank4-rank5.mlir	indirect_load_5d_uint16_t_int32_t	1	SIMT	Vector/SIMTIndirectLoad.aiv.c310.bc	meta_op.aiv.c310.bc
3	SIMT/IndirectLoad/rank4-rank5.mlir	indirect_load_5d_uint16_t_int64_t	1	SIMT	Vector/SIMTIndirectLoad.aiv.c310.bc	meta_op.aiv.c310.bc
3	SIMT/IndirectLoad/rank4-rank5.mlir	indirect_load_5d_uint32_t_int32_t	1	SIMT	Vector/SIMTIndirectLoad.aiv.c310.bc	meta_op.aiv.c310.bc
3	SIMT/IndirectLoad/rank4-rank5.mlir	indirect_load_5d_uint32_t_int64_t	1	SIMT	Vector/SIMTIndirectLoad.aiv.c310.bc	meta_op.aiv.c310.bc
3	SIMT/IndirectLoad/rank4-rank5.mlir	indirect_load_5d_uint64_t_int32_t	1	SIMT	Vector/SIMTIndirectLoad.aiv.c310.bc	meta_op.aiv.c310.bc
3	SIMT/IndirectLoad/rank4-rank5.mlir	indirect_load_5d_uint64_t_int64_t	1	SIMT	Vector/SIMTIndirectLoad.aiv.c310.bc	meta_op.aiv.c310.bc
3	SIMT/IndirectLoad/rank4-rank5.mlir	indirect_load_5d_uint8_t_int32_t	1	SIMT	Vector/SIMTIndirectLoad.aiv.c310.bc	meta_op.aiv.c310.bc
3	SIMT/IndirectLoad/rank4-rank5.mlir	indirect_load_5d_uint8_t_int64_t	1	SIMT	Vector/SIMTIndirectLoad.aiv.c310.bc	meta_op.aiv.c310.bc
3	SIMT/IndirectLoad/rank4-rank5.mlir	indirect_load_nonvolatile_4d_bfloat16_t_int32_t	1	SIMT	Vector/SIMTIndirectLoad.aiv.c310.bc	meta_op.aiv.c310.bc
3	SIMT/IndirectLoad/rank4-rank5.mlir	indirect_load_nonvolatile_4d_bfloat16_t_int64_t	1	SIMT	Vector/SIMTIndirectLoad.aiv.c310.bc	meta_op.aiv.c310.bc
3	SIMT/IndirectLoad/rank4-rank5.mlir	indirect_load_nonvolatile_4d_bool_int32_t	1	SIMT	Vector/SIMTIndirectLoad.aiv.c310.bc	meta_op.aiv.c310.bc
3	SIMT/IndirectLoad/rank4-rank5.mlir	indirect_load_nonvolatile_4d_bool_int64_t	1	SIMT	Vector/SIMTIndirectLoad.aiv.c310.bc	meta_op.aiv.c310.bc
3	SIMT/IndirectLoad/rank4-rank5.mlir	indirect_load_nonvolatile_4d_float8_e4m3_t_int32_t	1	SIMT	Vector/SIMTIndirectLoad.aiv.c310.bc	meta_op.aiv.c310.bc
3	SIMT/IndirectLoad/rank4-rank5.mlir	indirect_load_nonvolatile_4d_float8_e4m3_t_int64_t	1	SIMT	Vector/SIMTIndirectLoad.aiv.c310.bc	meta_op.aiv.c310.bc
3	SIMT/IndirectLoad/rank4-rank5.mlir	indirect_load_nonvolatile_4d_float8_e5m2_t_int32_t	1	SIMT	Vector/SIMTIndirectLoad.aiv.c310.bc	meta_op.aiv.c310.bc
3	SIMT/IndirectLoad/rank4-rank5.mlir	indirect_load_nonvolatile_4d_float8_e5m2_t_int64_t	1	SIMT	Vector/SIMTIndirectLoad.aiv.c310.bc	meta_op.aiv.c310.bc
3	SIMT/IndirectLoad/rank4-rank5.mlir	indirect_load_nonvolatile_4d_float_int32_t	1	SIMT	Vector/SIMTIndirectLoad.aiv.c310.bc	meta_op.aiv.c310.bc
3	SIMT/IndirectLoad/rank4-rank5.mlir	indirect_load_nonvolatile_4d_float_int64_t	1	SIMT	Vector/SIMTIndirectLoad.aiv.c310.bc	meta_op.aiv.c310.bc
3	SIMT/IndirectLoad/rank4-rank5.mlir	indirect_load_nonvolatile_4d_half_int32_t	1	SIMT	Vector/SIMTIndirectLoad.aiv.c310.bc	meta_op.aiv.c310.bc
3	SIMT/IndirectLoad/rank4-rank5.mlir	indirect_load_nonvolatile_4d_half_int64_t	1	SIMT	Vector/SIMTIndirectLoad.aiv.c310.bc	meta_op.aiv.c310.bc
3	SIMT/IndirectLoad/rank4-rank5.mlir	indirect_load_nonvolatile_4d_hifloat4x2_t_int32_t	1	SIMT	Vector/SIMTIndirectLoad.aiv.c310.bc	meta_op.aiv.c310.bc
3	SIMT/IndirectLoad/rank4-rank5.mlir	indirect_load_nonvolatile_4d_hifloat4x2_t_int64_t	1	SIMT	Vector/SIMTIndirectLoad.aiv.c310.bc	meta_op.aiv.c310.bc
3	SIMT/IndirectLoad/rank4-rank5.mlir	indirect_load_nonvolatile_4d_hifloat8_t_int32_t	1	SIMT	Vector/SIMTIndirectLoad.aiv.c310.bc	meta_op.aiv.c310.bc
3	SIMT/IndirectLoad/rank4-rank5.mlir	indirect_load_nonvolatile_4d_hifloat8_t_int64_t	1	SIMT	Vector/SIMTIndirectLoad.aiv.c310.bc	meta_op.aiv.c310.bc
3	SIMT/IndirectLoad/rank4-rank5.mlir	indirect_load_nonvolatile_4d_int16_t_int32_t	1	SIMT	Vector/SIMTIndirectLoad.aiv.c310.bc	meta_op.aiv.c310.bc
3	SIMT/IndirectLoad/rank4-rank5.mlir	indirect_load_nonvolatile_4d_int16_t_int64_t	1	SIMT	Vector/SIMTIndirectLoad.aiv.c310.bc	meta_op.aiv.c310.bc
3	SIMT/IndirectLoad/rank4-rank5.mlir	indirect_load_nonvolatile_4d_int32_t_int32_t	1	SIMT	Vector/SIMTIndirectLoad.aiv.c310.bc	meta_op.aiv.c310.bc
3	SIMT/IndirectLoad/rank4-rank5.mlir	indirect_load_nonvolatile_4d_int32_t_int64_t	1	SIMT	Vector/SIMTIndirectLoad.aiv.c310.bc	meta_op.aiv.c310.bc
3	SIMT/IndirectLoad/rank4-rank5.mlir	indirect_load_nonvolatile_4d_int64_t_int32_t	1	SIMT	Vector/SIMTIndirectLoad.aiv.c310.bc	meta_op.aiv.c310.bc
3	SIMT/IndirectLoad/rank4-rank5.mlir	indirect_load_nonvolatile_4d_int64_t_int64_t	1	SIMT	Vector/SIMTIndirectLoad.aiv.c310.bc	meta_op.aiv.c310.bc
3	SIMT/IndirectLoad/rank4-rank5.mlir	indirect_load_nonvolatile_4d_int8_t_int32_t	1	SIMT	Vector/SIMTIndirectLoad.aiv.c310.bc	meta_op.aiv.c310.bc
3	SIMT/IndirectLoad/rank4-rank5.mlir	indirect_load_nonvolatile_4d_int8_t_int64_t	1	SIMT	Vector/SIMTIndirectLoad.aiv.c310.bc	meta_op.aiv.c310.bc
3	SIMT/IndirectLoad/rank4-rank5.mlir	indirect_load_nonvolatile_4d_uint16_t_int32_t	1	SIMT	Vector/SIMTIndirectLoad.aiv.c310.bc	meta_op.aiv.c310.bc
3	SIMT/IndirectLoad/rank4-rank5.mlir	indirect_load_nonvolatile_4d_uint16_t_int64_t	1	SIMT	Vector/SIMTIndirectLoad.aiv.c310.bc	meta_op.aiv.c310.bc
3	SIMT/IndirectLoad/rank4-rank5.mlir	indirect_load_nonvolatile_4d_uint32_t_int32_t	1	SIMT	Vector/SIMTIndirectLoad.aiv.c310.bc	meta_op.aiv.c310.bc
3	SIMT/IndirectLoad/rank4-rank5.mlir	indirect_load_nonvolatile_4d_uint32_t_int64_t	1	SIMT	Vector/SIMTIndirectLoad.aiv.c310.bc	meta_op.aiv.c310.bc
3	SIMT/IndirectLoad/rank4-rank5.mlir	indirect_load_nonvolatile_4d_uint64_t_int32_t	1	SIMT	Vector/SIMTIndirectLoad.aiv.c310.bc	meta_op.aiv.c310.bc
3	SIMT/IndirectLoad/rank4-rank5.mlir	indirect_load_nonvolatile_4d_uint64_t_int64_t	1	SIMT	Vector/SIMTIndirectLoad.aiv.c310.bc	meta_op.aiv.c310.bc
3	SIMT/IndirectLoad/rank4-rank5.mlir	indirect_load_nonvolatile_4d_uint8_t_int32_t	1	SIMT	Vector/SIMTIndirectLoad.aiv.c310.bc	meta_op.aiv.c310.bc
3	SIMT/IndirectLoad/rank4-rank5.mlir	indirect_load_nonvolatile_4d_uint8_t_int64_t	1	SIMT	Vector/SIMTIndirectLoad.aiv.c310.bc	meta_op.aiv.c310.bc
3	SIMT/IndirectLoad/rank4-rank5.mlir	indirect_load_nonvolatile_5d_bfloat16_t_int32_t	1	SIMT	Vector/SIMTIndirectLoad.aiv.c310.bc	meta_op.aiv.c310.bc
3	SIMT/IndirectLoad/rank4-rank5.mlir	indirect_load_nonvolatile_5d_bfloat16_t_int64_t	1	SIMT	Vector/SIMTIndirectLoad.aiv.c310.bc	meta_op.aiv.c310.bc
3	SIMT/IndirectLoad/rank4-rank5.mlir	indirect_load_nonvolatile_5d_bool_int32_t	1	SIMT	Vector/SIMTIndirectLoad.aiv.c310.bc	meta_op.aiv.c310.bc
3	SIMT/IndirectLoad/rank4-rank5.mlir	indirect_load_nonvolatile_5d_bool_int64_t	1	SIMT	Vector/SIMTIndirectLoad.aiv.c310.bc	meta_op.aiv.c310.bc
3	SIMT/IndirectLoad/rank4-rank5.mlir	indirect_load_nonvolatile_5d_float8_e4m3_t_int32_t	1	SIMT	Vector/SIMTIndirectLoad.aiv.c310.bc	meta_op.aiv.c310.bc
3	SIMT/IndirectLoad/rank4-rank5.mlir	indirect_load_nonvolatile_5d_float8_e4m3_t_int64_t	1	SIMT	Vector/SIMTIndirectLoad.aiv.c310.bc	meta_op.aiv.c310.bc
3	SIMT/IndirectLoad/rank4-rank5.mlir	indirect_load_nonvolatile_5d_float8_e5m2_t_int32_t	1	SIMT	Vector/SIMTIndirectLoad.aiv.c310.bc	meta_op.aiv.c310.bc
3	SIMT/IndirectLoad/rank4-rank5.mlir	indirect_load_nonvolatile_5d_float8_e5m2_t_int64_t	1	SIMT	Vector/SIMTIndirectLoad.aiv.c310.bc	meta_op.aiv.c310.bc
3	SIMT/IndirectLoad/rank4-rank5.mlir	indirect_load_nonvolatile_5d_float_int32_t	1	SIMT	Vector/SIMTIndirectLoad.aiv.c310.bc	meta_op.aiv.c310.bc
3	SIMT/IndirectLoad/rank4-rank5.mlir	indirect_load_nonvolatile_5d_float_int64_t	1	SIMT	Vector/SIMTIndirectLoad.aiv.c310.bc	meta_op.aiv.c310.bc
3	SIMT/IndirectLoad/rank4-rank5.mlir	indirect_load_nonvolatile_5d_half_int32_t	1	SIMT	Vector/SIMTIndirectLoad.aiv.c310.bc	meta_op.aiv.c310.bc
3	SIMT/IndirectLoad/rank4-rank5.mlir	indirect_load_nonvolatile_5d_half_int64_t	1	SIMT	Vector/SIMTIndirectLoad.aiv.c310.bc	meta_op.aiv.c310.bc
3	SIMT/IndirectLoad/rank4-rank5.mlir	indirect_load_nonvolatile_5d_hifloat4x2_t_int32_t	1	SIMT	Vector/SIMTIndirectLoad.aiv.c310.bc	meta_op.aiv.c310.bc
3	SIMT/IndirectLoad/rank4-rank5.mlir	indirect_load_nonvolatile_5d_hifloat4x2_t_int64_t	1	SIMT	Vector/SIMTIndirectLoad.aiv.c310.bc	meta_op.aiv.c310.bc
3	SIMT/IndirectLoad/rank4-rank5.mlir	indirect_load_nonvolatile_5d_hifloat8_t_int32_t	1	SIMT	Vector/SIMTIndirectLoad.aiv.c310.bc	meta_op.aiv.c310.bc
3	SIMT/IndirectLoad/rank4-rank5.mlir	indirect_load_nonvolatile_5d_hifloat8_t_int64_t	1	SIMT	Vector/SIMTIndirectLoad.aiv.c310.bc	meta_op.aiv.c310.bc
3	SIMT/IndirectLoad/rank4-rank5.mlir	indirect_load_nonvolatile_5d_int16_t_int32_t	1	SIMT	Vector/SIMTIndirectLoad.aiv.c310.bc	meta_op.aiv.c310.bc
3	SIMT/IndirectLoad/rank4-rank5.mlir	indirect_load_nonvolatile_5d_int16_t_int64_t	1	SIMT	Vector/SIMTIndirectLoad.aiv.c310.bc	meta_op.aiv.c310.bc
3	SIMT/IndirectLoad/rank4-rank5.mlir	indirect_load_nonvolatile_5d_int32_t_int32_t	1	SIMT	Vector/SIMTIndirectLoad.aiv.c310.bc	meta_op.aiv.c310.bc
3	SIMT/IndirectLoad/rank4-rank5.mlir	indirect_load_nonvolatile_5d_int32_t_int64_t	1	SIMT	Vector/SIMTIndirectLoad.aiv.c310.bc	meta_op.aiv.c310.bc
3	SIMT/IndirectLoad/rank4-rank5.mlir	indirect_load_nonvolatile_5d_int64_t_int32_t	1	SIMT	Vector/SIMTIndirectLoad.aiv.c310.bc	meta_op.aiv.c310.bc
3	SIMT/IndirectLoad/rank4-rank5.mlir	indirect_load_nonvolatile_5d_int64_t_int64_t	1	SIMT	Vector/SIMTIndirectLoad.aiv.c310.bc	meta_op.aiv.c310.bc
3	SIMT/IndirectLoad/rank4-rank5.mlir	indirect_load_nonvolatile_5d_int8_t_int32_t	1	SIMT	Vector/SIMTIndirectLoad.aiv.c310.bc	meta_op.aiv.c310.bc
3	SIMT/IndirectLoad/rank4-rank5.mlir	indirect_load_nonvolatile_5d_int8_t_int64_t	1	SIMT	Vector/SIMTIndirectLoad.aiv.c310.bc	meta_op.aiv.c310.bc
3	SIMT/IndirectLoad/rank4-rank5.mlir	indirect_load_nonvolatile_5d_uint16_t_int32_t	1	SIMT	Vector/SIMTIndirectLoad.aiv.c310.bc	meta_op.aiv.c310.bc
3	SIMT/IndirectLoad/rank4-rank5.mlir	indirect_load_nonvolatile_5d_uint16_t_int64_t	1	SIMT	Vector/SIMTIndirectLoad.aiv.c310.bc	meta_op.aiv.c310.bc
3	SIMT/IndirectLoad/rank4-rank5.mlir	indirect_load_nonvolatile_5d_uint32_t_int32_t	1	SIMT	Vector/SIMTIndirectLoad.aiv.c310.bc	meta_op.aiv.c310.bc
3	SIMT/IndirectLoad/rank4-rank5.mlir	indirect_load_nonvolatile_5d_uint32_t_int64_t	1	SIMT	Vector/SIMTIndirectLoad.aiv.c310.bc	meta_op.aiv.c310.bc
3	SIMT/IndirectLoad/rank4-rank5.mlir	indirect_load_nonvolatile_5d_uint64_t_int32_t	1	SIMT	Vector/SIMTIndirectLoad.aiv.c310.bc	meta_op.aiv.c310.bc
3	SIMT/IndirectLoad/rank4-rank5.mlir	indirect_load_nonvolatile_5d_uint64_t_int64_t	1	SIMT	Vector/SIMTIndirectLoad.aiv.c310.bc	meta_op.aiv.c310.bc
3	SIMT/IndirectLoad/rank4-rank5.mlir	indirect_load_nonvolatile_5d_uint8_t_int32_t	1	SIMT	Vector/SIMTIndirectLoad.aiv.c310.bc	meta_op.aiv.c310.bc
3	SIMT/IndirectLoad/rank4-rank5.mlir	indirect_load_nonvolatile_5d_uint8_t_int64_t	1	SIMT	Vector/SIMTIndirectLoad.aiv.c310.bc	meta_op.aiv.c310.bc
3	SIMT/IndirectStore/masked-high-rank.mlir	indirect_store_3d_bfloat16_t_int32_t	1	SIMT	Vector/SIMTIndirectStore.aiv.c310.bc	meta_op.aiv.c310.bc
3	SIMT/IndirectStore/masked-high-rank.mlir	indirect_store_3d_bfloat16_t_int64_t	1	SIMT	Vector/SIMTIndirectStore.aiv.c310.bc	meta_op.aiv.c310.bc
3	SIMT/IndirectStore/masked-high-rank.mlir	indirect_store_3d_bool_int32_t	1	SIMT	Vector/SIMTIndirectStore.aiv.c310.bc	meta_op.aiv.c310.bc
3	SIMT/IndirectStore/masked-high-rank.mlir	indirect_store_3d_bool_int64_t	1	SIMT	Vector/SIMTIndirectStore.aiv.c310.bc	meta_op.aiv.c310.bc
3	SIMT/IndirectStore/masked-high-rank.mlir	indirect_store_3d_float8_e4m3_t_int32_t	1	SIMT	Vector/SIMTIndirectStore.aiv.c310.bc	meta_op.aiv.c310.bc
3	SIMT/IndirectStore/masked-high-rank.mlir	indirect_store_3d_float8_e4m3_t_int64_t	1	SIMT	Vector/SIMTIndirectStore.aiv.c310.bc	meta_op.aiv.c310.bc
3	SIMT/IndirectStore/masked-high-rank.mlir	indirect_store_3d_float8_e5m2_t_int32_t	1	SIMT	Vector/SIMTIndirectStore.aiv.c310.bc	meta_op.aiv.c310.bc
3	SIMT/IndirectStore/masked-high-rank.mlir	indirect_store_3d_float8_e5m2_t_int64_t	1	SIMT	Vector/SIMTIndirectStore.aiv.c310.bc	meta_op.aiv.c310.bc
3	SIMT/IndirectStore/masked-high-rank.mlir	indirect_store_3d_float_int32_t	1	SIMT	Vector/SIMTIndirectStore.aiv.c310.bc	meta_op.aiv.c310.bc
3	SIMT/IndirectStore/masked-high-rank.mlir	indirect_store_3d_float_int64_t	1	SIMT	Vector/SIMTIndirectStore.aiv.c310.bc	meta_op.aiv.c310.bc
3	SIMT/IndirectStore/masked-high-rank.mlir	indirect_store_3d_half_int32_t	1	SIMT	Vector/SIMTIndirectStore.aiv.c310.bc	meta_op.aiv.c310.bc
3	SIMT/IndirectStore/masked-high-rank.mlir	indirect_store_3d_half_int64_t	1	SIMT	Vector/SIMTIndirectStore.aiv.c310.bc	meta_op.aiv.c310.bc
3	SIMT/IndirectStore/masked-high-rank.mlir	indirect_store_3d_hifloat4x2_t_int32_t	1	SIMT	Vector/SIMTIndirectStore.aiv.c310.bc	meta_op.aiv.c310.bc
3	SIMT/IndirectStore/masked-high-rank.mlir	indirect_store_3d_hifloat4x2_t_int64_t	1	SIMT	Vector/SIMTIndirectStore.aiv.c310.bc	meta_op.aiv.c310.bc
3	SIMT/IndirectStore/masked-high-rank.mlir	indirect_store_3d_hifloat8_t_int32_t	1	SIMT	Vector/SIMTIndirectStore.aiv.c310.bc	meta_op.aiv.c310.bc
3	SIMT/IndirectStore/masked-high-rank.mlir	indirect_store_3d_hifloat8_t_int64_t	1	SIMT	Vector/SIMTIndirectStore.aiv.c310.bc	meta_op.aiv.c310.bc
3	SIMT/IndirectStore/masked-high-rank.mlir	indirect_store_3d_int16_t_int32_t	1	SIMT	Vector/SIMTIndirectStore.aiv.c310.bc	meta_op.aiv.c310.bc
3	SIMT/IndirectStore/masked-high-rank.mlir	indirect_store_3d_int16_t_int64_t	1	SIMT	Vector/SIMTIndirectStore.aiv.c310.bc	meta_op.aiv.c310.bc
3	SIMT/IndirectStore/masked-high-rank.mlir	indirect_store_3d_int32_t_int32_t	1	SIMT	Vector/SIMTIndirectStore.aiv.c310.bc	meta_op.aiv.c310.bc
3	SIMT/IndirectStore/masked-high-rank.mlir	indirect_store_3d_int32_t_int64_t	1	SIMT	Vector/SIMTIndirectStore.aiv.c310.bc	meta_op.aiv.c310.bc
3	SIMT/IndirectStore/masked-high-rank.mlir	indirect_store_3d_int64_t_int32_t	1	SIMT	Vector/SIMTIndirectStore.aiv.c310.bc	meta_op.aiv.c310.bc
3	SIMT/IndirectStore/masked-high-rank.mlir	indirect_store_3d_int64_t_int64_t	1	SIMT	Vector/SIMTIndirectStore.aiv.c310.bc	meta_op.aiv.c310.bc
3	SIMT/IndirectStore/masked-high-rank.mlir	indirect_store_3d_int8_t_int32_t	1	SIMT	Vector/SIMTIndirectStore.aiv.c310.bc	meta_op.aiv.c310.bc
3	SIMT/IndirectStore/masked-high-rank.mlir	indirect_store_3d_int8_t_int64_t	1	SIMT	Vector/SIMTIndirectStore.aiv.c310.bc	meta_op.aiv.c310.bc
3	SIMT/IndirectStore/masked-high-rank.mlir	indirect_store_3d_uint16_t_int32_t	1	SIMT	Vector/SIMTIndirectStore.aiv.c310.bc	meta_op.aiv.c310.bc
3	SIMT/IndirectStore/masked-high-rank.mlir	indirect_store_3d_uint16_t_int64_t	1	SIMT	Vector/SIMTIndirectStore.aiv.c310.bc	meta_op.aiv.c310.bc
3	SIMT/IndirectStore/masked-high-rank.mlir	indirect_store_3d_uint32_t_int32_t	1	SIMT	Vector/SIMTIndirectStore.aiv.c310.bc	meta_op.aiv.c310.bc
3	SIMT/IndirectStore/masked-high-rank.mlir	indirect_store_3d_uint32_t_int64_t	1	SIMT	Vector/SIMTIndirectStore.aiv.c310.bc	meta_op.aiv.c310.bc
3	SIMT/IndirectStore/masked-high-rank.mlir	indirect_store_3d_uint64_t_int32_t	1	SIMT	Vector/SIMTIndirectStore.aiv.c310.bc	meta_op.aiv.c310.bc
3	SIMT/IndirectStore/masked-high-rank.mlir	indirect_store_3d_uint64_t_int64_t	1	SIMT	Vector/SIMTIndirectStore.aiv.c310.bc	meta_op.aiv.c310.bc
3	SIMT/IndirectStore/masked-high-rank.mlir	indirect_store_3d_uint8_t_int32_t	1	SIMT	Vector/SIMTIndirectStore.aiv.c310.bc	meta_op.aiv.c310.bc
3	SIMT/IndirectStore/masked-high-rank.mlir	indirect_store_3d_uint8_t_int64_t	1	SIMT	Vector/SIMTIndirectStore.aiv.c310.bc	meta_op.aiv.c310.bc
3	SIMT/IndirectStore/masked-high-rank.mlir	indirect_store_4d_bfloat16_t_int32_t	1	SIMT	Vector/SIMTIndirectStore.aiv.c310.bc	meta_op.aiv.c310.bc
3	SIMT/IndirectStore/masked-high-rank.mlir	indirect_store_4d_bfloat16_t_int64_t	1	SIMT	Vector/SIMTIndirectStore.aiv.c310.bc	meta_op.aiv.c310.bc
3	SIMT/IndirectStore/masked-high-rank.mlir	indirect_store_4d_bool_int32_t	1	SIMT	Vector/SIMTIndirectStore.aiv.c310.bc	meta_op.aiv.c310.bc
3	SIMT/IndirectStore/masked-high-rank.mlir	indirect_store_4d_bool_int64_t	1	SIMT	Vector/SIMTIndirectStore.aiv.c310.bc	meta_op.aiv.c310.bc
3	SIMT/IndirectStore/masked-high-rank.mlir	indirect_store_4d_float8_e4m3_t_int32_t	1	SIMT	Vector/SIMTIndirectStore.aiv.c310.bc	meta_op.aiv.c310.bc
3	SIMT/IndirectStore/masked-high-rank.mlir	indirect_store_4d_float8_e4m3_t_int64_t	1	SIMT	Vector/SIMTIndirectStore.aiv.c310.bc	meta_op.aiv.c310.bc
3	SIMT/IndirectStore/masked-high-rank.mlir	indirect_store_4d_float8_e5m2_t_int32_t	1	SIMT	Vector/SIMTIndirectStore.aiv.c310.bc	meta_op.aiv.c310.bc
3	SIMT/IndirectStore/masked-high-rank.mlir	indirect_store_4d_float8_e5m2_t_int64_t	1	SIMT	Vector/SIMTIndirectStore.aiv.c310.bc	meta_op.aiv.c310.bc
3	SIMT/IndirectStore/masked-high-rank.mlir	indirect_store_4d_float_int32_t	1	SIMT	Vector/SIMTIndirectStore.aiv.c310.bc	meta_op.aiv.c310.bc
3	SIMT/IndirectStore/masked-high-rank.mlir	indirect_store_4d_float_int64_t	1	SIMT	Vector/SIMTIndirectStore.aiv.c310.bc	meta_op.aiv.c310.bc
3	SIMT/IndirectStore/masked-high-rank.mlir	indirect_store_4d_half_int32_t	1	SIMT	Vector/SIMTIndirectStore.aiv.c310.bc	meta_op.aiv.c310.bc
3	SIMT/IndirectStore/masked-high-rank.mlir	indirect_store_4d_half_int64_t	1	SIMT	Vector/SIMTIndirectStore.aiv.c310.bc	meta_op.aiv.c310.bc
3	SIMT/IndirectStore/masked-high-rank.mlir	indirect_store_4d_hifloat4x2_t_int32_t	1	SIMT	Vector/SIMTIndirectStore.aiv.c310.bc	meta_op.aiv.c310.bc
3	SIMT/IndirectStore/masked-high-rank.mlir	indirect_store_4d_hifloat4x2_t_int64_t	1	SIMT	Vector/SIMTIndirectStore.aiv.c310.bc	meta_op.aiv.c310.bc
3	SIMT/IndirectStore/masked-high-rank.mlir	indirect_store_4d_hifloat8_t_int32_t	1	SIMT	Vector/SIMTIndirectStore.aiv.c310.bc	meta_op.aiv.c310.bc
3	SIMT/IndirectStore/masked-high-rank.mlir	indirect_store_4d_hifloat8_t_int64_t	1	SIMT	Vector/SIMTIndirectStore.aiv.c310.bc	meta_op.aiv.c310.bc
3	SIMT/IndirectStore/masked-high-rank.mlir	indirect_store_4d_int16_t_int32_t	1	SIMT	Vector/SIMTIndirectStore.aiv.c310.bc	meta_op.aiv.c310.bc
3	SIMT/IndirectStore/masked-high-rank.mlir	indirect_store_4d_int16_t_int64_t	1	SIMT	Vector/SIMTIndirectStore.aiv.c310.bc	meta_op.aiv.c310.bc
3	SIMT/IndirectStore/masked-high-rank.mlir	indirect_store_4d_int32_t_int32_t	1	SIMT	Vector/SIMTIndirectStore.aiv.c310.bc	meta_op.aiv.c310.bc
3	SIMT/IndirectStore/masked-high-rank.mlir	indirect_store_4d_int32_t_int64_t	1	SIMT	Vector/SIMTIndirectStore.aiv.c310.bc	meta_op.aiv.c310.bc
3	SIMT/IndirectStore/masked-high-rank.mlir	indirect_store_4d_int64_t_int32_t	1	SIMT	Vector/SIMTIndirectStore.aiv.c310.bc	meta_op.aiv.c310.bc
3	SIMT/IndirectStore/masked-high-rank.mlir	indirect_store_4d_int64_t_int64_t	1	SIMT	Vector/SIMTIndirectStore.aiv.c310.bc	meta_op.aiv.c310.bc
3	SIMT/IndirectStore/masked-high-rank.mlir	indirect_store_4d_int8_t_int32_t	1	SIMT	Vector/SIMTIndirectStore.aiv.c310.bc	meta_op.aiv.c310.bc
3	SIMT/IndirectStore/masked-high-rank.mlir	indirect_store_4d_int8_t_int64_t	1	SIMT	Vector/SIMTIndirectStore.aiv.c310.bc	meta_op.aiv.c310.bc
3	SIMT/IndirectStore/masked-high-rank.mlir	indirect_store_4d_uint16_t_int32_t	1	SIMT	Vector/SIMTIndirectStore.aiv.c310.bc	meta_op.aiv.c310.bc
3	SIMT/IndirectStore/masked-high-rank.mlir	indirect_store_4d_uint16_t_int64_t	1	SIMT	Vector/SIMTIndirectStore.aiv.c310.bc	meta_op.aiv.c310.bc
3	SIMT/IndirectStore/masked-high-rank.mlir	indirect_store_4d_uint32_t_int32_t	1	SIMT	Vector/SIMTIndirectStore.aiv.c310.bc	meta_op.aiv.c310.bc
3	SIMT/IndirectStore/masked-high-rank.mlir	indirect_store_4d_uint32_t_int64_t	1	SIMT	Vector/SIMTIndirectStore.aiv.c310.bc	meta_op.aiv.c310.bc
3	SIMT/IndirectStore/masked-high-rank.mlir	indirect_store_4d_uint64_t_int32_t	1	SIMT	Vector/SIMTIndirectStore.aiv.c310.bc	meta_op.aiv.c310.bc
3	SIMT/IndirectStore/masked-high-rank.mlir	indirect_store_4d_uint64_t_int64_t	1	SIMT	Vector/SIMTIndirectStore.aiv.c310.bc	meta_op.aiv.c310.bc
3	SIMT/IndirectStore/masked-high-rank.mlir	indirect_store_4d_uint8_t_int32_t	1	SIMT	Vector/SIMTIndirectStore.aiv.c310.bc	meta_op.aiv.c310.bc
3	SIMT/IndirectStore/masked-high-rank.mlir	indirect_store_4d_uint8_t_int64_t	1	SIMT	Vector/SIMTIndirectStore.aiv.c310.bc	meta_op.aiv.c310.bc
3	SIMT/IndirectStore/masked-high-rank.mlir	indirect_store_5d_bfloat16_t_int32_t	1	SIMT	Vector/SIMTIndirectStore.aiv.c310.bc	meta_op.aiv.c310.bc
3	SIMT/IndirectStore/masked-high-rank.mlir	indirect_store_5d_bfloat16_t_int64_t	1	SIMT	Vector/SIMTIndirectStore.aiv.c310.bc	meta_op.aiv.c310.bc
3	SIMT/IndirectStore/masked-high-rank.mlir	indirect_store_5d_bool_int32_t	1	SIMT	Vector/SIMTIndirectStore.aiv.c310.bc	meta_op.aiv.c310.bc
3	SIMT/IndirectStore/masked-high-rank.mlir	indirect_store_5d_bool_int64_t	1	SIMT	Vector/SIMTIndirectStore.aiv.c310.bc	meta_op.aiv.c310.bc
3	SIMT/IndirectStore/masked-high-rank.mlir	indirect_store_5d_float8_e4m3_t_int32_t	1	SIMT	Vector/SIMTIndirectStore.aiv.c310.bc	meta_op.aiv.c310.bc
3	SIMT/IndirectStore/masked-high-rank.mlir	indirect_store_5d_float8_e4m3_t_int64_t	1	SIMT	Vector/SIMTIndirectStore.aiv.c310.bc	meta_op.aiv.c310.bc
3	SIMT/IndirectStore/masked-high-rank.mlir	indirect_store_5d_float8_e5m2_t_int32_t	1	SIMT	Vector/SIMTIndirectStore.aiv.c310.bc	meta_op.aiv.c310.bc
3	SIMT/IndirectStore/masked-high-rank.mlir	indirect_store_5d_float8_e5m2_t_int64_t	1	SIMT	Vector/SIMTIndirectStore.aiv.c310.bc	meta_op.aiv.c310.bc
3	SIMT/IndirectStore/masked-high-rank.mlir	indirect_store_5d_float_int32_t	1	SIMT	Vector/SIMTIndirectStore.aiv.c310.bc	meta_op.aiv.c310.bc
3	SIMT/IndirectStore/masked-high-rank.mlir	indirect_store_5d_float_int64_t	1	SIMT	Vector/SIMTIndirectStore.aiv.c310.bc	meta_op.aiv.c310.bc
3	SIMT/IndirectStore/masked-high-rank.mlir	indirect_store_5d_half_int32_t	1	SIMT	Vector/SIMTIndirectStore.aiv.c310.bc	meta_op.aiv.c310.bc
3	SIMT/IndirectStore/masked-high-rank.mlir	indirect_store_5d_half_int64_t	1	SIMT	Vector/SIMTIndirectStore.aiv.c310.bc	meta_op.aiv.c310.bc
3	SIMT/IndirectStore/masked-high-rank.mlir	indirect_store_5d_hifloat4x2_t_int32_t	1	SIMT	Vector/SIMTIndirectStore.aiv.c310.bc	meta_op.aiv.c310.bc
3	SIMT/IndirectStore/masked-high-rank.mlir	indirect_store_5d_hifloat4x2_t_int64_t	1	SIMT	Vector/SIMTIndirectStore.aiv.c310.bc	meta_op.aiv.c310.bc
3	SIMT/IndirectStore/masked-high-rank.mlir	indirect_store_5d_hifloat8_t_int32_t	1	SIMT	Vector/SIMTIndirectStore.aiv.c310.bc	meta_op.aiv.c310.bc
3	SIMT/IndirectStore/masked-high-rank.mlir	indirect_store_5d_hifloat8_t_int64_t	1	SIMT	Vector/SIMTIndirectStore.aiv.c310.bc	meta_op.aiv.c310.bc
3	SIMT/IndirectStore/masked-high-rank.mlir	indirect_store_5d_int16_t_int32_t	1	SIMT	Vector/SIMTIndirectStore.aiv.c310.bc	meta_op.aiv.c310.bc
3	SIMT/IndirectStore/masked-high-rank.mlir	indirect_store_5d_int16_t_int64_t	1	SIMT	Vector/SIMTIndirectStore.aiv.c310.bc	meta_op.aiv.c310.bc
3	SIMT/IndirectStore/masked-high-rank.mlir	indirect_store_5d_int32_t_int32_t	1	SIMT	Vector/SIMTIndirectStore.aiv.c310.bc	meta_op.aiv.c310.bc
3	SIMT/IndirectStore/masked-high-rank.mlir	indirect_store_5d_int32_t_int64_t	1	SIMT	Vector/SIMTIndirectStore.aiv.c310.bc	meta_op.aiv.c310.bc
3	SIMT/IndirectStore/masked-high-rank.mlir	indirect_store_5d_int64_t_int32_t	1	SIMT	Vector/SIMTIndirectStore.aiv.c310.bc	meta_op.aiv.c310.bc
3	SIMT/IndirectStore/masked-high-rank.mlir	indirect_store_5d_int64_t_int64_t	1	SIMT	Vector/SIMTIndirectStore.aiv.c310.bc	meta_op.aiv.c310.bc
3	SIMT/IndirectStore/masked-high-rank.mlir	indirect_store_5d_int8_t_int32_t	1	SIMT	Vector/SIMTIndirectStore.aiv.c310.bc	meta_op.aiv.c310.bc
3	SIMT/IndirectStore/masked-high-rank.mlir	indirect_store_5d_int8_t_int64_t	1	SIMT	Vector/SIMTIndirectStore.aiv.c310.bc	meta_op.aiv.c310.bc
3	SIMT/IndirectStore/masked-high-rank.mlir	indirect_store_5d_uint16_t_int32_t	1	SIMT	Vector/SIMTIndirectStore.aiv.c310.bc	meta_op.aiv.c310.bc
3	SIMT/IndirectStore/masked-high-rank.mlir	indirect_store_5d_uint16_t_int64_t	1	SIMT	Vector/SIMTIndirectStore.aiv.c310.bc	meta_op.aiv.c310.bc
3	SIMT/IndirectStore/masked-high-rank.mlir	indirect_store_5d_uint32_t_int32_t	1	SIMT	Vector/SIMTIndirectStore.aiv.c310.bc	meta_op.aiv.c310.bc
3	SIMT/IndirectStore/masked-high-rank.mlir	indirect_store_5d_uint32_t_int64_t	1	SIMT	Vector/SIMTIndirectStore.aiv.c310.bc	meta_op.aiv.c310.bc
3	SIMT/IndirectStore/masked-high-rank.mlir	indirect_store_5d_uint64_t_int32_t	1	SIMT	Vector/SIMTIndirectStore.aiv.c310.bc	meta_op.aiv.c310.bc
3	SIMT/IndirectStore/masked-high-rank.mlir	indirect_store_5d_uint64_t_int64_t	1	SIMT	Vector/SIMTIndirectStore.aiv.c310.bc	meta_op.aiv.c310.bc
3	SIMT/IndirectStore/masked-high-rank.mlir	indirect_store_5d_uint8_t_int32_t	1	SIMT	Vector/SIMTIndirectStore.aiv.c310.bc	meta_op.aiv.c310.bc
3	SIMT/IndirectStore/masked-high-rank.mlir	indirect_store_5d_uint8_t_int64_t	1	SIMT	Vector/SIMTIndirectStore.aiv.c310.bc	meta_op.aiv.c310.bc
3	SIMT/IndirectStore/masked-low-rank.mlir	indirect_store_1d_bfloat16_t_int32_t	1	SIMT	Vector/SIMTIndirectStore.aiv.c310.bc	meta_op.aiv.c310.bc
3	SIMT/IndirectStore/masked-low-rank.mlir	indirect_store_1d_bfloat16_t_int64_t	1	SIMT	Vector/SIMTIndirectStore.aiv.c310.bc	meta_op.aiv.c310.bc
3	SIMT/IndirectStore/masked-low-rank.mlir	indirect_store_1d_bool_int32_t	1	SIMT	Vector/SIMTIndirectStore.aiv.c310.bc	meta_op.aiv.c310.bc
3	SIMT/IndirectStore/masked-low-rank.mlir	indirect_store_1d_bool_int64_t	1	SIMT	Vector/SIMTIndirectStore.aiv.c310.bc	meta_op.aiv.c310.bc
3	SIMT/IndirectStore/masked-low-rank.mlir	indirect_store_1d_float8_e4m3_t_int32_t	1	SIMT	Vector/SIMTIndirectStore.aiv.c310.bc	meta_op.aiv.c310.bc
3	SIMT/IndirectStore/masked-low-rank.mlir	indirect_store_1d_float8_e4m3_t_int64_t	1	SIMT	Vector/SIMTIndirectStore.aiv.c310.bc	meta_op.aiv.c310.bc
3	SIMT/IndirectStore/masked-low-rank.mlir	indirect_store_1d_float8_e5m2_t_int32_t	1	SIMT	Vector/SIMTIndirectStore.aiv.c310.bc	meta_op.aiv.c310.bc
3	SIMT/IndirectStore/masked-low-rank.mlir	indirect_store_1d_float8_e5m2_t_int64_t	1	SIMT	Vector/SIMTIndirectStore.aiv.c310.bc	meta_op.aiv.c310.bc
3	SIMT/IndirectStore/masked-low-rank.mlir	indirect_store_1d_float_int32_t	1	SIMT	Vector/SIMTIndirectStore.aiv.c310.bc	meta_op.aiv.c310.bc
3	SIMT/IndirectStore/masked-low-rank.mlir	indirect_store_1d_float_int64_t	1	SIMT	Vector/SIMTIndirectStore.aiv.c310.bc	meta_op.aiv.c310.bc
3	SIMT/IndirectStore/masked-low-rank.mlir	indirect_store_1d_half_int32_t	1	SIMT	Vector/SIMTIndirectStore.aiv.c310.bc	meta_op.aiv.c310.bc
3	SIMT/IndirectStore/masked-low-rank.mlir	indirect_store_1d_half_int64_t	1	SIMT	Vector/SIMTIndirectStore.aiv.c310.bc	meta_op.aiv.c310.bc
3	SIMT/IndirectStore/masked-low-rank.mlir	indirect_store_1d_hifloat4x2_t_int32_t	1	SIMT	Vector/SIMTIndirectStore.aiv.c310.bc	meta_op.aiv.c310.bc
3	SIMT/IndirectStore/masked-low-rank.mlir	indirect_store_1d_hifloat4x2_t_int64_t	1	SIMT	Vector/SIMTIndirectStore.aiv.c310.bc	meta_op.aiv.c310.bc
3	SIMT/IndirectStore/masked-low-rank.mlir	indirect_store_1d_hifloat8_t_int32_t	1	SIMT	Vector/SIMTIndirectStore.aiv.c310.bc	meta_op.aiv.c310.bc
3	SIMT/IndirectStore/masked-low-rank.mlir	indirect_store_1d_hifloat8_t_int64_t	1	SIMT	Vector/SIMTIndirectStore.aiv.c310.bc	meta_op.aiv.c310.bc
3	SIMT/IndirectStore/masked-low-rank.mlir	indirect_store_1d_int16_t_int32_t	1	SIMT	Vector/SIMTIndirectStore.aiv.c310.bc	meta_op.aiv.c310.bc
3	SIMT/IndirectStore/masked-low-rank.mlir	indirect_store_1d_int16_t_int64_t	1	SIMT	Vector/SIMTIndirectStore.aiv.c310.bc	meta_op.aiv.c310.bc
3	SIMT/IndirectStore/masked-low-rank.mlir	indirect_store_1d_int32_t_int32_t	1	SIMT	Vector/SIMTIndirectStore.aiv.c310.bc	meta_op.aiv.c310.bc
3	SIMT/IndirectStore/masked-low-rank.mlir	indirect_store_1d_int32_t_int64_t	1	SIMT	Vector/SIMTIndirectStore.aiv.c310.bc	meta_op.aiv.c310.bc
3	SIMT/IndirectStore/masked-low-rank.mlir	indirect_store_1d_int64_t_int32_t	1	SIMT	Vector/SIMTIndirectStore.aiv.c310.bc	meta_op.aiv.c310.bc
3	SIMT/IndirectStore/masked-low-rank.mlir	indirect_store_1d_int64_t_int64_t	1	SIMT	Vector/SIMTIndirectStore.aiv.c310.bc	meta_op.aiv.c310.bc
3	SIMT/IndirectStore/masked-low-rank.mlir	indirect_store_1d_int8_t_int32_t	1	SIMT	Vector/SIMTIndirectStore.aiv.c310.bc	meta_op.aiv.c310.bc
3	SIMT/IndirectStore/masked-low-rank.mlir	indirect_store_1d_int8_t_int64_t	1	SIMT	Vector/SIMTIndirectStore.aiv.c310.bc	meta_op.aiv.c310.bc
3	SIMT/IndirectStore/masked-low-rank.mlir	indirect_store_1d_uint16_t_int32_t	1	SIMT	Vector/SIMTIndirectStore.aiv.c310.bc	meta_op.aiv.c310.bc
3	SIMT/IndirectStore/masked-low-rank.mlir	indirect_store_1d_uint16_t_int64_t	1	SIMT	Vector/SIMTIndirectStore.aiv.c310.bc	meta_op.aiv.c310.bc
3	SIMT/IndirectStore/masked-low-rank.mlir	indirect_store_1d_uint32_t_int32_t	1	SIMT	Vector/SIMTIndirectStore.aiv.c310.bc	meta_op.aiv.c310.bc
3	SIMT/IndirectStore/masked-low-rank.mlir	indirect_store_1d_uint32_t_int64_t	1	SIMT	Vector/SIMTIndirectStore.aiv.c310.bc	meta_op.aiv.c310.bc
3	SIMT/IndirectStore/masked-low-rank.mlir	indirect_store_1d_uint64_t_int32_t	1	SIMT	Vector/SIMTIndirectStore.aiv.c310.bc	meta_op.aiv.c310.bc
3	SIMT/IndirectStore/masked-low-rank.mlir	indirect_store_1d_uint64_t_int64_t	1	SIMT	Vector/SIMTIndirectStore.aiv.c310.bc	meta_op.aiv.c310.bc
3	SIMT/IndirectStore/masked-low-rank.mlir	indirect_store_1d_uint8_t_int32_t	1	SIMT	Vector/SIMTIndirectStore.aiv.c310.bc	meta_op.aiv.c310.bc
3	SIMT/IndirectStore/masked-low-rank.mlir	indirect_store_1d_uint8_t_int64_t	1	SIMT	Vector/SIMTIndirectStore.aiv.c310.bc	meta_op.aiv.c310.bc
3	SIMT/IndirectStore/masked-low-rank.mlir	indirect_store_2d_bfloat16_t_int32_t	1	SIMT	Vector/SIMTIndirectStore.aiv.c310.bc	meta_op.aiv.c310.bc
3	SIMT/IndirectStore/masked-low-rank.mlir	indirect_store_2d_bfloat16_t_int64_t	1	SIMT	Vector/SIMTIndirectStore.aiv.c310.bc	meta_op.aiv.c310.bc
3	SIMT/IndirectStore/masked-low-rank.mlir	indirect_store_2d_bool_int32_t	1	SIMT	Vector/SIMTIndirectStore.aiv.c310.bc	meta_op.aiv.c310.bc
3	SIMT/IndirectStore/masked-low-rank.mlir	indirect_store_2d_bool_int64_t	1	SIMT	Vector/SIMTIndirectStore.aiv.c310.bc	meta_op.aiv.c310.bc
3	SIMT/IndirectStore/masked-low-rank.mlir	indirect_store_2d_float8_e4m3_t_int32_t	1	SIMT	Vector/SIMTIndirectStore.aiv.c310.bc	meta_op.aiv.c310.bc
3	SIMT/IndirectStore/masked-low-rank.mlir	indirect_store_2d_float8_e4m3_t_int64_t	1	SIMT	Vector/SIMTIndirectStore.aiv.c310.bc	meta_op.aiv.c310.bc
3	SIMT/IndirectStore/masked-low-rank.mlir	indirect_store_2d_float8_e5m2_t_int32_t	1	SIMT	Vector/SIMTIndirectStore.aiv.c310.bc	meta_op.aiv.c310.bc
3	SIMT/IndirectStore/masked-low-rank.mlir	indirect_store_2d_float8_e5m2_t_int64_t	1	SIMT	Vector/SIMTIndirectStore.aiv.c310.bc	meta_op.aiv.c310.bc
3	SIMT/IndirectStore/masked-low-rank.mlir	indirect_store_2d_float_int32_t	1	SIMT	Vector/SIMTIndirectStore.aiv.c310.bc	meta_op.aiv.c310.bc
3	SIMT/IndirectStore/masked-low-rank.mlir	indirect_store_2d_float_int64_t	1	SIMT	Vector/SIMTIndirectStore.aiv.c310.bc	meta_op.aiv.c310.bc
3	SIMT/IndirectStore/masked-low-rank.mlir	indirect_store_2d_half_int32_t	1	SIMT	Vector/SIMTIndirectStore.aiv.c310.bc	meta_op.aiv.c310.bc
3	SIMT/IndirectStore/masked-low-rank.mlir	indirect_store_2d_half_int64_t	1	SIMT	Vector/SIMTIndirectStore.aiv.c310.bc	meta_op.aiv.c310.bc
3	SIMT/IndirectStore/masked-low-rank.mlir	indirect_store_2d_hifloat4x2_t_int32_t	1	SIMT	Vector/SIMTIndirectStore.aiv.c310.bc	meta_op.aiv.c310.bc
3	SIMT/IndirectStore/masked-low-rank.mlir	indirect_store_2d_hifloat4x2_t_int64_t	1	SIMT	Vector/SIMTIndirectStore.aiv.c310.bc	meta_op.aiv.c310.bc
3	SIMT/IndirectStore/masked-low-rank.mlir	indirect_store_2d_hifloat8_t_int32_t	1	SIMT	Vector/SIMTIndirectStore.aiv.c310.bc	meta_op.aiv.c310.bc
3	SIMT/IndirectStore/masked-low-rank.mlir	indirect_store_2d_hifloat8_t_int64_t	1	SIMT	Vector/SIMTIndirectStore.aiv.c310.bc	meta_op.aiv.c310.bc
3	SIMT/IndirectStore/masked-low-rank.mlir	indirect_store_2d_int16_t_int32_t	1	SIMT	Vector/SIMTIndirectStore.aiv.c310.bc	meta_op.aiv.c310.bc
3	SIMT/IndirectStore/masked-low-rank.mlir	indirect_store_2d_int16_t_int64_t	1	SIMT	Vector/SIMTIndirectStore.aiv.c310.bc	meta_op.aiv.c310.bc
3	SIMT/IndirectStore/masked-low-rank.mlir	indirect_store_2d_int32_t_int32_t	1	SIMT	Vector/SIMTIndirectStore.aiv.c310.bc	meta_op.aiv.c310.bc
3	SIMT/IndirectStore/masked-low-rank.mlir	indirect_store_2d_int32_t_int64_t	1	SIMT	Vector/SIMTIndirectStore.aiv.c310.bc	meta_op.aiv.c310.bc
3	SIMT/IndirectStore/masked-low-rank.mlir	indirect_store_2d_int64_t_int32_t	1	SIMT	Vector/SIMTIndirectStore.aiv.c310.bc	meta_op.aiv.c310.bc
3	SIMT/IndirectStore/masked-low-rank.mlir	indirect_store_2d_int64_t_int64_t	1	SIMT	Vector/SIMTIndirectStore.aiv.c310.bc	meta_op.aiv.c310.bc
3	SIMT/IndirectStore/masked-low-rank.mlir	indirect_store_2d_int8_t_int32_t	1	SIMT	Vector/SIMTIndirectStore.aiv.c310.bc	meta_op.aiv.c310.bc
3	SIMT/IndirectStore/masked-low-rank.mlir	indirect_store_2d_int8_t_int64_t	1	SIMT	Vector/SIMTIndirectStore.aiv.c310.bc	meta_op.aiv.c310.bc
3	SIMT/IndirectStore/masked-low-rank.mlir	indirect_store_2d_uint16_t_int32_t	1	SIMT	Vector/SIMTIndirectStore.aiv.c310.bc	meta_op.aiv.c310.bc
3	SIMT/IndirectStore/masked-low-rank.mlir	indirect_store_2d_uint16_t_int64_t	1	SIMT	Vector/SIMTIndirectStore.aiv.c310.bc	meta_op.aiv.c310.bc
3	SIMT/IndirectStore/masked-low-rank.mlir	indirect_store_2d_uint32_t_int32_t	1	SIMT	Vector/SIMTIndirectStore.aiv.c310.bc	meta_op.aiv.c310.bc
3	SIMT/IndirectStore/masked-low-rank.mlir	indirect_store_2d_uint32_t_int64_t	1	SIMT	Vector/SIMTIndirectStore.aiv.c310.bc	meta_op.aiv.c310.bc
3	SIMT/IndirectStore/masked-low-rank.mlir	indirect_store_2d_uint64_t_int32_t	1	SIMT	Vector/SIMTIndirectStore.aiv.c310.bc	meta_op.aiv.c310.bc
3	SIMT/IndirectStore/masked-low-rank.mlir	indirect_store_2d_uint64_t_int64_t	1	SIMT	Vector/SIMTIndirectStore.aiv.c310.bc	meta_op.aiv.c310.bc
3	SIMT/IndirectStore/masked-low-rank.mlir	indirect_store_2d_uint8_t_int32_t	1	SIMT	Vector/SIMTIndirectStore.aiv.c310.bc	meta_op.aiv.c310.bc
3	SIMT/IndirectStore/masked-low-rank.mlir	indirect_store_2d_uint8_t_int64_t	1	SIMT	Vector/SIMTIndirectStore.aiv.c310.bc	meta_op.aiv.c310.bc
3	SIMT/IndirectStore/unmasked-high-rank.mlir	indirect_store_no_mask_3d_bfloat16_t_int32_t	1	SIMT	Vector/SIMTIndirectStore.aiv.c310.bc	meta_op.aiv.c310.bc
3	SIMT/IndirectStore/unmasked-high-rank.mlir	indirect_store_no_mask_3d_bfloat16_t_int64_t	1	SIMT	Vector/SIMTIndirectStore.aiv.c310.bc	meta_op.aiv.c310.bc
3	SIMT/IndirectStore/unmasked-high-rank.mlir	indirect_store_no_mask_3d_bool_int32_t	1	SIMT	Vector/SIMTIndirectStore.aiv.c310.bc	meta_op.aiv.c310.bc
3	SIMT/IndirectStore/unmasked-high-rank.mlir	indirect_store_no_mask_3d_bool_int64_t	1	SIMT	Vector/SIMTIndirectStore.aiv.c310.bc	meta_op.aiv.c310.bc
3	SIMT/IndirectStore/unmasked-high-rank.mlir	indirect_store_no_mask_3d_float8_e4m3_t_int32_t	1	SIMT	Vector/SIMTIndirectStore.aiv.c310.bc	meta_op.aiv.c310.bc
3	SIMT/IndirectStore/unmasked-high-rank.mlir	indirect_store_no_mask_3d_float8_e4m3_t_int64_t	1	SIMT	Vector/SIMTIndirectStore.aiv.c310.bc	meta_op.aiv.c310.bc
3	SIMT/IndirectStore/unmasked-high-rank.mlir	indirect_store_no_mask_3d_float8_e5m2_t_int32_t	1	SIMT	Vector/SIMTIndirectStore.aiv.c310.bc	meta_op.aiv.c310.bc
3	SIMT/IndirectStore/unmasked-high-rank.mlir	indirect_store_no_mask_3d_float8_e5m2_t_int64_t	1	SIMT	Vector/SIMTIndirectStore.aiv.c310.bc	meta_op.aiv.c310.bc
3	SIMT/IndirectStore/unmasked-high-rank.mlir	indirect_store_no_mask_3d_float_int32_t	1	SIMT	Vector/SIMTIndirectStore.aiv.c310.bc	meta_op.aiv.c310.bc
3	SIMT/IndirectStore/unmasked-high-rank.mlir	indirect_store_no_mask_3d_float_int64_t	1	SIMT	Vector/SIMTIndirectStore.aiv.c310.bc	meta_op.aiv.c310.bc
3	SIMT/IndirectStore/unmasked-high-rank.mlir	indirect_store_no_mask_3d_half_int32_t	1	SIMT	Vector/SIMTIndirectStore.aiv.c310.bc	meta_op.aiv.c310.bc
3	SIMT/IndirectStore/unmasked-high-rank.mlir	indirect_store_no_mask_3d_half_int64_t	1	SIMT	Vector/SIMTIndirectStore.aiv.c310.bc	meta_op.aiv.c310.bc
3	SIMT/IndirectStore/unmasked-high-rank.mlir	indirect_store_no_mask_3d_hifloat4x2_t_int32_t	1	SIMT	Vector/SIMTIndirectStore.aiv.c310.bc	meta_op.aiv.c310.bc
3	SIMT/IndirectStore/unmasked-high-rank.mlir	indirect_store_no_mask_3d_hifloat4x2_t_int64_t	1	SIMT	Vector/SIMTIndirectStore.aiv.c310.bc	meta_op.aiv.c310.bc
3	SIMT/IndirectStore/unmasked-high-rank.mlir	indirect_store_no_mask_3d_hifloat8_t_int32_t	1	SIMT	Vector/SIMTIndirectStore.aiv.c310.bc	meta_op.aiv.c310.bc
3	SIMT/IndirectStore/unmasked-high-rank.mlir	indirect_store_no_mask_3d_hifloat8_t_int64_t	1	SIMT	Vector/SIMTIndirectStore.aiv.c310.bc	meta_op.aiv.c310.bc
3	SIMT/IndirectStore/unmasked-high-rank.mlir	indirect_store_no_mask_3d_int16_t_int32_t	1	SIMT	Vector/SIMTIndirectStore.aiv.c310.bc	meta_op.aiv.c310.bc
3	SIMT/IndirectStore/unmasked-high-rank.mlir	indirect_store_no_mask_3d_int16_t_int64_t	1	SIMT	Vector/SIMTIndirectStore.aiv.c310.bc	meta_op.aiv.c310.bc
3	SIMT/IndirectStore/unmasked-high-rank.mlir	indirect_store_no_mask_3d_int32_t_int32_t	1	SIMT	Vector/SIMTIndirectStore.aiv.c310.bc	meta_op.aiv.c310.bc
3	SIMT/IndirectStore/unmasked-high-rank.mlir	indirect_store_no_mask_3d_int32_t_int64_t	1	SIMT	Vector/SIMTIndirectStore.aiv.c310.bc	meta_op.aiv.c310.bc
3	SIMT/IndirectStore/unmasked-high-rank.mlir	indirect_store_no_mask_3d_int64_t_int32_t	1	SIMT	Vector/SIMTIndirectStore.aiv.c310.bc	meta_op.aiv.c310.bc
3	SIMT/IndirectStore/unmasked-high-rank.mlir	indirect_store_no_mask_3d_int64_t_int64_t	1	SIMT	Vector/SIMTIndirectStore.aiv.c310.bc	meta_op.aiv.c310.bc
3	SIMT/IndirectStore/unmasked-high-rank.mlir	indirect_store_no_mask_3d_int8_t_int32_t	1	SIMT	Vector/SIMTIndirectStore.aiv.c310.bc	meta_op.aiv.c310.bc
3	SIMT/IndirectStore/unmasked-high-rank.mlir	indirect_store_no_mask_3d_int8_t_int64_t	1	SIMT	Vector/SIMTIndirectStore.aiv.c310.bc	meta_op.aiv.c310.bc
3	SIMT/IndirectStore/unmasked-high-rank.mlir	indirect_store_no_mask_3d_uint16_t_int32_t	1	SIMT	Vector/SIMTIndirectStore.aiv.c310.bc	meta_op.aiv.c310.bc
3	SIMT/IndirectStore/unmasked-high-rank.mlir	indirect_store_no_mask_3d_uint16_t_int64_t	1	SIMT	Vector/SIMTIndirectStore.aiv.c310.bc	meta_op.aiv.c310.bc
3	SIMT/IndirectStore/unmasked-high-rank.mlir	indirect_store_no_mask_3d_uint32_t_int32_t	1	SIMT	Vector/SIMTIndirectStore.aiv.c310.bc	meta_op.aiv.c310.bc
3	SIMT/IndirectStore/unmasked-high-rank.mlir	indirect_store_no_mask_3d_uint32_t_int64_t	1	SIMT	Vector/SIMTIndirectStore.aiv.c310.bc	meta_op.aiv.c310.bc
3	SIMT/IndirectStore/unmasked-high-rank.mlir	indirect_store_no_mask_3d_uint64_t_int32_t	1	SIMT	Vector/SIMTIndirectStore.aiv.c310.bc	meta_op.aiv.c310.bc
3	SIMT/IndirectStore/unmasked-high-rank.mlir	indirect_store_no_mask_3d_uint64_t_int64_t	1	SIMT	Vector/SIMTIndirectStore.aiv.c310.bc	meta_op.aiv.c310.bc
3	SIMT/IndirectStore/unmasked-high-rank.mlir	indirect_store_no_mask_3d_uint8_t_int32_t	1	SIMT	Vector/SIMTIndirectStore.aiv.c310.bc	meta_op.aiv.c310.bc
3	SIMT/IndirectStore/unmasked-high-rank.mlir	indirect_store_no_mask_3d_uint8_t_int64_t	1	SIMT	Vector/SIMTIndirectStore.aiv.c310.bc	meta_op.aiv.c310.bc
3	SIMT/IndirectStore/unmasked-high-rank.mlir	indirect_store_no_mask_4d_bfloat16_t_int32_t	1	SIMT	Vector/SIMTIndirectStore.aiv.c310.bc	meta_op.aiv.c310.bc
3	SIMT/IndirectStore/unmasked-high-rank.mlir	indirect_store_no_mask_4d_bfloat16_t_int64_t	1	SIMT	Vector/SIMTIndirectStore.aiv.c310.bc	meta_op.aiv.c310.bc
3	SIMT/IndirectStore/unmasked-high-rank.mlir	indirect_store_no_mask_4d_bool_int32_t	1	SIMT	Vector/SIMTIndirectStore.aiv.c310.bc	meta_op.aiv.c310.bc
3	SIMT/IndirectStore/unmasked-high-rank.mlir	indirect_store_no_mask_4d_bool_int64_t	1	SIMT	Vector/SIMTIndirectStore.aiv.c310.bc	meta_op.aiv.c310.bc
3	SIMT/IndirectStore/unmasked-high-rank.mlir	indirect_store_no_mask_4d_float8_e4m3_t_int32_t	1	SIMT	Vector/SIMTIndirectStore.aiv.c310.bc	meta_op.aiv.c310.bc
3	SIMT/IndirectStore/unmasked-high-rank.mlir	indirect_store_no_mask_4d_float8_e4m3_t_int64_t	1	SIMT	Vector/SIMTIndirectStore.aiv.c310.bc	meta_op.aiv.c310.bc
3	SIMT/IndirectStore/unmasked-high-rank.mlir	indirect_store_no_mask_4d_float8_e5m2_t_int32_t	1	SIMT	Vector/SIMTIndirectStore.aiv.c310.bc	meta_op.aiv.c310.bc
3	SIMT/IndirectStore/unmasked-high-rank.mlir	indirect_store_no_mask_4d_float8_e5m2_t_int64_t	1	SIMT	Vector/SIMTIndirectStore.aiv.c310.bc	meta_op.aiv.c310.bc
3	SIMT/IndirectStore/unmasked-high-rank.mlir	indirect_store_no_mask_4d_float_int32_t	1	SIMT	Vector/SIMTIndirectStore.aiv.c310.bc	meta_op.aiv.c310.bc
3	SIMT/IndirectStore/unmasked-high-rank.mlir	indirect_store_no_mask_4d_float_int64_t	1	SIMT	Vector/SIMTIndirectStore.aiv.c310.bc	meta_op.aiv.c310.bc
3	SIMT/IndirectStore/unmasked-high-rank.mlir	indirect_store_no_mask_4d_half_int32_t	1	SIMT	Vector/SIMTIndirectStore.aiv.c310.bc	meta_op.aiv.c310.bc
3	SIMT/IndirectStore/unmasked-high-rank.mlir	indirect_store_no_mask_4d_half_int64_t	1	SIMT	Vector/SIMTIndirectStore.aiv.c310.bc	meta_op.aiv.c310.bc
3	SIMT/IndirectStore/unmasked-high-rank.mlir	indirect_store_no_mask_4d_hifloat4x2_t_int32_t	1	SIMT	Vector/SIMTIndirectStore.aiv.c310.bc	meta_op.aiv.c310.bc
3	SIMT/IndirectStore/unmasked-high-rank.mlir	indirect_store_no_mask_4d_hifloat4x2_t_int64_t	1	SIMT	Vector/SIMTIndirectStore.aiv.c310.bc	meta_op.aiv.c310.bc
3	SIMT/IndirectStore/unmasked-high-rank.mlir	indirect_store_no_mask_4d_hifloat8_t_int32_t	1	SIMT	Vector/SIMTIndirectStore.aiv.c310.bc	meta_op.aiv.c310.bc
3	SIMT/IndirectStore/unmasked-high-rank.mlir	indirect_store_no_mask_4d_hifloat8_t_int64_t	1	SIMT	Vector/SIMTIndirectStore.aiv.c310.bc	meta_op.aiv.c310.bc
3	SIMT/IndirectStore/unmasked-high-rank.mlir	indirect_store_no_mask_4d_int16_t_int32_t	1	SIMT	Vector/SIMTIndirectStore.aiv.c310.bc	meta_op.aiv.c310.bc
3	SIMT/IndirectStore/unmasked-high-rank.mlir	indirect_store_no_mask_4d_int16_t_int64_t	1	SIMT	Vector/SIMTIndirectStore.aiv.c310.bc	meta_op.aiv.c310.bc
3	SIMT/IndirectStore/unmasked-high-rank.mlir	indirect_store_no_mask_4d_int32_t_int32_t	1	SIMT	Vector/SIMTIndirectStore.aiv.c310.bc	meta_op.aiv.c310.bc
3	SIMT/IndirectStore/unmasked-high-rank.mlir	indirect_store_no_mask_4d_int32_t_int64_t	1	SIMT	Vector/SIMTIndirectStore.aiv.c310.bc	meta_op.aiv.c310.bc
3	SIMT/IndirectStore/unmasked-high-rank.mlir	indirect_store_no_mask_4d_int64_t_int32_t	1	SIMT	Vector/SIMTIndirectStore.aiv.c310.bc	meta_op.aiv.c310.bc
3	SIMT/IndirectStore/unmasked-high-rank.mlir	indirect_store_no_mask_4d_int64_t_int64_t	1	SIMT	Vector/SIMTIndirectStore.aiv.c310.bc	meta_op.aiv.c310.bc
3	SIMT/IndirectStore/unmasked-high-rank.mlir	indirect_store_no_mask_4d_int8_t_int32_t	1	SIMT	Vector/SIMTIndirectStore.aiv.c310.bc	meta_op.aiv.c310.bc
3	SIMT/IndirectStore/unmasked-high-rank.mlir	indirect_store_no_mask_4d_int8_t_int64_t	1	SIMT	Vector/SIMTIndirectStore.aiv.c310.bc	meta_op.aiv.c310.bc
3	SIMT/IndirectStore/unmasked-high-rank.mlir	indirect_store_no_mask_4d_uint16_t_int32_t	1	SIMT	Vector/SIMTIndirectStore.aiv.c310.bc	meta_op.aiv.c310.bc
3	SIMT/IndirectStore/unmasked-high-rank.mlir	indirect_store_no_mask_4d_uint16_t_int64_t	1	SIMT	Vector/SIMTIndirectStore.aiv.c310.bc	meta_op.aiv.c310.bc
3	SIMT/IndirectStore/unmasked-high-rank.mlir	indirect_store_no_mask_4d_uint32_t_int32_t	1	SIMT	Vector/SIMTIndirectStore.aiv.c310.bc	meta_op.aiv.c310.bc
3	SIMT/IndirectStore/unmasked-high-rank.mlir	indirect_store_no_mask_4d_uint32_t_int64_t	1	SIMT	Vector/SIMTIndirectStore.aiv.c310.bc	meta_op.aiv.c310.bc
3	SIMT/IndirectStore/unmasked-high-rank.mlir	indirect_store_no_mask_4d_uint64_t_int32_t	1	SIMT	Vector/SIMTIndirectStore.aiv.c310.bc	meta_op.aiv.c310.bc
3	SIMT/IndirectStore/unmasked-high-rank.mlir	indirect_store_no_mask_4d_uint64_t_int64_t	1	SIMT	Vector/SIMTIndirectStore.aiv.c310.bc	meta_op.aiv.c310.bc
3	SIMT/IndirectStore/unmasked-high-rank.mlir	indirect_store_no_mask_4d_uint8_t_int32_t	1	SIMT	Vector/SIMTIndirectStore.aiv.c310.bc	meta_op.aiv.c310.bc
3	SIMT/IndirectStore/unmasked-high-rank.mlir	indirect_store_no_mask_4d_uint8_t_int64_t	1	SIMT	Vector/SIMTIndirectStore.aiv.c310.bc	meta_op.aiv.c310.bc
3	SIMT/IndirectStore/unmasked-high-rank.mlir	indirect_store_no_mask_5d_bfloat16_t_int32_t	1	SIMT	Vector/SIMTIndirectStore.aiv.c310.bc	meta_op.aiv.c310.bc
3	SIMT/IndirectStore/unmasked-high-rank.mlir	indirect_store_no_mask_5d_bfloat16_t_int64_t	1	SIMT	Vector/SIMTIndirectStore.aiv.c310.bc	meta_op.aiv.c310.bc
3	SIMT/IndirectStore/unmasked-high-rank.mlir	indirect_store_no_mask_5d_bool_int32_t	1	SIMT	Vector/SIMTIndirectStore.aiv.c310.bc	meta_op.aiv.c310.bc
3	SIMT/IndirectStore/unmasked-high-rank.mlir	indirect_store_no_mask_5d_bool_int64_t	1	SIMT	Vector/SIMTIndirectStore.aiv.c310.bc	meta_op.aiv.c310.bc
3	SIMT/IndirectStore/unmasked-high-rank.mlir	indirect_store_no_mask_5d_float8_e4m3_t_int32_t	1	SIMT	Vector/SIMTIndirectStore.aiv.c310.bc	meta_op.aiv.c310.bc
3	SIMT/IndirectStore/unmasked-high-rank.mlir	indirect_store_no_mask_5d_float8_e4m3_t_int64_t	1	SIMT	Vector/SIMTIndirectStore.aiv.c310.bc	meta_op.aiv.c310.bc
3	SIMT/IndirectStore/unmasked-high-rank.mlir	indirect_store_no_mask_5d_float8_e5m2_t_int32_t	1	SIMT	Vector/SIMTIndirectStore.aiv.c310.bc	meta_op.aiv.c310.bc
3	SIMT/IndirectStore/unmasked-high-rank.mlir	indirect_store_no_mask_5d_float8_e5m2_t_int64_t	1	SIMT	Vector/SIMTIndirectStore.aiv.c310.bc	meta_op.aiv.c310.bc
3	SIMT/IndirectStore/unmasked-high-rank.mlir	indirect_store_no_mask_5d_float_int32_t	1	SIMT	Vector/SIMTIndirectStore.aiv.c310.bc	meta_op.aiv.c310.bc
3	SIMT/IndirectStore/unmasked-high-rank.mlir	indirect_store_no_mask_5d_float_int64_t	1	SIMT	Vector/SIMTIndirectStore.aiv.c310.bc	meta_op.aiv.c310.bc
3	SIMT/IndirectStore/unmasked-high-rank.mlir	indirect_store_no_mask_5d_half_int32_t	1	SIMT	Vector/SIMTIndirectStore.aiv.c310.bc	meta_op.aiv.c310.bc
3	SIMT/IndirectStore/unmasked-high-rank.mlir	indirect_store_no_mask_5d_half_int64_t	1	SIMT	Vector/SIMTIndirectStore.aiv.c310.bc	meta_op.aiv.c310.bc
3	SIMT/IndirectStore/unmasked-high-rank.mlir	indirect_store_no_mask_5d_hifloat4x2_t_int32_t	1	SIMT	Vector/SIMTIndirectStore.aiv.c310.bc	meta_op.aiv.c310.bc
3	SIMT/IndirectStore/unmasked-high-rank.mlir	indirect_store_no_mask_5d_hifloat4x2_t_int64_t	1	SIMT	Vector/SIMTIndirectStore.aiv.c310.bc	meta_op.aiv.c310.bc
3	SIMT/IndirectStore/unmasked-high-rank.mlir	indirect_store_no_mask_5d_hifloat8_t_int32_t	1	SIMT	Vector/SIMTIndirectStore.aiv.c310.bc	meta_op.aiv.c310.bc
3	SIMT/IndirectStore/unmasked-high-rank.mlir	indirect_store_no_mask_5d_hifloat8_t_int64_t	1	SIMT	Vector/SIMTIndirectStore.aiv.c310.bc	meta_op.aiv.c310.bc
3	SIMT/IndirectStore/unmasked-high-rank.mlir	indirect_store_no_mask_5d_int16_t_int32_t	1	SIMT	Vector/SIMTIndirectStore.aiv.c310.bc	meta_op.aiv.c310.bc
3	SIMT/IndirectStore/unmasked-high-rank.mlir	indirect_store_no_mask_5d_int16_t_int64_t	1	SIMT	Vector/SIMTIndirectStore.aiv.c310.bc	meta_op.aiv.c310.bc
3	SIMT/IndirectStore/unmasked-high-rank.mlir	indirect_store_no_mask_5d_int32_t_int32_t	1	SIMT	Vector/SIMTIndirectStore.aiv.c310.bc	meta_op.aiv.c310.bc
3	SIMT/IndirectStore/unmasked-high-rank.mlir	indirect_store_no_mask_5d_int32_t_int64_t	1	SIMT	Vector/SIMTIndirectStore.aiv.c310.bc	meta_op.aiv.c310.bc
3	SIMT/IndirectStore/unmasked-high-rank.mlir	indirect_store_no_mask_5d_int64_t_int32_t	1	SIMT	Vector/SIMTIndirectStore.aiv.c310.bc	meta_op.aiv.c310.bc
3	SIMT/IndirectStore/unmasked-high-rank.mlir	indirect_store_no_mask_5d_int64_t_int64_t	1	SIMT	Vector/SIMTIndirectStore.aiv.c310.bc	meta_op.aiv.c310.bc
3	SIMT/IndirectStore/unmasked-high-rank.mlir	indirect_store_no_mask_5d_int8_t_int32_t	1	SIMT	Vector/SIMTIndirectStore.aiv.c310.bc	meta_op.aiv.c310.bc
3	SIMT/IndirectStore/unmasked-high-rank.mlir	indirect_store_no_mask_5d_int8_t_int64_t	1	SIMT	Vector/SIMTIndirectStore.aiv.c310.bc	meta_op.aiv.c310.bc
3	SIMT/IndirectStore/unmasked-high-rank.mlir	indirect_store_no_mask_5d_uint16_t_int32_t	1	SIMT	Vector/SIMTIndirectStore.aiv.c310.bc	meta_op.aiv.c310.bc
3	SIMT/IndirectStore/unmasked-high-rank.mlir	indirect_store_no_mask_5d_uint16_t_int64_t	1	SIMT	Vector/SIMTIndirectStore.aiv.c310.bc	meta_op.aiv.c310.bc
3	SIMT/IndirectStore/unmasked-high-rank.mlir	indirect_store_no_mask_5d_uint32_t_int32_t	1	SIMT	Vector/SIMTIndirectStore.aiv.c310.bc	meta_op.aiv.c310.bc
3	SIMT/IndirectStore/unmasked-high-rank.mlir	indirect_store_no_mask_5d_uint32_t_int64_t	1	SIMT	Vector/SIMTIndirectStore.aiv.c310.bc	meta_op.aiv.c310.bc
3	SIMT/IndirectStore/unmasked-high-rank.mlir	indirect_store_no_mask_5d_uint64_t_int32_t	1	SIMT	Vector/SIMTIndirectStore.aiv.c310.bc	meta_op.aiv.c310.bc
3	SIMT/IndirectStore/unmasked-high-rank.mlir	indirect_store_no_mask_5d_uint64_t_int64_t	1	SIMT	Vector/SIMTIndirectStore.aiv.c310.bc	meta_op.aiv.c310.bc
3	SIMT/IndirectStore/unmasked-high-rank.mlir	indirect_store_no_mask_5d_uint8_t_int32_t	1	SIMT	Vector/SIMTIndirectStore.aiv.c310.bc	meta_op.aiv.c310.bc
3	SIMT/IndirectStore/unmasked-high-rank.mlir	indirect_store_no_mask_5d_uint8_t_int64_t	1	SIMT	Vector/SIMTIndirectStore.aiv.c310.bc	meta_op.aiv.c310.bc
3	SIMT/IndirectStore/unmasked-low-rank.mlir	indirect_store_no_mask_1d_bfloat16_t_int32_t	1	SIMT	Vector/SIMTIndirectStore.aiv.c310.bc	meta_op.aiv.c310.bc
3	SIMT/IndirectStore/unmasked-low-rank.mlir	indirect_store_no_mask_1d_bfloat16_t_int64_t	1	SIMT	Vector/SIMTIndirectStore.aiv.c310.bc	meta_op.aiv.c310.bc
3	SIMT/IndirectStore/unmasked-low-rank.mlir	indirect_store_no_mask_1d_bool_int32_t	1	SIMT	Vector/SIMTIndirectStore.aiv.c310.bc	meta_op.aiv.c310.bc
3	SIMT/IndirectStore/unmasked-low-rank.mlir	indirect_store_no_mask_1d_bool_int64_t	1	SIMT	Vector/SIMTIndirectStore.aiv.c310.bc	meta_op.aiv.c310.bc
3	SIMT/IndirectStore/unmasked-low-rank.mlir	indirect_store_no_mask_1d_float8_e4m3_t_int32_t	1	SIMT	Vector/SIMTIndirectStore.aiv.c310.bc	meta_op.aiv.c310.bc
3	SIMT/IndirectStore/unmasked-low-rank.mlir	indirect_store_no_mask_1d_float8_e4m3_t_int64_t	1	SIMT	Vector/SIMTIndirectStore.aiv.c310.bc	meta_op.aiv.c310.bc
3	SIMT/IndirectStore/unmasked-low-rank.mlir	indirect_store_no_mask_1d_float8_e5m2_t_int32_t	1	SIMT	Vector/SIMTIndirectStore.aiv.c310.bc	meta_op.aiv.c310.bc
3	SIMT/IndirectStore/unmasked-low-rank.mlir	indirect_store_no_mask_1d_float8_e5m2_t_int64_t	1	SIMT	Vector/SIMTIndirectStore.aiv.c310.bc	meta_op.aiv.c310.bc
3	SIMT/IndirectStore/unmasked-low-rank.mlir	indirect_store_no_mask_1d_float_int32_t	1	SIMT	Vector/SIMTIndirectStore.aiv.c310.bc	meta_op.aiv.c310.bc
3	SIMT/IndirectStore/unmasked-low-rank.mlir	indirect_store_no_mask_1d_float_int64_t	1	SIMT	Vector/SIMTIndirectStore.aiv.c310.bc	meta_op.aiv.c310.bc
3	SIMT/IndirectStore/unmasked-low-rank.mlir	indirect_store_no_mask_1d_half_int32_t	1	SIMT	Vector/SIMTIndirectStore.aiv.c310.bc	meta_op.aiv.c310.bc
3	SIMT/IndirectStore/unmasked-low-rank.mlir	indirect_store_no_mask_1d_half_int64_t	1	SIMT	Vector/SIMTIndirectStore.aiv.c310.bc	meta_op.aiv.c310.bc
3	SIMT/IndirectStore/unmasked-low-rank.mlir	indirect_store_no_mask_1d_hifloat4x2_t_int32_t	1	SIMT	Vector/SIMTIndirectStore.aiv.c310.bc	meta_op.aiv.c310.bc
3	SIMT/IndirectStore/unmasked-low-rank.mlir	indirect_store_no_mask_1d_hifloat4x2_t_int64_t	1	SIMT	Vector/SIMTIndirectStore.aiv.c310.bc	meta_op.aiv.c310.bc
3	SIMT/IndirectStore/unmasked-low-rank.mlir	indirect_store_no_mask_1d_hifloat8_t_int32_t	1	SIMT	Vector/SIMTIndirectStore.aiv.c310.bc	meta_op.aiv.c310.bc
3	SIMT/IndirectStore/unmasked-low-rank.mlir	indirect_store_no_mask_1d_hifloat8_t_int64_t	1	SIMT	Vector/SIMTIndirectStore.aiv.c310.bc	meta_op.aiv.c310.bc
3	SIMT/IndirectStore/unmasked-low-rank.mlir	indirect_store_no_mask_1d_int16_t_int32_t	1	SIMT	Vector/SIMTIndirectStore.aiv.c310.bc	meta_op.aiv.c310.bc
3	SIMT/IndirectStore/unmasked-low-rank.mlir	indirect_store_no_mask_1d_int16_t_int64_t	1	SIMT	Vector/SIMTIndirectStore.aiv.c310.bc	meta_op.aiv.c310.bc
3	SIMT/IndirectStore/unmasked-low-rank.mlir	indirect_store_no_mask_1d_int32_t_int32_t	1	SIMT	Vector/SIMTIndirectStore.aiv.c310.bc	meta_op.aiv.c310.bc
3	SIMT/IndirectStore/unmasked-low-rank.mlir	indirect_store_no_mask_1d_int32_t_int64_t	1	SIMT	Vector/SIMTIndirectStore.aiv.c310.bc	meta_op.aiv.c310.bc
3	SIMT/IndirectStore/unmasked-low-rank.mlir	indirect_store_no_mask_1d_int64_t_int32_t	1	SIMT	Vector/SIMTIndirectStore.aiv.c310.bc	meta_op.aiv.c310.bc
3	SIMT/IndirectStore/unmasked-low-rank.mlir	indirect_store_no_mask_1d_int64_t_int64_t	1	SIMT	Vector/SIMTIndirectStore.aiv.c310.bc	meta_op.aiv.c310.bc
3	SIMT/IndirectStore/unmasked-low-rank.mlir	indirect_store_no_mask_1d_int8_t_int32_t	1	SIMT	Vector/SIMTIndirectStore.aiv.c310.bc	meta_op.aiv.c310.bc
3	SIMT/IndirectStore/unmasked-low-rank.mlir	indirect_store_no_mask_1d_int8_t_int64_t	1	SIMT	Vector/SIMTIndirectStore.aiv.c310.bc	meta_op.aiv.c310.bc
3	SIMT/IndirectStore/unmasked-low-rank.mlir	indirect_store_no_mask_1d_uint16_t_int32_t	1	SIMT	Vector/SIMTIndirectStore.aiv.c310.bc	meta_op.aiv.c310.bc
3	SIMT/IndirectStore/unmasked-low-rank.mlir	indirect_store_no_mask_1d_uint16_t_int64_t	1	SIMT	Vector/SIMTIndirectStore.aiv.c310.bc	meta_op.aiv.c310.bc
3	SIMT/IndirectStore/unmasked-low-rank.mlir	indirect_store_no_mask_1d_uint32_t_int32_t	1	SIMT	Vector/SIMTIndirectStore.aiv.c310.bc	meta_op.aiv.c310.bc
3	SIMT/IndirectStore/unmasked-low-rank.mlir	indirect_store_no_mask_1d_uint32_t_int64_t	1	SIMT	Vector/SIMTIndirectStore.aiv.c310.bc	meta_op.aiv.c310.bc
3	SIMT/IndirectStore/unmasked-low-rank.mlir	indirect_store_no_mask_1d_uint64_t_int32_t	1	SIMT	Vector/SIMTIndirectStore.aiv.c310.bc	meta_op.aiv.c310.bc
3	SIMT/IndirectStore/unmasked-low-rank.mlir	indirect_store_no_mask_1d_uint64_t_int64_t	1	SIMT	Vector/SIMTIndirectStore.aiv.c310.bc	meta_op.aiv.c310.bc
3	SIMT/IndirectStore/unmasked-low-rank.mlir	indirect_store_no_mask_1d_uint8_t_int32_t	1	SIMT	Vector/SIMTIndirectStore.aiv.c310.bc	meta_op.aiv.c310.bc
3	SIMT/IndirectStore/unmasked-low-rank.mlir	indirect_store_no_mask_1d_uint8_t_int64_t	1	SIMT	Vector/SIMTIndirectStore.aiv.c310.bc	meta_op.aiv.c310.bc
3	SIMT/IndirectStore/unmasked-low-rank.mlir	indirect_store_no_mask_2d_bfloat16_t_int32_t	1	SIMT	Vector/SIMTIndirectStore.aiv.c310.bc	meta_op.aiv.c310.bc
3	SIMT/IndirectStore/unmasked-low-rank.mlir	indirect_store_no_mask_2d_bfloat16_t_int64_t	1	SIMT	Vector/SIMTIndirectStore.aiv.c310.bc	meta_op.aiv.c310.bc
3	SIMT/IndirectStore/unmasked-low-rank.mlir	indirect_store_no_mask_2d_bool_int32_t	1	SIMT	Vector/SIMTIndirectStore.aiv.c310.bc	meta_op.aiv.c310.bc
3	SIMT/IndirectStore/unmasked-low-rank.mlir	indirect_store_no_mask_2d_bool_int64_t	1	SIMT	Vector/SIMTIndirectStore.aiv.c310.bc	meta_op.aiv.c310.bc
3	SIMT/IndirectStore/unmasked-low-rank.mlir	indirect_store_no_mask_2d_float8_e4m3_t_int32_t	1	SIMT	Vector/SIMTIndirectStore.aiv.c310.bc	meta_op.aiv.c310.bc
3	SIMT/IndirectStore/unmasked-low-rank.mlir	indirect_store_no_mask_2d_float8_e4m3_t_int64_t	1	SIMT	Vector/SIMTIndirectStore.aiv.c310.bc	meta_op.aiv.c310.bc
3	SIMT/IndirectStore/unmasked-low-rank.mlir	indirect_store_no_mask_2d_float8_e5m2_t_int32_t	1	SIMT	Vector/SIMTIndirectStore.aiv.c310.bc	meta_op.aiv.c310.bc
3	SIMT/IndirectStore/unmasked-low-rank.mlir	indirect_store_no_mask_2d_float8_e5m2_t_int64_t	1	SIMT	Vector/SIMTIndirectStore.aiv.c310.bc	meta_op.aiv.c310.bc
3	SIMT/IndirectStore/unmasked-low-rank.mlir	indirect_store_no_mask_2d_float_int32_t	1	SIMT	Vector/SIMTIndirectStore.aiv.c310.bc	meta_op.aiv.c310.bc
3	SIMT/IndirectStore/unmasked-low-rank.mlir	indirect_store_no_mask_2d_float_int64_t	1	SIMT	Vector/SIMTIndirectStore.aiv.c310.bc	meta_op.aiv.c310.bc
3	SIMT/IndirectStore/unmasked-low-rank.mlir	indirect_store_no_mask_2d_half_int32_t	1	SIMT	Vector/SIMTIndirectStore.aiv.c310.bc	meta_op.aiv.c310.bc
3	SIMT/IndirectStore/unmasked-low-rank.mlir	indirect_store_no_mask_2d_half_int64_t	1	SIMT	Vector/SIMTIndirectStore.aiv.c310.bc	meta_op.aiv.c310.bc
3	SIMT/IndirectStore/unmasked-low-rank.mlir	indirect_store_no_mask_2d_hifloat4x2_t_int32_t	1	SIMT	Vector/SIMTIndirectStore.aiv.c310.bc	meta_op.aiv.c310.bc
3	SIMT/IndirectStore/unmasked-low-rank.mlir	indirect_store_no_mask_2d_hifloat4x2_t_int64_t	1	SIMT	Vector/SIMTIndirectStore.aiv.c310.bc	meta_op.aiv.c310.bc
3	SIMT/IndirectStore/unmasked-low-rank.mlir	indirect_store_no_mask_2d_hifloat8_t_int32_t	1	SIMT	Vector/SIMTIndirectStore.aiv.c310.bc	meta_op.aiv.c310.bc
3	SIMT/IndirectStore/unmasked-low-rank.mlir	indirect_store_no_mask_2d_hifloat8_t_int64_t	1	SIMT	Vector/SIMTIndirectStore.aiv.c310.bc	meta_op.aiv.c310.bc
3	SIMT/IndirectStore/unmasked-low-rank.mlir	indirect_store_no_mask_2d_int16_t_int32_t	1	SIMT	Vector/SIMTIndirectStore.aiv.c310.bc	meta_op.aiv.c310.bc
3	SIMT/IndirectStore/unmasked-low-rank.mlir	indirect_store_no_mask_2d_int16_t_int64_t	1	SIMT	Vector/SIMTIndirectStore.aiv.c310.bc	meta_op.aiv.c310.bc
3	SIMT/IndirectStore/unmasked-low-rank.mlir	indirect_store_no_mask_2d_int32_t_int32_t	1	SIMT	Vector/SIMTIndirectStore.aiv.c310.bc	meta_op.aiv.c310.bc
3	SIMT/IndirectStore/unmasked-low-rank.mlir	indirect_store_no_mask_2d_int32_t_int64_t	1	SIMT	Vector/SIMTIndirectStore.aiv.c310.bc	meta_op.aiv.c310.bc
3	SIMT/IndirectStore/unmasked-low-rank.mlir	indirect_store_no_mask_2d_int64_t_int32_t	1	SIMT	Vector/SIMTIndirectStore.aiv.c310.bc	meta_op.aiv.c310.bc
3	SIMT/IndirectStore/unmasked-low-rank.mlir	indirect_store_no_mask_2d_int64_t_int64_t	1	SIMT	Vector/SIMTIndirectStore.aiv.c310.bc	meta_op.aiv.c310.bc
3	SIMT/IndirectStore/unmasked-low-rank.mlir	indirect_store_no_mask_2d_int8_t_int32_t	1	SIMT	Vector/SIMTIndirectStore.aiv.c310.bc	meta_op.aiv.c310.bc
3	SIMT/IndirectStore/unmasked-low-rank.mlir	indirect_store_no_mask_2d_int8_t_int64_t	1	SIMT	Vector/SIMTIndirectStore.aiv.c310.bc	meta_op.aiv.c310.bc
3	SIMT/IndirectStore/unmasked-low-rank.mlir	indirect_store_no_mask_2d_uint16_t_int32_t	1	SIMT	Vector/SIMTIndirectStore.aiv.c310.bc	meta_op.aiv.c310.bc
3	SIMT/IndirectStore/unmasked-low-rank.mlir	indirect_store_no_mask_2d_uint16_t_int64_t	1	SIMT	Vector/SIMTIndirectStore.aiv.c310.bc	meta_op.aiv.c310.bc
3	SIMT/IndirectStore/unmasked-low-rank.mlir	indirect_store_no_mask_2d_uint32_t_int32_t	1	SIMT	Vector/SIMTIndirectStore.aiv.c310.bc	meta_op.aiv.c310.bc
3	SIMT/IndirectStore/unmasked-low-rank.mlir	indirect_store_no_mask_2d_uint32_t_int64_t	1	SIMT	Vector/SIMTIndirectStore.aiv.c310.bc	meta_op.aiv.c310.bc
3	SIMT/IndirectStore/unmasked-low-rank.mlir	indirect_store_no_mask_2d_uint64_t_int32_t	1	SIMT	Vector/SIMTIndirectStore.aiv.c310.bc	meta_op.aiv.c310.bc
3	SIMT/IndirectStore/unmasked-low-rank.mlir	indirect_store_no_mask_2d_uint64_t_int64_t	1	SIMT	Vector/SIMTIndirectStore.aiv.c310.bc	meta_op.aiv.c310.bc
3	SIMT/IndirectStore/unmasked-low-rank.mlir	indirect_store_no_mask_2d_uint8_t_int32_t	1	SIMT	Vector/SIMTIndirectStore.aiv.c310.bc	meta_op.aiv.c310.bc
3	SIMT/IndirectStore/unmasked-low-rank.mlir	indirect_store_no_mask_2d_uint8_t_int64_t	1	SIMT	Vector/SIMTIndirectStore.aiv.c310.bc	meta_op.aiv.c310.bc
4	Support/assertions.mlir	assert_1d_int8_t_gm	2	Support	Debug/Debug.aic.c310.bc,Debug/Debug.aiv.c310.bc	meta_op.aic.c310.bc,meta_op.aiv.c310.bc
4	Support/assertions.mlir	assert_1d_int8_t_gm.cube	1	Support	bundle-only	meta_op.mix.aic.c310.bc
4	Support/assertions.mlir	assert_1d_int8_t_gm.vector	1	Support	bundle-only	meta_op.mix.aiv.c310.bc
4	Support/assertions.mlir	assert_1d_int8_t_ubuf	1	Support	Debug/Debug.aiv.c310.bc	meta_op.aiv.c310.bc
4	Support/assertions.mlir	assert_1d_int8_t_ubuf.vector	1	Support	bundle-only	meta_op.mix.aiv.c310.bc
4	Support/assertions.mlir	assert_2d_int8_t_gm	2	Support	Debug/Debug.aic.c310.bc,Debug/Debug.aiv.c310.bc	meta_op.aic.c310.bc,meta_op.aiv.c310.bc
4	Support/assertions.mlir	assert_2d_int8_t_gm.cube	1	Support	bundle-only	meta_op.mix.aic.c310.bc
4	Support/assertions.mlir	assert_2d_int8_t_gm.vector	1	Support	bundle-only	meta_op.mix.aiv.c310.bc
4	Support/assertions.mlir	assert_2d_int8_t_ubuf	1	Support	Debug/Debug.aiv.c310.bc	meta_op.aiv.c310.bc
4	Support/assertions.mlir	assert_2d_int8_t_ubuf.vector	1	Support	bundle-only	meta_op.mix.aiv.c310.bc
4	Support/assertions.mlir	assert_3d_int8_t_gm	2	Support	Debug/Debug.aic.c310.bc,Debug/Debug.aiv.c310.bc	meta_op.aic.c310.bc,meta_op.aiv.c310.bc
4	Support/assertions.mlir	assert_3d_int8_t_gm.cube	1	Support	bundle-only	meta_op.mix.aic.c310.bc
4	Support/assertions.mlir	assert_3d_int8_t_gm.vector	1	Support	bundle-only	meta_op.mix.aiv.c310.bc
4	Support/assertions.mlir	assert_3d_int8_t_ubuf	1	Support	Debug/Debug.aiv.c310.bc	meta_op.aiv.c310.bc
4	Support/assertions.mlir	assert_3d_int8_t_ubuf.vector	1	Support	bundle-only	meta_op.mix.aiv.c310.bc
4	Support/assertions.mlir	assert_4d_int8_t_gm	2	Support	Debug/Debug.aic.c310.bc,Debug/Debug.aiv.c310.bc	meta_op.aic.c310.bc,meta_op.aiv.c310.bc
4	Support/assertions.mlir	assert_4d_int8_t_gm.cube	1	Support	bundle-only	meta_op.mix.aic.c310.bc
4	Support/assertions.mlir	assert_4d_int8_t_gm.vector	1	Support	bundle-only	meta_op.mix.aiv.c310.bc
4	Support/assertions.mlir	assert_4d_int8_t_ubuf	1	Support	Debug/Debug.aiv.c310.bc	meta_op.aiv.c310.bc
4	Support/assertions.mlir	assert_4d_int8_t_ubuf.vector	1	Support	bundle-only	meta_op.mix.aiv.c310.bc
4	Support/assertions.mlir	assert_scalar_bool_gm	2	Support	Debug/Debug.aic.c310.bc,Debug/Debug.aiv.c310.bc	meta_op.aic.c310.bc,meta_op.aiv.c310.bc
4	Support/assertions.mlir	assert_scalar_bool_gm.cube	1	Support	bundle-only	meta_op.mix.aic.c310.bc
4	Support/assertions.mlir	assert_scalar_bool_gm.vector	1	Support	bundle-only	meta_op.mix.aiv.c310.bc
4	Support/assertions.mlir	assert_scalar_bool_ubuf	1	Support	Debug/Debug.aiv.c310.bc	meta_op.aiv.c310.bc
4	Support/assertions.mlir	assert_scalar_bool_ubuf.vector	1	Support	bundle-only	meta_op.mix.aiv.c310.bc
4	Support/cube-debug.mlir	finish_debug	2	Support	Debug/Debug.aic.c310.bc,Debug/Debug.aiv.c310.bc	meta_op.aic.c310.bc,meta_op.aiv.c310.bc
4	Support/cube-debug.mlir	finish_debug.cube	1	Support	bundle-only	meta_op.mix.aic.c310.bc
4	Support/cube-debug.mlir	init_debug	2	Support	Debug/Debug.aic.c310.bc,Debug/Debug.aiv.c310.bc	meta_op.aic.c310.bc,meta_op.aiv.c310.bc
4	Support/cube-debug.mlir	init_debug.cube	1	Support	bundle-only	meta_op.mix.aic.c310.bc
4	Support/print-lifecycle.mlir	print_1d_bfloat16_t_gm	2	Support	Debug/Debug.aic.c310.bc,Debug/Debug.aiv.c310.bc	meta_op.aic.c310.bc,meta_op.aiv.c310.bc
4	Support/print-lifecycle.mlir	print_1d_bfloat16_t_gm.cube	1	Support	bundle-only	meta_op.mix.aic.c310.bc
4	Support/print-lifecycle.mlir	print_1d_bfloat16_t_gm.vector	1	Support	bundle-only	meta_op.mix.aiv.c310.bc
4	Support/print-lifecycle.mlir	print_1d_bfloat16_t_ubuf	1	Support	Debug/Debug.aiv.c310.bc	meta_op.aiv.c310.bc
4	Support/print-lifecycle.mlir	print_1d_bfloat16_t_ubuf.vector	1	Support	bundle-only	meta_op.mix.aiv.c310.bc
4	Support/print-lifecycle.mlir	print_1d_bool_gm	2	Support	Debug/Debug.aic.c310.bc,Debug/Debug.aiv.c310.bc	meta_op.aic.c310.bc,meta_op.aiv.c310.bc
4	Support/print-lifecycle.mlir	print_1d_bool_gm.cube	1	Support	bundle-only	meta_op.mix.aic.c310.bc
4	Support/print-lifecycle.mlir	print_1d_bool_gm.vector	1	Support	bundle-only	meta_op.mix.aiv.c310.bc
4	Support/print-lifecycle.mlir	print_1d_bool_ubuf	1	Support	Debug/Debug.aiv.c310.bc	meta_op.aiv.c310.bc
4	Support/print-lifecycle.mlir	print_1d_bool_ubuf.vector	1	Support	bundle-only	meta_op.mix.aiv.c310.bc
4	Support/print-lifecycle.mlir	print_1d_float_gm	2	Support	Debug/Debug.aic.c310.bc,Debug/Debug.aiv.c310.bc	meta_op.aic.c310.bc,meta_op.aiv.c310.bc
4	Support/print-lifecycle.mlir	print_1d_float_gm.cube	1	Support	bundle-only	meta_op.mix.aic.c310.bc
4	Support/print-lifecycle.mlir	print_1d_float_gm.vector	1	Support	bundle-only	meta_op.mix.aiv.c310.bc
4	Support/print-lifecycle.mlir	print_1d_float_ubuf	1	Support	Debug/Debug.aiv.c310.bc	meta_op.aiv.c310.bc
4	Support/print-lifecycle.mlir	print_1d_float_ubuf.vector	1	Support	bundle-only	meta_op.mix.aiv.c310.bc
4	Support/print-lifecycle.mlir	print_1d_half_gm	2	Support	Debug/Debug.aic.c310.bc,Debug/Debug.aiv.c310.bc	meta_op.aic.c310.bc,meta_op.aiv.c310.bc
4	Support/print-lifecycle.mlir	print_1d_half_gm.cube	1	Support	bundle-only	meta_op.mix.aic.c310.bc
4	Support/print-lifecycle.mlir	print_1d_half_gm.vector	1	Support	bundle-only	meta_op.mix.aiv.c310.bc
4	Support/print-lifecycle.mlir	print_1d_half_ubuf	1	Support	Debug/Debug.aiv.c310.bc	meta_op.aiv.c310.bc
4	Support/print-lifecycle.mlir	print_1d_half_ubuf.vector	1	Support	bundle-only	meta_op.mix.aiv.c310.bc
4	Support/print-lifecycle.mlir	print_1d_int16_t_gm	2	Support	Debug/Debug.aic.c310.bc,Debug/Debug.aiv.c310.bc	meta_op.aic.c310.bc,meta_op.aiv.c310.bc
4	Support/print-lifecycle.mlir	print_1d_int16_t_gm.cube	1	Support	bundle-only	meta_op.mix.aic.c310.bc
4	Support/print-lifecycle.mlir	print_1d_int16_t_gm.vector	1	Support	bundle-only	meta_op.mix.aiv.c310.bc
4	Support/print-lifecycle.mlir	print_1d_int16_t_ubuf	1	Support	Debug/Debug.aiv.c310.bc	meta_op.aiv.c310.bc
4	Support/print-lifecycle.mlir	print_1d_int16_t_ubuf.vector	1	Support	bundle-only	meta_op.mix.aiv.c310.bc
4	Support/print-lifecycle.mlir	print_1d_int32_t_gm	2	Support	Debug/Debug.aic.c310.bc,Debug/Debug.aiv.c310.bc	meta_op.aic.c310.bc,meta_op.aiv.c310.bc
4	Support/print-lifecycle.mlir	print_1d_int32_t_gm.cube	1	Support	bundle-only	meta_op.mix.aic.c310.bc
4	Support/print-lifecycle.mlir	print_1d_int32_t_gm.vector	1	Support	bundle-only	meta_op.mix.aiv.c310.bc
4	Support/print-lifecycle.mlir	print_1d_int32_t_ubuf	1	Support	Debug/Debug.aiv.c310.bc	meta_op.aiv.c310.bc
4	Support/print-lifecycle.mlir	print_1d_int32_t_ubuf.vector	1	Support	bundle-only	meta_op.mix.aiv.c310.bc
4	Support/print-lifecycle.mlir	print_1d_int64_t_gm	2	Support	Debug/Debug.aic.c310.bc,Debug/Debug.aiv.c310.bc	meta_op.aic.c310.bc,meta_op.aiv.c310.bc
4	Support/print-lifecycle.mlir	print_1d_int64_t_gm.cube	1	Support	bundle-only	meta_op.mix.aic.c310.bc
4	Support/print-lifecycle.mlir	print_1d_int64_t_gm.vector	1	Support	bundle-only	meta_op.mix.aiv.c310.bc
4	Support/print-lifecycle.mlir	print_1d_int64_t_ubuf	1	Support	Debug/Debug.aiv.c310.bc	meta_op.aiv.c310.bc
4	Support/print-lifecycle.mlir	print_1d_int64_t_ubuf.vector	1	Support	bundle-only	meta_op.mix.aiv.c310.bc
4	Support/print-lifecycle.mlir	print_1d_int8_t_gm	2	Support	Debug/Debug.aic.c310.bc,Debug/Debug.aiv.c310.bc	meta_op.aic.c310.bc,meta_op.aiv.c310.bc
4	Support/print-lifecycle.mlir	print_1d_int8_t_gm.cube	1	Support	bundle-only	meta_op.mix.aic.c310.bc
4	Support/print-lifecycle.mlir	print_1d_int8_t_gm.vector	1	Support	bundle-only	meta_op.mix.aiv.c310.bc
4	Support/print-lifecycle.mlir	print_1d_int8_t_ubuf	1	Support	Debug/Debug.aiv.c310.bc	meta_op.aiv.c310.bc
4	Support/print-lifecycle.mlir	print_1d_int8_t_ubuf.vector	1	Support	bundle-only	meta_op.mix.aiv.c310.bc
4	Support/print-lifecycle.mlir	print_1d_uint16_t_gm	2	Support	Debug/Debug.aic.c310.bc,Debug/Debug.aiv.c310.bc	meta_op.aic.c310.bc,meta_op.aiv.c310.bc
4	Support/print-lifecycle.mlir	print_1d_uint16_t_gm.cube	1	Support	bundle-only	meta_op.mix.aic.c310.bc
4	Support/print-lifecycle.mlir	print_1d_uint16_t_gm.vector	1	Support	bundle-only	meta_op.mix.aiv.c310.bc
4	Support/print-lifecycle.mlir	print_1d_uint16_t_ubuf	1	Support	Debug/Debug.aiv.c310.bc	meta_op.aiv.c310.bc
4	Support/print-lifecycle.mlir	print_1d_uint16_t_ubuf.vector	1	Support	bundle-only	meta_op.mix.aiv.c310.bc
4	Support/print-lifecycle.mlir	print_1d_uint32_t_gm	2	Support	Debug/Debug.aic.c310.bc,Debug/Debug.aiv.c310.bc	meta_op.aic.c310.bc,meta_op.aiv.c310.bc
4	Support/print-lifecycle.mlir	print_1d_uint32_t_gm.cube	1	Support	bundle-only	meta_op.mix.aic.c310.bc
4	Support/print-lifecycle.mlir	print_1d_uint32_t_gm.vector	1	Support	bundle-only	meta_op.mix.aiv.c310.bc
4	Support/print-lifecycle.mlir	print_1d_uint32_t_ubuf	1	Support	Debug/Debug.aiv.c310.bc	meta_op.aiv.c310.bc
4	Support/print-lifecycle.mlir	print_1d_uint32_t_ubuf.vector	1	Support	bundle-only	meta_op.mix.aiv.c310.bc
4	Support/print-lifecycle.mlir	print_1d_uint8_t_gm	2	Support	Debug/Debug.aic.c310.bc,Debug/Debug.aiv.c310.bc	meta_op.aic.c310.bc,meta_op.aiv.c310.bc
4	Support/print-lifecycle.mlir	print_1d_uint8_t_gm.cube	1	Support	bundle-only	meta_op.mix.aic.c310.bc
4	Support/print-lifecycle.mlir	print_1d_uint8_t_gm.vector	1	Support	bundle-only	meta_op.mix.aiv.c310.bc
4	Support/print-lifecycle.mlir	print_1d_uint8_t_ubuf	1	Support	Debug/Debug.aiv.c310.bc	meta_op.aiv.c310.bc
4	Support/print-lifecycle.mlir	print_1d_uint8_t_ubuf.vector	1	Support	bundle-only	meta_op.mix.aiv.c310.bc
4	Support/print-lifecycle.mlir	print_2d_bfloat16_t_gm	2	Support	Debug/Debug.aic.c310.bc,Debug/Debug.aiv.c310.bc	meta_op.aic.c310.bc,meta_op.aiv.c310.bc
4	Support/print-lifecycle.mlir	print_2d_bfloat16_t_gm.cube	1	Support	bundle-only	meta_op.mix.aic.c310.bc
4	Support/print-lifecycle.mlir	print_2d_bfloat16_t_gm.vector	1	Support	bundle-only	meta_op.mix.aiv.c310.bc
4	Support/print-lifecycle.mlir	print_2d_bfloat16_t_ubuf	1	Support	Debug/Debug.aiv.c310.bc	meta_op.aiv.c310.bc
4	Support/print-lifecycle.mlir	print_2d_bfloat16_t_ubuf.vector	1	Support	bundle-only	meta_op.mix.aiv.c310.bc
4	Support/print-lifecycle.mlir	print_2d_bool_gm	2	Support	Debug/Debug.aic.c310.bc,Debug/Debug.aiv.c310.bc	meta_op.aic.c310.bc,meta_op.aiv.c310.bc
4	Support/print-lifecycle.mlir	print_2d_bool_gm.cube	1	Support	bundle-only	meta_op.mix.aic.c310.bc
4	Support/print-lifecycle.mlir	print_2d_bool_gm.vector	1	Support	bundle-only	meta_op.mix.aiv.c310.bc
4	Support/print-lifecycle.mlir	print_2d_bool_ubuf	1	Support	Debug/Debug.aiv.c310.bc	meta_op.aiv.c310.bc
4	Support/print-lifecycle.mlir	print_2d_bool_ubuf.vector	1	Support	bundle-only	meta_op.mix.aiv.c310.bc
4	Support/print-lifecycle.mlir	print_2d_float_gm	2	Support	Debug/Debug.aic.c310.bc,Debug/Debug.aiv.c310.bc	meta_op.aic.c310.bc,meta_op.aiv.c310.bc
4	Support/print-lifecycle.mlir	print_2d_float_gm.cube	1	Support	bundle-only	meta_op.mix.aic.c310.bc
4	Support/print-lifecycle.mlir	print_2d_float_gm.vector	1	Support	bundle-only	meta_op.mix.aiv.c310.bc
4	Support/print-lifecycle.mlir	print_2d_float_ubuf	1	Support	Debug/Debug.aiv.c310.bc	meta_op.aiv.c310.bc
4	Support/print-lifecycle.mlir	print_2d_float_ubuf.vector	1	Support	bundle-only	meta_op.mix.aiv.c310.bc
4	Support/print-lifecycle.mlir	print_2d_half_gm	2	Support	Debug/Debug.aic.c310.bc,Debug/Debug.aiv.c310.bc	meta_op.aic.c310.bc,meta_op.aiv.c310.bc
4	Support/print-lifecycle.mlir	print_2d_half_gm.cube	1	Support	bundle-only	meta_op.mix.aic.c310.bc
4	Support/print-lifecycle.mlir	print_2d_half_gm.vector	1	Support	bundle-only	meta_op.mix.aiv.c310.bc
4	Support/print-lifecycle.mlir	print_2d_half_ubuf	1	Support	Debug/Debug.aiv.c310.bc	meta_op.aiv.c310.bc
4	Support/print-lifecycle.mlir	print_2d_half_ubuf.vector	1	Support	bundle-only	meta_op.mix.aiv.c310.bc
4	Support/print-lifecycle.mlir	print_2d_int16_t_gm	2	Support	Debug/Debug.aic.c310.bc,Debug/Debug.aiv.c310.bc	meta_op.aic.c310.bc,meta_op.aiv.c310.bc
4	Support/print-lifecycle.mlir	print_2d_int16_t_gm.cube	1	Support	bundle-only	meta_op.mix.aic.c310.bc
4	Support/print-lifecycle.mlir	print_2d_int16_t_gm.vector	1	Support	bundle-only	meta_op.mix.aiv.c310.bc
4	Support/print-lifecycle.mlir	print_2d_int16_t_ubuf	1	Support	Debug/Debug.aiv.c310.bc	meta_op.aiv.c310.bc
4	Support/print-lifecycle.mlir	print_2d_int16_t_ubuf.vector	1	Support	bundle-only	meta_op.mix.aiv.c310.bc
4	Support/print-lifecycle.mlir	print_2d_int32_t_gm	2	Support	Debug/Debug.aic.c310.bc,Debug/Debug.aiv.c310.bc	meta_op.aic.c310.bc,meta_op.aiv.c310.bc
4	Support/print-lifecycle.mlir	print_2d_int32_t_gm.cube	1	Support	bundle-only	meta_op.mix.aic.c310.bc
4	Support/print-lifecycle.mlir	print_2d_int32_t_gm.vector	1	Support	bundle-only	meta_op.mix.aiv.c310.bc
4	Support/print-lifecycle.mlir	print_2d_int32_t_ubuf	1	Support	Debug/Debug.aiv.c310.bc	meta_op.aiv.c310.bc
4	Support/print-lifecycle.mlir	print_2d_int32_t_ubuf.vector	1	Support	bundle-only	meta_op.mix.aiv.c310.bc
4	Support/print-lifecycle.mlir	print_2d_int64_t_gm	2	Support	Debug/Debug.aic.c310.bc,Debug/Debug.aiv.c310.bc	meta_op.aic.c310.bc,meta_op.aiv.c310.bc
4	Support/print-lifecycle.mlir	print_2d_int64_t_gm.cube	1	Support	bundle-only	meta_op.mix.aic.c310.bc
4	Support/print-lifecycle.mlir	print_2d_int64_t_gm.vector	1	Support	bundle-only	meta_op.mix.aiv.c310.bc
4	Support/print-lifecycle.mlir	print_2d_int64_t_ubuf	1	Support	Debug/Debug.aiv.c310.bc	meta_op.aiv.c310.bc
4	Support/print-lifecycle.mlir	print_2d_int64_t_ubuf.vector	1	Support	bundle-only	meta_op.mix.aiv.c310.bc
4	Support/print-lifecycle.mlir	print_2d_int8_t_gm	2	Support	Debug/Debug.aic.c310.bc,Debug/Debug.aiv.c310.bc	meta_op.aic.c310.bc,meta_op.aiv.c310.bc
4	Support/print-lifecycle.mlir	print_2d_int8_t_gm.cube	1	Support	bundle-only	meta_op.mix.aic.c310.bc
4	Support/print-lifecycle.mlir	print_2d_int8_t_gm.vector	1	Support	bundle-only	meta_op.mix.aiv.c310.bc
4	Support/print-lifecycle.mlir	print_2d_int8_t_ubuf	1	Support	Debug/Debug.aiv.c310.bc	meta_op.aiv.c310.bc
4	Support/print-lifecycle.mlir	print_2d_int8_t_ubuf.vector	1	Support	bundle-only	meta_op.mix.aiv.c310.bc
4	Support/print-lifecycle.mlir	print_2d_uint16_t_gm	2	Support	Debug/Debug.aic.c310.bc,Debug/Debug.aiv.c310.bc	meta_op.aic.c310.bc,meta_op.aiv.c310.bc
4	Support/print-lifecycle.mlir	print_2d_uint16_t_gm.cube	1	Support	bundle-only	meta_op.mix.aic.c310.bc
4	Support/print-lifecycle.mlir	print_2d_uint16_t_gm.vector	1	Support	bundle-only	meta_op.mix.aiv.c310.bc
4	Support/print-lifecycle.mlir	print_2d_uint16_t_ubuf	1	Support	Debug/Debug.aiv.c310.bc	meta_op.aiv.c310.bc
4	Support/print-lifecycle.mlir	print_2d_uint16_t_ubuf.vector	1	Support	bundle-only	meta_op.mix.aiv.c310.bc
4	Support/print-lifecycle.mlir	print_2d_uint32_t_gm	2	Support	Debug/Debug.aic.c310.bc,Debug/Debug.aiv.c310.bc	meta_op.aic.c310.bc,meta_op.aiv.c310.bc
4	Support/print-lifecycle.mlir	print_2d_uint32_t_gm.cube	1	Support	bundle-only	meta_op.mix.aic.c310.bc
4	Support/print-lifecycle.mlir	print_2d_uint32_t_gm.vector	1	Support	bundle-only	meta_op.mix.aiv.c310.bc
4	Support/print-lifecycle.mlir	print_2d_uint32_t_ubuf	1	Support	Debug/Debug.aiv.c310.bc	meta_op.aiv.c310.bc
4	Support/print-lifecycle.mlir	print_2d_uint32_t_ubuf.vector	1	Support	bundle-only	meta_op.mix.aiv.c310.bc
4	Support/print-lifecycle.mlir	print_2d_uint8_t_gm	2	Support	Debug/Debug.aic.c310.bc,Debug/Debug.aiv.c310.bc	meta_op.aic.c310.bc,meta_op.aiv.c310.bc
4	Support/print-lifecycle.mlir	print_2d_uint8_t_gm.cube	1	Support	bundle-only	meta_op.mix.aic.c310.bc
4	Support/print-lifecycle.mlir	print_2d_uint8_t_gm.vector	1	Support	bundle-only	meta_op.mix.aiv.c310.bc
4	Support/print-lifecycle.mlir	print_2d_uint8_t_ubuf	1	Support	Debug/Debug.aiv.c310.bc	meta_op.aiv.c310.bc
4	Support/print-lifecycle.mlir	print_2d_uint8_t_ubuf.vector	1	Support	bundle-only	meta_op.mix.aiv.c310.bc
4	Support/print-lifecycle.mlir	print_3d_bfloat16_t_gm	2	Support	Debug/Debug.aic.c310.bc,Debug/Debug.aiv.c310.bc	meta_op.aic.c310.bc,meta_op.aiv.c310.bc
4	Support/print-lifecycle.mlir	print_3d_bfloat16_t_gm.cube	1	Support	bundle-only	meta_op.mix.aic.c310.bc
4	Support/print-lifecycle.mlir	print_3d_bfloat16_t_gm.vector	1	Support	bundle-only	meta_op.mix.aiv.c310.bc
4	Support/print-lifecycle.mlir	print_3d_bfloat16_t_ubuf	1	Support	Debug/Debug.aiv.c310.bc	meta_op.aiv.c310.bc
4	Support/print-lifecycle.mlir	print_3d_bfloat16_t_ubuf.vector	1	Support	bundle-only	meta_op.mix.aiv.c310.bc
4	Support/print-lifecycle.mlir	print_3d_bool_gm	2	Support	Debug/Debug.aic.c310.bc,Debug/Debug.aiv.c310.bc	meta_op.aic.c310.bc,meta_op.aiv.c310.bc
4	Support/print-lifecycle.mlir	print_3d_bool_gm.cube	1	Support	bundle-only	meta_op.mix.aic.c310.bc
4	Support/print-lifecycle.mlir	print_3d_bool_gm.vector	1	Support	bundle-only	meta_op.mix.aiv.c310.bc
4	Support/print-lifecycle.mlir	print_3d_bool_ubuf	1	Support	Debug/Debug.aiv.c310.bc	meta_op.aiv.c310.bc
4	Support/print-lifecycle.mlir	print_3d_bool_ubuf.vector	1	Support	bundle-only	meta_op.mix.aiv.c310.bc
4	Support/print-lifecycle.mlir	print_3d_float_gm	2	Support	Debug/Debug.aic.c310.bc,Debug/Debug.aiv.c310.bc	meta_op.aic.c310.bc,meta_op.aiv.c310.bc
4	Support/print-lifecycle.mlir	print_3d_float_gm.cube	1	Support	bundle-only	meta_op.mix.aic.c310.bc
4	Support/print-lifecycle.mlir	print_3d_float_gm.vector	1	Support	bundle-only	meta_op.mix.aiv.c310.bc
4	Support/print-lifecycle.mlir	print_3d_float_ubuf	1	Support	Debug/Debug.aiv.c310.bc	meta_op.aiv.c310.bc
4	Support/print-lifecycle.mlir	print_3d_float_ubuf.vector	1	Support	bundle-only	meta_op.mix.aiv.c310.bc
4	Support/print-lifecycle.mlir	print_3d_half_gm	2	Support	Debug/Debug.aic.c310.bc,Debug/Debug.aiv.c310.bc	meta_op.aic.c310.bc,meta_op.aiv.c310.bc
4	Support/print-lifecycle.mlir	print_3d_half_gm.cube	1	Support	bundle-only	meta_op.mix.aic.c310.bc
4	Support/print-lifecycle.mlir	print_3d_half_gm.vector	1	Support	bundle-only	meta_op.mix.aiv.c310.bc
4	Support/print-lifecycle.mlir	print_3d_half_ubuf	1	Support	Debug/Debug.aiv.c310.bc	meta_op.aiv.c310.bc
4	Support/print-lifecycle.mlir	print_3d_half_ubuf.vector	1	Support	bundle-only	meta_op.mix.aiv.c310.bc
4	Support/print-lifecycle.mlir	print_3d_int16_t_gm	2	Support	Debug/Debug.aic.c310.bc,Debug/Debug.aiv.c310.bc	meta_op.aic.c310.bc,meta_op.aiv.c310.bc
4	Support/print-lifecycle.mlir	print_3d_int16_t_gm.cube	1	Support	bundle-only	meta_op.mix.aic.c310.bc
4	Support/print-lifecycle.mlir	print_3d_int16_t_gm.vector	1	Support	bundle-only	meta_op.mix.aiv.c310.bc
4	Support/print-lifecycle.mlir	print_3d_int16_t_ubuf	1	Support	Debug/Debug.aiv.c310.bc	meta_op.aiv.c310.bc
4	Support/print-lifecycle.mlir	print_3d_int16_t_ubuf.vector	1	Support	bundle-only	meta_op.mix.aiv.c310.bc
4	Support/print-lifecycle.mlir	print_3d_int32_t_gm	2	Support	Debug/Debug.aic.c310.bc,Debug/Debug.aiv.c310.bc	meta_op.aic.c310.bc,meta_op.aiv.c310.bc
4	Support/print-lifecycle.mlir	print_3d_int32_t_gm.cube	1	Support	bundle-only	meta_op.mix.aic.c310.bc
4	Support/print-lifecycle.mlir	print_3d_int32_t_gm.vector	1	Support	bundle-only	meta_op.mix.aiv.c310.bc
4	Support/print-lifecycle.mlir	print_3d_int32_t_ubuf	1	Support	Debug/Debug.aiv.c310.bc	meta_op.aiv.c310.bc
4	Support/print-lifecycle.mlir	print_3d_int32_t_ubuf.vector	1	Support	bundle-only	meta_op.mix.aiv.c310.bc
4	Support/print-lifecycle.mlir	print_3d_int64_t_gm	2	Support	Debug/Debug.aic.c310.bc,Debug/Debug.aiv.c310.bc	meta_op.aic.c310.bc,meta_op.aiv.c310.bc
4	Support/print-lifecycle.mlir	print_3d_int64_t_gm.cube	1	Support	bundle-only	meta_op.mix.aic.c310.bc
4	Support/print-lifecycle.mlir	print_3d_int64_t_gm.vector	1	Support	bundle-only	meta_op.mix.aiv.c310.bc
4	Support/print-lifecycle.mlir	print_3d_int64_t_ubuf	1	Support	Debug/Debug.aiv.c310.bc	meta_op.aiv.c310.bc
4	Support/print-lifecycle.mlir	print_3d_int64_t_ubuf.vector	1	Support	bundle-only	meta_op.mix.aiv.c310.bc
4	Support/print-lifecycle.mlir	print_3d_int8_t_gm	2	Support	Debug/Debug.aic.c310.bc,Debug/Debug.aiv.c310.bc	meta_op.aic.c310.bc,meta_op.aiv.c310.bc
4	Support/print-lifecycle.mlir	print_3d_int8_t_gm.cube	1	Support	bundle-only	meta_op.mix.aic.c310.bc
4	Support/print-lifecycle.mlir	print_3d_int8_t_gm.vector	1	Support	bundle-only	meta_op.mix.aiv.c310.bc
4	Support/print-lifecycle.mlir	print_3d_int8_t_ubuf	1	Support	Debug/Debug.aiv.c310.bc	meta_op.aiv.c310.bc
4	Support/print-lifecycle.mlir	print_3d_int8_t_ubuf.vector	1	Support	bundle-only	meta_op.mix.aiv.c310.bc
4	Support/print-lifecycle.mlir	print_3d_uint16_t_gm	2	Support	Debug/Debug.aic.c310.bc,Debug/Debug.aiv.c310.bc	meta_op.aic.c310.bc,meta_op.aiv.c310.bc
4	Support/print-lifecycle.mlir	print_3d_uint16_t_gm.cube	1	Support	bundle-only	meta_op.mix.aic.c310.bc
4	Support/print-lifecycle.mlir	print_3d_uint16_t_gm.vector	1	Support	bundle-only	meta_op.mix.aiv.c310.bc
4	Support/print-lifecycle.mlir	print_3d_uint16_t_ubuf	1	Support	Debug/Debug.aiv.c310.bc	meta_op.aiv.c310.bc
4	Support/print-lifecycle.mlir	print_3d_uint16_t_ubuf.vector	1	Support	bundle-only	meta_op.mix.aiv.c310.bc
4	Support/print-lifecycle.mlir	print_3d_uint32_t_gm	2	Support	Debug/Debug.aic.c310.bc,Debug/Debug.aiv.c310.bc	meta_op.aic.c310.bc,meta_op.aiv.c310.bc
4	Support/print-lifecycle.mlir	print_3d_uint32_t_gm.cube	1	Support	bundle-only	meta_op.mix.aic.c310.bc
4	Support/print-lifecycle.mlir	print_3d_uint32_t_gm.vector	1	Support	bundle-only	meta_op.mix.aiv.c310.bc
4	Support/print-lifecycle.mlir	print_3d_uint32_t_ubuf	1	Support	Debug/Debug.aiv.c310.bc	meta_op.aiv.c310.bc
4	Support/print-lifecycle.mlir	print_3d_uint32_t_ubuf.vector	1	Support	bundle-only	meta_op.mix.aiv.c310.bc
4	Support/print-lifecycle.mlir	print_3d_uint8_t_gm	2	Support	Debug/Debug.aic.c310.bc,Debug/Debug.aiv.c310.bc	meta_op.aic.c310.bc,meta_op.aiv.c310.bc
4	Support/print-lifecycle.mlir	print_3d_uint8_t_gm.cube	1	Support	bundle-only	meta_op.mix.aic.c310.bc
4	Support/print-lifecycle.mlir	print_3d_uint8_t_gm.vector	1	Support	bundle-only	meta_op.mix.aiv.c310.bc
4	Support/print-lifecycle.mlir	print_3d_uint8_t_ubuf	1	Support	Debug/Debug.aiv.c310.bc	meta_op.aiv.c310.bc
4	Support/print-lifecycle.mlir	print_3d_uint8_t_ubuf.vector	1	Support	bundle-only	meta_op.mix.aiv.c310.bc
4	Support/print-lifecycle.mlir	print_4d_bfloat16_t_gm	2	Support	Debug/Debug.aic.c310.bc,Debug/Debug.aiv.c310.bc	meta_op.aic.c310.bc,meta_op.aiv.c310.bc
4	Support/print-lifecycle.mlir	print_4d_bfloat16_t_gm.cube	1	Support	bundle-only	meta_op.mix.aic.c310.bc
4	Support/print-lifecycle.mlir	print_4d_bfloat16_t_gm.vector	1	Support	bundle-only	meta_op.mix.aiv.c310.bc
4	Support/print-lifecycle.mlir	print_4d_bfloat16_t_ubuf	1	Support	Debug/Debug.aiv.c310.bc	meta_op.aiv.c310.bc
4	Support/print-lifecycle.mlir	print_4d_bfloat16_t_ubuf.vector	1	Support	bundle-only	meta_op.mix.aiv.c310.bc
4	Support/print-lifecycle.mlir	print_4d_bool_gm	2	Support	Debug/Debug.aic.c310.bc,Debug/Debug.aiv.c310.bc	meta_op.aic.c310.bc,meta_op.aiv.c310.bc
4	Support/print-lifecycle.mlir	print_4d_bool_gm.cube	1	Support	bundle-only	meta_op.mix.aic.c310.bc
4	Support/print-lifecycle.mlir	print_4d_bool_gm.vector	1	Support	bundle-only	meta_op.mix.aiv.c310.bc
4	Support/print-lifecycle.mlir	print_4d_bool_ubuf	1	Support	Debug/Debug.aiv.c310.bc	meta_op.aiv.c310.bc
4	Support/print-lifecycle.mlir	print_4d_bool_ubuf.vector	1	Support	bundle-only	meta_op.mix.aiv.c310.bc
4	Support/print-lifecycle.mlir	print_4d_float_gm	2	Support	Debug/Debug.aic.c310.bc,Debug/Debug.aiv.c310.bc	meta_op.aic.c310.bc,meta_op.aiv.c310.bc
4	Support/print-lifecycle.mlir	print_4d_float_gm.cube	1	Support	bundle-only	meta_op.mix.aic.c310.bc
4	Support/print-lifecycle.mlir	print_4d_float_gm.vector	1	Support	bundle-only	meta_op.mix.aiv.c310.bc
4	Support/print-lifecycle.mlir	print_4d_float_ubuf	1	Support	Debug/Debug.aiv.c310.bc	meta_op.aiv.c310.bc
4	Support/print-lifecycle.mlir	print_4d_float_ubuf.vector	1	Support	bundle-only	meta_op.mix.aiv.c310.bc
4	Support/print-lifecycle.mlir	print_4d_half_gm	2	Support	Debug/Debug.aic.c310.bc,Debug/Debug.aiv.c310.bc	meta_op.aic.c310.bc,meta_op.aiv.c310.bc
4	Support/print-lifecycle.mlir	print_4d_half_gm.cube	1	Support	bundle-only	meta_op.mix.aic.c310.bc
4	Support/print-lifecycle.mlir	print_4d_half_gm.vector	1	Support	bundle-only	meta_op.mix.aiv.c310.bc
4	Support/print-lifecycle.mlir	print_4d_half_ubuf	1	Support	Debug/Debug.aiv.c310.bc	meta_op.aiv.c310.bc
4	Support/print-lifecycle.mlir	print_4d_half_ubuf.vector	1	Support	bundle-only	meta_op.mix.aiv.c310.bc
4	Support/print-lifecycle.mlir	print_4d_int16_t_gm	2	Support	Debug/Debug.aic.c310.bc,Debug/Debug.aiv.c310.bc	meta_op.aic.c310.bc,meta_op.aiv.c310.bc
4	Support/print-lifecycle.mlir	print_4d_int16_t_gm.cube	1	Support	bundle-only	meta_op.mix.aic.c310.bc
4	Support/print-lifecycle.mlir	print_4d_int16_t_gm.vector	1	Support	bundle-only	meta_op.mix.aiv.c310.bc
4	Support/print-lifecycle.mlir	print_4d_int16_t_ubuf	1	Support	Debug/Debug.aiv.c310.bc	meta_op.aiv.c310.bc
4	Support/print-lifecycle.mlir	print_4d_int16_t_ubuf.vector	1	Support	bundle-only	meta_op.mix.aiv.c310.bc
4	Support/print-lifecycle.mlir	print_4d_int32_t_gm	2	Support	Debug/Debug.aic.c310.bc,Debug/Debug.aiv.c310.bc	meta_op.aic.c310.bc,meta_op.aiv.c310.bc
4	Support/print-lifecycle.mlir	print_4d_int32_t_gm.cube	1	Support	bundle-only	meta_op.mix.aic.c310.bc
4	Support/print-lifecycle.mlir	print_4d_int32_t_gm.vector	1	Support	bundle-only	meta_op.mix.aiv.c310.bc
4	Support/print-lifecycle.mlir	print_4d_int32_t_ubuf	1	Support	Debug/Debug.aiv.c310.bc	meta_op.aiv.c310.bc
4	Support/print-lifecycle.mlir	print_4d_int32_t_ubuf.vector	1	Support	bundle-only	meta_op.mix.aiv.c310.bc
4	Support/print-lifecycle.mlir	print_4d_int64_t_gm	2	Support	Debug/Debug.aic.c310.bc,Debug/Debug.aiv.c310.bc	meta_op.aic.c310.bc,meta_op.aiv.c310.bc
4	Support/print-lifecycle.mlir	print_4d_int64_t_gm.cube	1	Support	bundle-only	meta_op.mix.aic.c310.bc
4	Support/print-lifecycle.mlir	print_4d_int64_t_gm.vector	1	Support	bundle-only	meta_op.mix.aiv.c310.bc
4	Support/print-lifecycle.mlir	print_4d_int64_t_ubuf	1	Support	Debug/Debug.aiv.c310.bc	meta_op.aiv.c310.bc
4	Support/print-lifecycle.mlir	print_4d_int64_t_ubuf.vector	1	Support	bundle-only	meta_op.mix.aiv.c310.bc
4	Support/print-lifecycle.mlir	print_4d_int8_t_gm	2	Support	Debug/Debug.aic.c310.bc,Debug/Debug.aiv.c310.bc	meta_op.aic.c310.bc,meta_op.aiv.c310.bc
4	Support/print-lifecycle.mlir	print_4d_int8_t_gm.cube	1	Support	bundle-only	meta_op.mix.aic.c310.bc
4	Support/print-lifecycle.mlir	print_4d_int8_t_gm.vector	1	Support	bundle-only	meta_op.mix.aiv.c310.bc
4	Support/print-lifecycle.mlir	print_4d_int8_t_ubuf	1	Support	Debug/Debug.aiv.c310.bc	meta_op.aiv.c310.bc
4	Support/print-lifecycle.mlir	print_4d_int8_t_ubuf.vector	1	Support	bundle-only	meta_op.mix.aiv.c310.bc
4	Support/print-lifecycle.mlir	print_4d_uint16_t_gm	2	Support	Debug/Debug.aic.c310.bc,Debug/Debug.aiv.c310.bc	meta_op.aic.c310.bc,meta_op.aiv.c310.bc
4	Support/print-lifecycle.mlir	print_4d_uint16_t_gm.cube	1	Support	bundle-only	meta_op.mix.aic.c310.bc
4	Support/print-lifecycle.mlir	print_4d_uint16_t_gm.vector	1	Support	bundle-only	meta_op.mix.aiv.c310.bc
4	Support/print-lifecycle.mlir	print_4d_uint16_t_ubuf	1	Support	Debug/Debug.aiv.c310.bc	meta_op.aiv.c310.bc
4	Support/print-lifecycle.mlir	print_4d_uint16_t_ubuf.vector	1	Support	bundle-only	meta_op.mix.aiv.c310.bc
4	Support/print-lifecycle.mlir	print_4d_uint32_t_gm	2	Support	Debug/Debug.aic.c310.bc,Debug/Debug.aiv.c310.bc	meta_op.aic.c310.bc,meta_op.aiv.c310.bc
4	Support/print-lifecycle.mlir	print_4d_uint32_t_gm.cube	1	Support	bundle-only	meta_op.mix.aic.c310.bc
4	Support/print-lifecycle.mlir	print_4d_uint32_t_gm.vector	1	Support	bundle-only	meta_op.mix.aiv.c310.bc
4	Support/print-lifecycle.mlir	print_4d_uint32_t_ubuf	1	Support	Debug/Debug.aiv.c310.bc	meta_op.aiv.c310.bc
4	Support/print-lifecycle.mlir	print_4d_uint32_t_ubuf.vector	1	Support	bundle-only	meta_op.mix.aiv.c310.bc
4	Support/print-lifecycle.mlir	print_4d_uint8_t_gm	2	Support	Debug/Debug.aic.c310.bc,Debug/Debug.aiv.c310.bc	meta_op.aic.c310.bc,meta_op.aiv.c310.bc
4	Support/print-lifecycle.mlir	print_4d_uint8_t_gm.cube	1	Support	bundle-only	meta_op.mix.aic.c310.bc
4	Support/print-lifecycle.mlir	print_4d_uint8_t_gm.vector	1	Support	bundle-only	meta_op.mix.aiv.c310.bc
4	Support/print-lifecycle.mlir	print_4d_uint8_t_ubuf	1	Support	Debug/Debug.aiv.c310.bc	meta_op.aiv.c310.bc
4	Support/print-lifecycle.mlir	print_4d_uint8_t_ubuf.vector	1	Support	bundle-only	meta_op.mix.aiv.c310.bc
4	Support/print-lifecycle.mlir	print_5d_bfloat16_t_gm	2	Support	Debug/Debug.aic.c310.bc,Debug/Debug.aiv.c310.bc	meta_op.aic.c310.bc,meta_op.aiv.c310.bc
4	Support/print-lifecycle.mlir	print_5d_bfloat16_t_gm.cube	1	Support	bundle-only	meta_op.mix.aic.c310.bc
4	Support/print-lifecycle.mlir	print_5d_bfloat16_t_gm.vector	1	Support	bundle-only	meta_op.mix.aiv.c310.bc
4	Support/print-lifecycle.mlir	print_5d_bfloat16_t_ubuf	1	Support	Debug/Debug.aiv.c310.bc	meta_op.aiv.c310.bc
4	Support/print-lifecycle.mlir	print_5d_bfloat16_t_ubuf.vector	1	Support	bundle-only	meta_op.mix.aiv.c310.bc
4	Support/print-lifecycle.mlir	print_5d_bool_gm	2	Support	Debug/Debug.aic.c310.bc,Debug/Debug.aiv.c310.bc	meta_op.aic.c310.bc,meta_op.aiv.c310.bc
4	Support/print-lifecycle.mlir	print_5d_bool_gm.cube	1	Support	bundle-only	meta_op.mix.aic.c310.bc
4	Support/print-lifecycle.mlir	print_5d_bool_gm.vector	1	Support	bundle-only	meta_op.mix.aiv.c310.bc
4	Support/print-lifecycle.mlir	print_5d_bool_ubuf	1	Support	Debug/Debug.aiv.c310.bc	meta_op.aiv.c310.bc
4	Support/print-lifecycle.mlir	print_5d_bool_ubuf.vector	1	Support	bundle-only	meta_op.mix.aiv.c310.bc
4	Support/print-lifecycle.mlir	print_5d_float_gm	2	Support	Debug/Debug.aic.c310.bc,Debug/Debug.aiv.c310.bc	meta_op.aic.c310.bc,meta_op.aiv.c310.bc
4	Support/print-lifecycle.mlir	print_5d_float_gm.cube	1	Support	bundle-only	meta_op.mix.aic.c310.bc
4	Support/print-lifecycle.mlir	print_5d_float_gm.vector	1	Support	bundle-only	meta_op.mix.aiv.c310.bc
4	Support/print-lifecycle.mlir	print_5d_float_ubuf	1	Support	Debug/Debug.aiv.c310.bc	meta_op.aiv.c310.bc
4	Support/print-lifecycle.mlir	print_5d_float_ubuf.vector	1	Support	bundle-only	meta_op.mix.aiv.c310.bc
4	Support/print-lifecycle.mlir	print_5d_half_gm	2	Support	Debug/Debug.aic.c310.bc,Debug/Debug.aiv.c310.bc	meta_op.aic.c310.bc,meta_op.aiv.c310.bc
4	Support/print-lifecycle.mlir	print_5d_half_gm.cube	1	Support	bundle-only	meta_op.mix.aic.c310.bc
4	Support/print-lifecycle.mlir	print_5d_half_gm.vector	1	Support	bundle-only	meta_op.mix.aiv.c310.bc
4	Support/print-lifecycle.mlir	print_5d_half_ubuf	1	Support	Debug/Debug.aiv.c310.bc	meta_op.aiv.c310.bc
4	Support/print-lifecycle.mlir	print_5d_half_ubuf.vector	1	Support	bundle-only	meta_op.mix.aiv.c310.bc
4	Support/print-lifecycle.mlir	print_5d_int16_t_gm	2	Support	Debug/Debug.aic.c310.bc,Debug/Debug.aiv.c310.bc	meta_op.aic.c310.bc,meta_op.aiv.c310.bc
4	Support/print-lifecycle.mlir	print_5d_int16_t_gm.cube	1	Support	bundle-only	meta_op.mix.aic.c310.bc
4	Support/print-lifecycle.mlir	print_5d_int16_t_gm.vector	1	Support	bundle-only	meta_op.mix.aiv.c310.bc
4	Support/print-lifecycle.mlir	print_5d_int16_t_ubuf	1	Support	Debug/Debug.aiv.c310.bc	meta_op.aiv.c310.bc
4	Support/print-lifecycle.mlir	print_5d_int16_t_ubuf.vector	1	Support	bundle-only	meta_op.mix.aiv.c310.bc
4	Support/print-lifecycle.mlir	print_5d_int32_t_gm	2	Support	Debug/Debug.aic.c310.bc,Debug/Debug.aiv.c310.bc	meta_op.aic.c310.bc,meta_op.aiv.c310.bc
4	Support/print-lifecycle.mlir	print_5d_int32_t_gm.cube	1	Support	bundle-only	meta_op.mix.aic.c310.bc
4	Support/print-lifecycle.mlir	print_5d_int32_t_gm.vector	1	Support	bundle-only	meta_op.mix.aiv.c310.bc
4	Support/print-lifecycle.mlir	print_5d_int32_t_ubuf	1	Support	Debug/Debug.aiv.c310.bc	meta_op.aiv.c310.bc
4	Support/print-lifecycle.mlir	print_5d_int32_t_ubuf.vector	1	Support	bundle-only	meta_op.mix.aiv.c310.bc
4	Support/print-lifecycle.mlir	print_5d_int64_t_gm	2	Support	Debug/Debug.aic.c310.bc,Debug/Debug.aiv.c310.bc	meta_op.aic.c310.bc,meta_op.aiv.c310.bc
4	Support/print-lifecycle.mlir	print_5d_int64_t_gm.cube	1	Support	bundle-only	meta_op.mix.aic.c310.bc
4	Support/print-lifecycle.mlir	print_5d_int64_t_gm.vector	1	Support	bundle-only	meta_op.mix.aiv.c310.bc
4	Support/print-lifecycle.mlir	print_5d_int64_t_ubuf	1	Support	Debug/Debug.aiv.c310.bc	meta_op.aiv.c310.bc
4	Support/print-lifecycle.mlir	print_5d_int64_t_ubuf.vector	1	Support	bundle-only	meta_op.mix.aiv.c310.bc
4	Support/print-lifecycle.mlir	print_5d_int8_t_gm	2	Support	Debug/Debug.aic.c310.bc,Debug/Debug.aiv.c310.bc	meta_op.aic.c310.bc,meta_op.aiv.c310.bc
4	Support/print-lifecycle.mlir	print_5d_int8_t_gm.cube	1	Support	bundle-only	meta_op.mix.aic.c310.bc
4	Support/print-lifecycle.mlir	print_5d_int8_t_gm.vector	1	Support	bundle-only	meta_op.mix.aiv.c310.bc
4	Support/print-lifecycle.mlir	print_5d_int8_t_ubuf	1	Support	Debug/Debug.aiv.c310.bc	meta_op.aiv.c310.bc
4	Support/print-lifecycle.mlir	print_5d_int8_t_ubuf.vector	1	Support	bundle-only	meta_op.mix.aiv.c310.bc
4	Support/print-lifecycle.mlir	print_5d_uint16_t_gm	2	Support	Debug/Debug.aic.c310.bc,Debug/Debug.aiv.c310.bc	meta_op.aic.c310.bc,meta_op.aiv.c310.bc
4	Support/print-lifecycle.mlir	print_5d_uint16_t_gm.cube	1	Support	bundle-only	meta_op.mix.aic.c310.bc
4	Support/print-lifecycle.mlir	print_5d_uint16_t_gm.vector	1	Support	bundle-only	meta_op.mix.aiv.c310.bc
4	Support/print-lifecycle.mlir	print_5d_uint16_t_ubuf	1	Support	Debug/Debug.aiv.c310.bc	meta_op.aiv.c310.bc
4	Support/print-lifecycle.mlir	print_5d_uint16_t_ubuf.vector	1	Support	bundle-only	meta_op.mix.aiv.c310.bc
4	Support/print-lifecycle.mlir	print_5d_uint32_t_gm	2	Support	Debug/Debug.aic.c310.bc,Debug/Debug.aiv.c310.bc	meta_op.aic.c310.bc,meta_op.aiv.c310.bc
4	Support/print-lifecycle.mlir	print_5d_uint32_t_gm.cube	1	Support	bundle-only	meta_op.mix.aic.c310.bc
4	Support/print-lifecycle.mlir	print_5d_uint32_t_gm.vector	1	Support	bundle-only	meta_op.mix.aiv.c310.bc
4	Support/print-lifecycle.mlir	print_5d_uint32_t_ubuf	1	Support	Debug/Debug.aiv.c310.bc	meta_op.aiv.c310.bc
4	Support/print-lifecycle.mlir	print_5d_uint32_t_ubuf.vector	1	Support	bundle-only	meta_op.mix.aiv.c310.bc
4	Support/print-lifecycle.mlir	print_5d_uint8_t_gm	2	Support	Debug/Debug.aic.c310.bc,Debug/Debug.aiv.c310.bc	meta_op.aic.c310.bc,meta_op.aiv.c310.bc
4	Support/print-lifecycle.mlir	print_5d_uint8_t_gm.cube	1	Support	bundle-only	meta_op.mix.aic.c310.bc
4	Support/print-lifecycle.mlir	print_5d_uint8_t_gm.vector	1	Support	bundle-only	meta_op.mix.aiv.c310.bc
4	Support/print-lifecycle.mlir	print_5d_uint8_t_ubuf	1	Support	Debug/Debug.aiv.c310.bc	meta_op.aiv.c310.bc
4	Support/print-lifecycle.mlir	print_5d_uint8_t_ubuf.vector	1	Support	bundle-only	meta_op.mix.aiv.c310.bc
4	Support/print-lifecycle.mlir	print_6d_bfloat16_t_gm	2	Support	Debug/Debug.aic.c310.bc,Debug/Debug.aiv.c310.bc	meta_op.aic.c310.bc,meta_op.aiv.c310.bc
4	Support/print-lifecycle.mlir	print_6d_bfloat16_t_gm.cube	1	Support	bundle-only	meta_op.mix.aic.c310.bc
4	Support/print-lifecycle.mlir	print_6d_bfloat16_t_gm.vector	1	Support	bundle-only	meta_op.mix.aiv.c310.bc
4	Support/print-lifecycle.mlir	print_6d_bfloat16_t_ubuf	1	Support	Debug/Debug.aiv.c310.bc	meta_op.aiv.c310.bc
4	Support/print-lifecycle.mlir	print_6d_bfloat16_t_ubuf.vector	1	Support	bundle-only	meta_op.mix.aiv.c310.bc
4	Support/print-lifecycle.mlir	print_6d_bool_gm	2	Support	Debug/Debug.aic.c310.bc,Debug/Debug.aiv.c310.bc	meta_op.aic.c310.bc,meta_op.aiv.c310.bc
4	Support/print-lifecycle.mlir	print_6d_bool_gm.cube	1	Support	bundle-only	meta_op.mix.aic.c310.bc
4	Support/print-lifecycle.mlir	print_6d_bool_gm.vector	1	Support	bundle-only	meta_op.mix.aiv.c310.bc
4	Support/print-lifecycle.mlir	print_6d_bool_ubuf	1	Support	Debug/Debug.aiv.c310.bc	meta_op.aiv.c310.bc
4	Support/print-lifecycle.mlir	print_6d_bool_ubuf.vector	1	Support	bundle-only	meta_op.mix.aiv.c310.bc
4	Support/print-lifecycle.mlir	print_6d_float_gm	2	Support	Debug/Debug.aic.c310.bc,Debug/Debug.aiv.c310.bc	meta_op.aic.c310.bc,meta_op.aiv.c310.bc
4	Support/print-lifecycle.mlir	print_6d_float_gm.cube	1	Support	bundle-only	meta_op.mix.aic.c310.bc
4	Support/print-lifecycle.mlir	print_6d_float_gm.vector	1	Support	bundle-only	meta_op.mix.aiv.c310.bc
4	Support/print-lifecycle.mlir	print_6d_float_ubuf	1	Support	Debug/Debug.aiv.c310.bc	meta_op.aiv.c310.bc
4	Support/print-lifecycle.mlir	print_6d_float_ubuf.vector	1	Support	bundle-only	meta_op.mix.aiv.c310.bc
4	Support/print-lifecycle.mlir	print_6d_half_gm	2	Support	Debug/Debug.aic.c310.bc,Debug/Debug.aiv.c310.bc	meta_op.aic.c310.bc,meta_op.aiv.c310.bc
4	Support/print-lifecycle.mlir	print_6d_half_gm.cube	1	Support	bundle-only	meta_op.mix.aic.c310.bc
4	Support/print-lifecycle.mlir	print_6d_half_gm.vector	1	Support	bundle-only	meta_op.mix.aiv.c310.bc
4	Support/print-lifecycle.mlir	print_6d_half_ubuf	1	Support	Debug/Debug.aiv.c310.bc	meta_op.aiv.c310.bc
4	Support/print-lifecycle.mlir	print_6d_half_ubuf.vector	1	Support	bundle-only	meta_op.mix.aiv.c310.bc
4	Support/print-lifecycle.mlir	print_6d_int16_t_gm	2	Support	Debug/Debug.aic.c310.bc,Debug/Debug.aiv.c310.bc	meta_op.aic.c310.bc,meta_op.aiv.c310.bc
4	Support/print-lifecycle.mlir	print_6d_int16_t_gm.cube	1	Support	bundle-only	meta_op.mix.aic.c310.bc
4	Support/print-lifecycle.mlir	print_6d_int16_t_gm.vector	1	Support	bundle-only	meta_op.mix.aiv.c310.bc
4	Support/print-lifecycle.mlir	print_6d_int16_t_ubuf	1	Support	Debug/Debug.aiv.c310.bc	meta_op.aiv.c310.bc
4	Support/print-lifecycle.mlir	print_6d_int16_t_ubuf.vector	1	Support	bundle-only	meta_op.mix.aiv.c310.bc
4	Support/print-lifecycle.mlir	print_6d_int32_t_gm	2	Support	Debug/Debug.aic.c310.bc,Debug/Debug.aiv.c310.bc	meta_op.aic.c310.bc,meta_op.aiv.c310.bc
4	Support/print-lifecycle.mlir	print_6d_int32_t_gm.cube	1	Support	bundle-only	meta_op.mix.aic.c310.bc
4	Support/print-lifecycle.mlir	print_6d_int32_t_gm.vector	1	Support	bundle-only	meta_op.mix.aiv.c310.bc
4	Support/print-lifecycle.mlir	print_6d_int32_t_ubuf	1	Support	Debug/Debug.aiv.c310.bc	meta_op.aiv.c310.bc
4	Support/print-lifecycle.mlir	print_6d_int32_t_ubuf.vector	1	Support	bundle-only	meta_op.mix.aiv.c310.bc
4	Support/print-lifecycle.mlir	print_6d_int64_t_gm	2	Support	Debug/Debug.aic.c310.bc,Debug/Debug.aiv.c310.bc	meta_op.aic.c310.bc,meta_op.aiv.c310.bc
4	Support/print-lifecycle.mlir	print_6d_int64_t_gm.cube	1	Support	bundle-only	meta_op.mix.aic.c310.bc
4	Support/print-lifecycle.mlir	print_6d_int64_t_gm.vector	1	Support	bundle-only	meta_op.mix.aiv.c310.bc
4	Support/print-lifecycle.mlir	print_6d_int64_t_ubuf	1	Support	Debug/Debug.aiv.c310.bc	meta_op.aiv.c310.bc
4	Support/print-lifecycle.mlir	print_6d_int64_t_ubuf.vector	1	Support	bundle-only	meta_op.mix.aiv.c310.bc
4	Support/print-lifecycle.mlir	print_6d_int8_t_gm	2	Support	Debug/Debug.aic.c310.bc,Debug/Debug.aiv.c310.bc	meta_op.aic.c310.bc,meta_op.aiv.c310.bc
4	Support/print-lifecycle.mlir	print_6d_int8_t_gm.cube	1	Support	bundle-only	meta_op.mix.aic.c310.bc
4	Support/print-lifecycle.mlir	print_6d_int8_t_gm.vector	1	Support	bundle-only	meta_op.mix.aiv.c310.bc
4	Support/print-lifecycle.mlir	print_6d_int8_t_ubuf	1	Support	Debug/Debug.aiv.c310.bc	meta_op.aiv.c310.bc
4	Support/print-lifecycle.mlir	print_6d_int8_t_ubuf.vector	1	Support	bundle-only	meta_op.mix.aiv.c310.bc
4	Support/print-lifecycle.mlir	print_6d_uint16_t_gm	2	Support	Debug/Debug.aic.c310.bc,Debug/Debug.aiv.c310.bc	meta_op.aic.c310.bc,meta_op.aiv.c310.bc
4	Support/print-lifecycle.mlir	print_6d_uint16_t_gm.cube	1	Support	bundle-only	meta_op.mix.aic.c310.bc
4	Support/print-lifecycle.mlir	print_6d_uint16_t_gm.vector	1	Support	bundle-only	meta_op.mix.aiv.c310.bc
4	Support/print-lifecycle.mlir	print_6d_uint16_t_ubuf	1	Support	Debug/Debug.aiv.c310.bc	meta_op.aiv.c310.bc
4	Support/print-lifecycle.mlir	print_6d_uint16_t_ubuf.vector	1	Support	bundle-only	meta_op.mix.aiv.c310.bc
4	Support/print-lifecycle.mlir	print_6d_uint32_t_gm	2	Support	Debug/Debug.aic.c310.bc,Debug/Debug.aiv.c310.bc	meta_op.aic.c310.bc,meta_op.aiv.c310.bc
4	Support/print-lifecycle.mlir	print_6d_uint32_t_gm.cube	1	Support	bundle-only	meta_op.mix.aic.c310.bc
4	Support/print-lifecycle.mlir	print_6d_uint32_t_gm.vector	1	Support	bundle-only	meta_op.mix.aiv.c310.bc
4	Support/print-lifecycle.mlir	print_6d_uint32_t_ubuf	1	Support	Debug/Debug.aiv.c310.bc	meta_op.aiv.c310.bc
4	Support/print-lifecycle.mlir	print_6d_uint32_t_ubuf.vector	1	Support	bundle-only	meta_op.mix.aiv.c310.bc
4	Support/print-lifecycle.mlir	print_6d_uint8_t_gm	2	Support	Debug/Debug.aic.c310.bc,Debug/Debug.aiv.c310.bc	meta_op.aic.c310.bc,meta_op.aiv.c310.bc
4	Support/print-lifecycle.mlir	print_6d_uint8_t_gm.cube	1	Support	bundle-only	meta_op.mix.aic.c310.bc
4	Support/print-lifecycle.mlir	print_6d_uint8_t_gm.vector	1	Support	bundle-only	meta_op.mix.aiv.c310.bc
4	Support/print-lifecycle.mlir	print_6d_uint8_t_ubuf	1	Support	Debug/Debug.aiv.c310.bc	meta_op.aiv.c310.bc
4	Support/print-lifecycle.mlir	print_6d_uint8_t_ubuf.vector	1	Support	bundle-only	meta_op.mix.aiv.c310.bc
4	Support/print-lifecycle.mlir	print_7d_bfloat16_t_gm	2	Support	Debug/Debug.aic.c310.bc,Debug/Debug.aiv.c310.bc	meta_op.aic.c310.bc,meta_op.aiv.c310.bc
4	Support/print-lifecycle.mlir	print_7d_bfloat16_t_gm.cube	1	Support	bundle-only	meta_op.mix.aic.c310.bc
4	Support/print-lifecycle.mlir	print_7d_bfloat16_t_gm.vector	1	Support	bundle-only	meta_op.mix.aiv.c310.bc
4	Support/print-lifecycle.mlir	print_7d_bfloat16_t_ubuf	1	Support	Debug/Debug.aiv.c310.bc	meta_op.aiv.c310.bc
4	Support/print-lifecycle.mlir	print_7d_bfloat16_t_ubuf.vector	1	Support	bundle-only	meta_op.mix.aiv.c310.bc
4	Support/print-lifecycle.mlir	print_7d_bool_gm	2	Support	Debug/Debug.aic.c310.bc,Debug/Debug.aiv.c310.bc	meta_op.aic.c310.bc,meta_op.aiv.c310.bc
4	Support/print-lifecycle.mlir	print_7d_bool_gm.cube	1	Support	bundle-only	meta_op.mix.aic.c310.bc
4	Support/print-lifecycle.mlir	print_7d_bool_gm.vector	1	Support	bundle-only	meta_op.mix.aiv.c310.bc
4	Support/print-lifecycle.mlir	print_7d_bool_ubuf	1	Support	Debug/Debug.aiv.c310.bc	meta_op.aiv.c310.bc
4	Support/print-lifecycle.mlir	print_7d_bool_ubuf.vector	1	Support	bundle-only	meta_op.mix.aiv.c310.bc
4	Support/print-lifecycle.mlir	print_7d_float_gm	2	Support	Debug/Debug.aic.c310.bc,Debug/Debug.aiv.c310.bc	meta_op.aic.c310.bc,meta_op.aiv.c310.bc
4	Support/print-lifecycle.mlir	print_7d_float_gm.cube	1	Support	bundle-only	meta_op.mix.aic.c310.bc
4	Support/print-lifecycle.mlir	print_7d_float_gm.vector	1	Support	bundle-only	meta_op.mix.aiv.c310.bc
4	Support/print-lifecycle.mlir	print_7d_float_ubuf	1	Support	Debug/Debug.aiv.c310.bc	meta_op.aiv.c310.bc
4	Support/print-lifecycle.mlir	print_7d_float_ubuf.vector	1	Support	bundle-only	meta_op.mix.aiv.c310.bc
4	Support/print-lifecycle.mlir	print_7d_half_gm	2	Support	Debug/Debug.aic.c310.bc,Debug/Debug.aiv.c310.bc	meta_op.aic.c310.bc,meta_op.aiv.c310.bc
4	Support/print-lifecycle.mlir	print_7d_half_gm.cube	1	Support	bundle-only	meta_op.mix.aic.c310.bc
4	Support/print-lifecycle.mlir	print_7d_half_gm.vector	1	Support	bundle-only	meta_op.mix.aiv.c310.bc
4	Support/print-lifecycle.mlir	print_7d_half_ubuf	1	Support	Debug/Debug.aiv.c310.bc	meta_op.aiv.c310.bc
4	Support/print-lifecycle.mlir	print_7d_half_ubuf.vector	1	Support	bundle-only	meta_op.mix.aiv.c310.bc
4	Support/print-lifecycle.mlir	print_7d_int16_t_gm	2	Support	Debug/Debug.aic.c310.bc,Debug/Debug.aiv.c310.bc	meta_op.aic.c310.bc,meta_op.aiv.c310.bc
4	Support/print-lifecycle.mlir	print_7d_int16_t_gm.cube	1	Support	bundle-only	meta_op.mix.aic.c310.bc
4	Support/print-lifecycle.mlir	print_7d_int16_t_gm.vector	1	Support	bundle-only	meta_op.mix.aiv.c310.bc
4	Support/print-lifecycle.mlir	print_7d_int16_t_ubuf	1	Support	Debug/Debug.aiv.c310.bc	meta_op.aiv.c310.bc
4	Support/print-lifecycle.mlir	print_7d_int16_t_ubuf.vector	1	Support	bundle-only	meta_op.mix.aiv.c310.bc
4	Support/print-lifecycle.mlir	print_7d_int32_t_gm	2	Support	Debug/Debug.aic.c310.bc,Debug/Debug.aiv.c310.bc	meta_op.aic.c310.bc,meta_op.aiv.c310.bc
4	Support/print-lifecycle.mlir	print_7d_int32_t_gm.cube	1	Support	bundle-only	meta_op.mix.aic.c310.bc
4	Support/print-lifecycle.mlir	print_7d_int32_t_gm.vector	1	Support	bundle-only	meta_op.mix.aiv.c310.bc
4	Support/print-lifecycle.mlir	print_7d_int32_t_ubuf	1	Support	Debug/Debug.aiv.c310.bc	meta_op.aiv.c310.bc
4	Support/print-lifecycle.mlir	print_7d_int32_t_ubuf.vector	1	Support	bundle-only	meta_op.mix.aiv.c310.bc
4	Support/print-lifecycle.mlir	print_7d_int64_t_gm	2	Support	Debug/Debug.aic.c310.bc,Debug/Debug.aiv.c310.bc	meta_op.aic.c310.bc,meta_op.aiv.c310.bc
4	Support/print-lifecycle.mlir	print_7d_int64_t_gm.cube	1	Support	bundle-only	meta_op.mix.aic.c310.bc
4	Support/print-lifecycle.mlir	print_7d_int64_t_gm.vector	1	Support	bundle-only	meta_op.mix.aiv.c310.bc
4	Support/print-lifecycle.mlir	print_7d_int64_t_ubuf	1	Support	Debug/Debug.aiv.c310.bc	meta_op.aiv.c310.bc
4	Support/print-lifecycle.mlir	print_7d_int64_t_ubuf.vector	1	Support	bundle-only	meta_op.mix.aiv.c310.bc
4	Support/print-lifecycle.mlir	print_7d_int8_t_gm	2	Support	Debug/Debug.aic.c310.bc,Debug/Debug.aiv.c310.bc	meta_op.aic.c310.bc,meta_op.aiv.c310.bc
4	Support/print-lifecycle.mlir	print_7d_int8_t_gm.cube	1	Support	bundle-only	meta_op.mix.aic.c310.bc
4	Support/print-lifecycle.mlir	print_7d_int8_t_gm.vector	1	Support	bundle-only	meta_op.mix.aiv.c310.bc
4	Support/print-lifecycle.mlir	print_7d_int8_t_ubuf	1	Support	Debug/Debug.aiv.c310.bc	meta_op.aiv.c310.bc
4	Support/print-lifecycle.mlir	print_7d_int8_t_ubuf.vector	1	Support	bundle-only	meta_op.mix.aiv.c310.bc
4	Support/print-lifecycle.mlir	print_7d_uint16_t_gm	2	Support	Debug/Debug.aic.c310.bc,Debug/Debug.aiv.c310.bc	meta_op.aic.c310.bc,meta_op.aiv.c310.bc
4	Support/print-lifecycle.mlir	print_7d_uint16_t_gm.cube	1	Support	bundle-only	meta_op.mix.aic.c310.bc
4	Support/print-lifecycle.mlir	print_7d_uint16_t_gm.vector	1	Support	bundle-only	meta_op.mix.aiv.c310.bc
4	Support/print-lifecycle.mlir	print_7d_uint16_t_ubuf	1	Support	Debug/Debug.aiv.c310.bc	meta_op.aiv.c310.bc
4	Support/print-lifecycle.mlir	print_7d_uint16_t_ubuf.vector	1	Support	bundle-only	meta_op.mix.aiv.c310.bc
4	Support/print-lifecycle.mlir	print_7d_uint32_t_gm	2	Support	Debug/Debug.aic.c310.bc,Debug/Debug.aiv.c310.bc	meta_op.aic.c310.bc,meta_op.aiv.c310.bc
4	Support/print-lifecycle.mlir	print_7d_uint32_t_gm.cube	1	Support	bundle-only	meta_op.mix.aic.c310.bc
4	Support/print-lifecycle.mlir	print_7d_uint32_t_gm.vector	1	Support	bundle-only	meta_op.mix.aiv.c310.bc
4	Support/print-lifecycle.mlir	print_7d_uint32_t_ubuf	1	Support	Debug/Debug.aiv.c310.bc	meta_op.aiv.c310.bc
4	Support/print-lifecycle.mlir	print_7d_uint32_t_ubuf.vector	1	Support	bundle-only	meta_op.mix.aiv.c310.bc
4	Support/print-lifecycle.mlir	print_7d_uint8_t_gm	2	Support	Debug/Debug.aic.c310.bc,Debug/Debug.aiv.c310.bc	meta_op.aic.c310.bc,meta_op.aiv.c310.bc
4	Support/print-lifecycle.mlir	print_7d_uint8_t_gm.cube	1	Support	bundle-only	meta_op.mix.aic.c310.bc
4	Support/print-lifecycle.mlir	print_7d_uint8_t_gm.vector	1	Support	bundle-only	meta_op.mix.aiv.c310.bc
4	Support/print-lifecycle.mlir	print_7d_uint8_t_ubuf	1	Support	Debug/Debug.aiv.c310.bc	meta_op.aiv.c310.bc
4	Support/print-lifecycle.mlir	print_7d_uint8_t_ubuf.vector	1	Support	bundle-only	meta_op.mix.aiv.c310.bc
4	Support/print-lifecycle.mlir	print_8d_bfloat16_t_gm	2	Support	Debug/Debug.aic.c310.bc,Debug/Debug.aiv.c310.bc	meta_op.aic.c310.bc,meta_op.aiv.c310.bc
4	Support/print-lifecycle.mlir	print_8d_bfloat16_t_gm.cube	1	Support	bundle-only	meta_op.mix.aic.c310.bc
4	Support/print-lifecycle.mlir	print_8d_bfloat16_t_gm.vector	1	Support	bundle-only	meta_op.mix.aiv.c310.bc
4	Support/print-lifecycle.mlir	print_8d_bfloat16_t_ubuf	1	Support	Debug/Debug.aiv.c310.bc	meta_op.aiv.c310.bc
4	Support/print-lifecycle.mlir	print_8d_bfloat16_t_ubuf.vector	1	Support	bundle-only	meta_op.mix.aiv.c310.bc
4	Support/print-lifecycle.mlir	print_8d_bool_gm	2	Support	Debug/Debug.aic.c310.bc,Debug/Debug.aiv.c310.bc	meta_op.aic.c310.bc,meta_op.aiv.c310.bc
4	Support/print-lifecycle.mlir	print_8d_bool_gm.cube	1	Support	bundle-only	meta_op.mix.aic.c310.bc
4	Support/print-lifecycle.mlir	print_8d_bool_gm.vector	1	Support	bundle-only	meta_op.mix.aiv.c310.bc
4	Support/print-lifecycle.mlir	print_8d_bool_ubuf	1	Support	Debug/Debug.aiv.c310.bc	meta_op.aiv.c310.bc
4	Support/print-lifecycle.mlir	print_8d_bool_ubuf.vector	1	Support	bundle-only	meta_op.mix.aiv.c310.bc
4	Support/print-lifecycle.mlir	print_8d_float_gm	2	Support	Debug/Debug.aic.c310.bc,Debug/Debug.aiv.c310.bc	meta_op.aic.c310.bc,meta_op.aiv.c310.bc
4	Support/print-lifecycle.mlir	print_8d_float_gm.cube	1	Support	bundle-only	meta_op.mix.aic.c310.bc
4	Support/print-lifecycle.mlir	print_8d_float_gm.vector	1	Support	bundle-only	meta_op.mix.aiv.c310.bc
4	Support/print-lifecycle.mlir	print_8d_float_ubuf	1	Support	Debug/Debug.aiv.c310.bc	meta_op.aiv.c310.bc
4	Support/print-lifecycle.mlir	print_8d_float_ubuf.vector	1	Support	bundle-only	meta_op.mix.aiv.c310.bc
4	Support/print-lifecycle.mlir	print_8d_half_gm	2	Support	Debug/Debug.aic.c310.bc,Debug/Debug.aiv.c310.bc	meta_op.aic.c310.bc,meta_op.aiv.c310.bc
4	Support/print-lifecycle.mlir	print_8d_half_gm.cube	1	Support	bundle-only	meta_op.mix.aic.c310.bc
4	Support/print-lifecycle.mlir	print_8d_half_gm.vector	1	Support	bundle-only	meta_op.mix.aiv.c310.bc
4	Support/print-lifecycle.mlir	print_8d_half_ubuf	1	Support	Debug/Debug.aiv.c310.bc	meta_op.aiv.c310.bc
4	Support/print-lifecycle.mlir	print_8d_half_ubuf.vector	1	Support	bundle-only	meta_op.mix.aiv.c310.bc
4	Support/print-lifecycle.mlir	print_8d_int16_t_gm	2	Support	Debug/Debug.aic.c310.bc,Debug/Debug.aiv.c310.bc	meta_op.aic.c310.bc,meta_op.aiv.c310.bc
4	Support/print-lifecycle.mlir	print_8d_int16_t_gm.cube	1	Support	bundle-only	meta_op.mix.aic.c310.bc
4	Support/print-lifecycle.mlir	print_8d_int16_t_gm.vector	1	Support	bundle-only	meta_op.mix.aiv.c310.bc
4	Support/print-lifecycle.mlir	print_8d_int16_t_ubuf	1	Support	Debug/Debug.aiv.c310.bc	meta_op.aiv.c310.bc
4	Support/print-lifecycle.mlir	print_8d_int16_t_ubuf.vector	1	Support	bundle-only	meta_op.mix.aiv.c310.bc
4	Support/print-lifecycle.mlir	print_8d_int32_t_gm	2	Support	Debug/Debug.aic.c310.bc,Debug/Debug.aiv.c310.bc	meta_op.aic.c310.bc,meta_op.aiv.c310.bc
4	Support/print-lifecycle.mlir	print_8d_int32_t_gm.cube	1	Support	bundle-only	meta_op.mix.aic.c310.bc
4	Support/print-lifecycle.mlir	print_8d_int32_t_gm.vector	1	Support	bundle-only	meta_op.mix.aiv.c310.bc
4	Support/print-lifecycle.mlir	print_8d_int32_t_ubuf	1	Support	Debug/Debug.aiv.c310.bc	meta_op.aiv.c310.bc
4	Support/print-lifecycle.mlir	print_8d_int32_t_ubuf.vector	1	Support	bundle-only	meta_op.mix.aiv.c310.bc
4	Support/print-lifecycle.mlir	print_8d_int64_t_gm	2	Support	Debug/Debug.aic.c310.bc,Debug/Debug.aiv.c310.bc	meta_op.aic.c310.bc,meta_op.aiv.c310.bc
4	Support/print-lifecycle.mlir	print_8d_int64_t_gm.cube	1	Support	bundle-only	meta_op.mix.aic.c310.bc
4	Support/print-lifecycle.mlir	print_8d_int64_t_gm.vector	1	Support	bundle-only	meta_op.mix.aiv.c310.bc
4	Support/print-lifecycle.mlir	print_8d_int64_t_ubuf	1	Support	Debug/Debug.aiv.c310.bc	meta_op.aiv.c310.bc
4	Support/print-lifecycle.mlir	print_8d_int64_t_ubuf.vector	1	Support	bundle-only	meta_op.mix.aiv.c310.bc
4	Support/print-lifecycle.mlir	print_8d_int8_t_gm	2	Support	Debug/Debug.aic.c310.bc,Debug/Debug.aiv.c310.bc	meta_op.aic.c310.bc,meta_op.aiv.c310.bc
4	Support/print-lifecycle.mlir	print_8d_int8_t_gm.cube	1	Support	bundle-only	meta_op.mix.aic.c310.bc
4	Support/print-lifecycle.mlir	print_8d_int8_t_gm.vector	1	Support	bundle-only	meta_op.mix.aiv.c310.bc
4	Support/print-lifecycle.mlir	print_8d_int8_t_ubuf	1	Support	Debug/Debug.aiv.c310.bc	meta_op.aiv.c310.bc
4	Support/print-lifecycle.mlir	print_8d_int8_t_ubuf.vector	1	Support	bundle-only	meta_op.mix.aiv.c310.bc
4	Support/print-lifecycle.mlir	print_8d_uint16_t_gm	2	Support	Debug/Debug.aic.c310.bc,Debug/Debug.aiv.c310.bc	meta_op.aic.c310.bc,meta_op.aiv.c310.bc
4	Support/print-lifecycle.mlir	print_8d_uint16_t_gm.cube	1	Support	bundle-only	meta_op.mix.aic.c310.bc
4	Support/print-lifecycle.mlir	print_8d_uint16_t_gm.vector	1	Support	bundle-only	meta_op.mix.aiv.c310.bc
4	Support/print-lifecycle.mlir	print_8d_uint16_t_ubuf	1	Support	Debug/Debug.aiv.c310.bc	meta_op.aiv.c310.bc
4	Support/print-lifecycle.mlir	print_8d_uint16_t_ubuf.vector	1	Support	bundle-only	meta_op.mix.aiv.c310.bc
4	Support/print-lifecycle.mlir	print_8d_uint32_t_gm	2	Support	Debug/Debug.aic.c310.bc,Debug/Debug.aiv.c310.bc	meta_op.aic.c310.bc,meta_op.aiv.c310.bc
4	Support/print-lifecycle.mlir	print_8d_uint32_t_gm.cube	1	Support	bundle-only	meta_op.mix.aic.c310.bc
4	Support/print-lifecycle.mlir	print_8d_uint32_t_gm.vector	1	Support	bundle-only	meta_op.mix.aiv.c310.bc
4	Support/print-lifecycle.mlir	print_8d_uint32_t_ubuf	1	Support	Debug/Debug.aiv.c310.bc	meta_op.aiv.c310.bc
4	Support/print-lifecycle.mlir	print_8d_uint32_t_ubuf.vector	1	Support	bundle-only	meta_op.mix.aiv.c310.bc
4	Support/print-lifecycle.mlir	print_8d_uint8_t_gm	2	Support	Debug/Debug.aic.c310.bc,Debug/Debug.aiv.c310.bc	meta_op.aic.c310.bc,meta_op.aiv.c310.bc
4	Support/print-lifecycle.mlir	print_8d_uint8_t_gm.cube	1	Support	bundle-only	meta_op.mix.aic.c310.bc
4	Support/print-lifecycle.mlir	print_8d_uint8_t_gm.vector	1	Support	bundle-only	meta_op.mix.aiv.c310.bc
4	Support/print-lifecycle.mlir	print_8d_uint8_t_ubuf	1	Support	Debug/Debug.aiv.c310.bc	meta_op.aiv.c310.bc
4	Support/print-lifecycle.mlir	print_8d_uint8_t_ubuf.vector	1	Support	bundle-only	meta_op.mix.aiv.c310.bc
4	Support/print-lifecycle.mlir	print_scalar_bfloat16_t_gm	2	Support	Debug/Debug.aic.c310.bc,Debug/Debug.aiv.c310.bc	meta_op.aic.c310.bc,meta_op.aiv.c310.bc
4	Support/print-lifecycle.mlir	print_scalar_bfloat16_t_gm.cube	1	Support	bundle-only	meta_op.mix.aic.c310.bc
4	Support/print-lifecycle.mlir	print_scalar_bfloat16_t_gm.vector	1	Support	bundle-only	meta_op.mix.aiv.c310.bc
4	Support/print-lifecycle.mlir	print_scalar_bfloat16_t_ubuf	1	Support	Debug/Debug.aiv.c310.bc	meta_op.aiv.c310.bc
4	Support/print-lifecycle.mlir	print_scalar_bfloat16_t_ubuf.vector	1	Support	bundle-only	meta_op.mix.aiv.c310.bc
4	Support/print-lifecycle.mlir	print_scalar_bool_gm	2	Support	Debug/Debug.aic.c310.bc,Debug/Debug.aiv.c310.bc	meta_op.aic.c310.bc,meta_op.aiv.c310.bc
4	Support/print-lifecycle.mlir	print_scalar_bool_gm.cube	1	Support	bundle-only	meta_op.mix.aic.c310.bc
4	Support/print-lifecycle.mlir	print_scalar_bool_gm.vector	1	Support	bundle-only	meta_op.mix.aiv.c310.bc
4	Support/print-lifecycle.mlir	print_scalar_bool_ubuf	1	Support	Debug/Debug.aiv.c310.bc	meta_op.aiv.c310.bc
4	Support/print-lifecycle.mlir	print_scalar_bool_ubuf.vector	1	Support	bundle-only	meta_op.mix.aiv.c310.bc
4	Support/print-lifecycle.mlir	print_scalar_float_gm	2	Support	Debug/Debug.aic.c310.bc,Debug/Debug.aiv.c310.bc	meta_op.aic.c310.bc,meta_op.aiv.c310.bc
4	Support/print-lifecycle.mlir	print_scalar_float_gm.cube	1	Support	bundle-only	meta_op.mix.aic.c310.bc
4	Support/print-lifecycle.mlir	print_scalar_float_gm.vector	1	Support	bundle-only	meta_op.mix.aiv.c310.bc
4	Support/print-lifecycle.mlir	print_scalar_float_ubuf	1	Support	Debug/Debug.aiv.c310.bc	meta_op.aiv.c310.bc
4	Support/print-lifecycle.mlir	print_scalar_float_ubuf.vector	1	Support	bundle-only	meta_op.mix.aiv.c310.bc
4	Support/print-lifecycle.mlir	print_scalar_half_gm	2	Support	Debug/Debug.aic.c310.bc,Debug/Debug.aiv.c310.bc	meta_op.aic.c310.bc,meta_op.aiv.c310.bc
4	Support/print-lifecycle.mlir	print_scalar_half_gm.cube	1	Support	bundle-only	meta_op.mix.aic.c310.bc
4	Support/print-lifecycle.mlir	print_scalar_half_gm.vector	1	Support	bundle-only	meta_op.mix.aiv.c310.bc
4	Support/print-lifecycle.mlir	print_scalar_half_ubuf	1	Support	Debug/Debug.aiv.c310.bc	meta_op.aiv.c310.bc
4	Support/print-lifecycle.mlir	print_scalar_half_ubuf.vector	1	Support	bundle-only	meta_op.mix.aiv.c310.bc
4	Support/print-lifecycle.mlir	print_scalar_int16_t_gm	2	Support	Debug/Debug.aic.c310.bc,Debug/Debug.aiv.c310.bc	meta_op.aic.c310.bc,meta_op.aiv.c310.bc
4	Support/print-lifecycle.mlir	print_scalar_int16_t_gm.cube	1	Support	bundle-only	meta_op.mix.aic.c310.bc
4	Support/print-lifecycle.mlir	print_scalar_int16_t_gm.vector	1	Support	bundle-only	meta_op.mix.aiv.c310.bc
4	Support/print-lifecycle.mlir	print_scalar_int16_t_ubuf	1	Support	Debug/Debug.aiv.c310.bc	meta_op.aiv.c310.bc
4	Support/print-lifecycle.mlir	print_scalar_int16_t_ubuf.vector	1	Support	bundle-only	meta_op.mix.aiv.c310.bc
4	Support/print-lifecycle.mlir	print_scalar_int32_t_gm	2	Support	Debug/Debug.aic.c310.bc,Debug/Debug.aiv.c310.bc	meta_op.aic.c310.bc,meta_op.aiv.c310.bc
4	Support/print-lifecycle.mlir	print_scalar_int32_t_gm.cube	1	Support	bundle-only	meta_op.mix.aic.c310.bc
4	Support/print-lifecycle.mlir	print_scalar_int32_t_gm.vector	1	Support	bundle-only	meta_op.mix.aiv.c310.bc
4	Support/print-lifecycle.mlir	print_scalar_int32_t_ubuf	1	Support	Debug/Debug.aiv.c310.bc	meta_op.aiv.c310.bc
4	Support/print-lifecycle.mlir	print_scalar_int32_t_ubuf.vector	1	Support	bundle-only	meta_op.mix.aiv.c310.bc
4	Support/print-lifecycle.mlir	print_scalar_int64_t_gm	2	Support	Debug/Debug.aic.c310.bc,Debug/Debug.aiv.c310.bc	meta_op.aic.c310.bc,meta_op.aiv.c310.bc
4	Support/print-lifecycle.mlir	print_scalar_int64_t_gm.cube	1	Support	bundle-only	meta_op.mix.aic.c310.bc
4	Support/print-lifecycle.mlir	print_scalar_int64_t_gm.vector	1	Support	bundle-only	meta_op.mix.aiv.c310.bc
4	Support/print-lifecycle.mlir	print_scalar_int64_t_ubuf	1	Support	Debug/Debug.aiv.c310.bc	meta_op.aiv.c310.bc
4	Support/print-lifecycle.mlir	print_scalar_int64_t_ubuf.vector	1	Support	bundle-only	meta_op.mix.aiv.c310.bc
4	Support/print-lifecycle.mlir	print_scalar_int8_t_gm	2	Support	Debug/Debug.aic.c310.bc,Debug/Debug.aiv.c310.bc	meta_op.aic.c310.bc,meta_op.aiv.c310.bc
4	Support/print-lifecycle.mlir	print_scalar_int8_t_gm.cube	1	Support	bundle-only	meta_op.mix.aic.c310.bc
4	Support/print-lifecycle.mlir	print_scalar_int8_t_gm.vector	1	Support	bundle-only	meta_op.mix.aiv.c310.bc
4	Support/print-lifecycle.mlir	print_scalar_int8_t_ubuf	1	Support	Debug/Debug.aiv.c310.bc	meta_op.aiv.c310.bc
4	Support/print-lifecycle.mlir	print_scalar_int8_t_ubuf.vector	1	Support	bundle-only	meta_op.mix.aiv.c310.bc
4	Support/print-lifecycle.mlir	print_scalar_uint16_t_gm	2	Support	Debug/Debug.aic.c310.bc,Debug/Debug.aiv.c310.bc	meta_op.aic.c310.bc,meta_op.aiv.c310.bc
4	Support/print-lifecycle.mlir	print_scalar_uint16_t_gm.cube	1	Support	bundle-only	meta_op.mix.aic.c310.bc
4	Support/print-lifecycle.mlir	print_scalar_uint16_t_gm.vector	1	Support	bundle-only	meta_op.mix.aiv.c310.bc
4	Support/print-lifecycle.mlir	print_scalar_uint16_t_ubuf	1	Support	Debug/Debug.aiv.c310.bc	meta_op.aiv.c310.bc
4	Support/print-lifecycle.mlir	print_scalar_uint16_t_ubuf.vector	1	Support	bundle-only	meta_op.mix.aiv.c310.bc
4	Support/print-lifecycle.mlir	print_scalar_uint32_t_gm	2	Support	Debug/Debug.aic.c310.bc,Debug/Debug.aiv.c310.bc	meta_op.aic.c310.bc,meta_op.aiv.c310.bc
4	Support/print-lifecycle.mlir	print_scalar_uint32_t_gm.cube	1	Support	bundle-only	meta_op.mix.aic.c310.bc
4	Support/print-lifecycle.mlir	print_scalar_uint32_t_gm.vector	1	Support	bundle-only	meta_op.mix.aiv.c310.bc
4	Support/print-lifecycle.mlir	print_scalar_uint32_t_ubuf	1	Support	Debug/Debug.aiv.c310.bc	meta_op.aiv.c310.bc
4	Support/print-lifecycle.mlir	print_scalar_uint32_t_ubuf.vector	1	Support	bundle-only	meta_op.mix.aiv.c310.bc
4	Support/print-lifecycle.mlir	print_scalar_uint8_t_gm	2	Support	Debug/Debug.aic.c310.bc,Debug/Debug.aiv.c310.bc	meta_op.aic.c310.bc,meta_op.aiv.c310.bc
4	Support/print-lifecycle.mlir	print_scalar_uint8_t_gm.cube	1	Support	bundle-only	meta_op.mix.aic.c310.bc
4	Support/print-lifecycle.mlir	print_scalar_uint8_t_gm.vector	1	Support	bundle-only	meta_op.mix.aiv.c310.bc
4	Support/print-lifecycle.mlir	print_scalar_uint8_t_ubuf	1	Support	Debug/Debug.aiv.c310.bc	meta_op.aiv.c310.bc
4	Support/print-lifecycle.mlir	print_scalar_uint8_t_ubuf.vector	1	Support	bundle-only	meta_op.mix.aiv.c310.bc
4	Support/runtime-sync.mlir	free_lock_var	1	Support	bundle-only	meta_op.aiv.c310.bc
4	Support/runtime-sync.mlir	free_lock_var_unordered	1	Support	bundle-only	meta_op.aiv.c310.bc
4	Support/runtime-sync.mlir	free_lock_var_with_subblock	1	Support	bundle-only	meta_op.aiv.c310.bc
4	Support/runtime-sync.mlir	sync_block_lock	1	Support	bundle-only	meta_op.aiv.c310.bc
4	Support/runtime-sync.mlir	sync_block_lock_unordered	1	Support	bundle-only	meta_op.aiv.c310.bc
4	Support/runtime-sync.mlir	sync_block_lock_with_subblock	1	Support	bundle-only	meta_op.aiv.c310.bc
4	Support/runtime-sync.mlir	sync_block_unlock	1	Support	bundle-only	meta_op.aiv.c310.bc
4	Support/runtime-sync.mlir	sync_block_unlock_unordered	1	Support	bundle-only	meta_op.aiv.c310.bc
4	Support/runtime-sync.mlir	sync_block_unlock_with_subblock	1	Support	bundle-only	meta_op.aiv.c310.bc
4	Support/vector-debug.mlir	finish_debug.vector	1	Support	bundle-only	meta_op.mix.aiv.c310.bc
4	Support/vector-debug.mlir	init_debug.vector	1	Support	bundle-only	meta_op.mix.aiv.c310.bc
